Juridisk navn,Adresse,Kommune,Startdato,Antal ansatte,Størrelse,Selskabsform,CVR-nr,Selskabskapital,Bruttofortjeneste,Valuta,År for beregning,Kunde,Coating kunde,NACE-2,Bygning af både til fritid og sport,Fremstilling af civile luft- og rumfartøjer o.lign.,Bygning af militærfartøjer,Fremstilling af cykler og kørestole,Fremstilling af andre transportmidler i.a.n.,Fremstilling af motorcykler,Fremstilling af lokomotiver og andet rullende materiel til jernbaner og sporveje,Bygning af civile skibe og flydende materiel,Fremstilling af militære kampkøretøjer,Fremstilling af militære luft- og rumfartøjer o.lign.
BENAIR A/S,"Fabriksvej 2, 7280 Sønder Felding",Herning,01.04.1989,9.0,Mikro,Aktieselskab,12966377,2.0,4420000.0,DKK,2023.0,0,0,30,,1.0,0.0,0.0,0.0,0.0,0.0,0.0,0.0,0.0
FarmSportATV ApS,"Lillegade 15, 4244 Agersø",Slagelse,22.05.2008,Ikke oplyst,Ikke oplyst,Anpartsselskab,31469139,125.0,-212000.0,DKK,2024.0,0,0,30,1.0,0.0,0.0,0.0,0.0,0.0,0.0,0.0,0.0,0.0
BY CONNIEHANSEN 2015 ApS,"Byåsen 18, 3660 Stenløse",Egedal,01.01.2015,6.0,Mikro,Anpartsselskab,36487305,50.0,2038000.0,DKK,2023.0,0,0,30,,0.0,0.0,1.0,0.0,0.0,0.0,0.0,0.0,0.0
P V SYSTEM ApS,"Ved Gadekæret 1, 3550 Slangerup",Frederikssund,01.01.1992,Ikke oplyst,Ikke oplyst,Anpartsselskab,15951842,200.0,1000.0,DKK,2024.0,0,0,30,,0.0,0.0,0.0,1.0,0.0,0.0,0.0,0.0,0.0
Cykelfabrikanten ApS,"Kællingbjerg 5, 5592 Ejby",Middelfart,29.03.2023,Ikke oplyst,Ikke oplyst,Anpartsselskab,43955055,40.0,-72000.0,DKK,2024.0,0,0,30,,0.0,0.0,1.0,0.0,0.0,0.0,0.0,0.0,0.0
Vision Boat ApS,"Fåborgvej 104, 5762 Vester Skerninge",Svendborg,13.02.2017,1.0,Mikro,Anpartsselskab,38412493,50.0,189000.0,DKK,2024.0,0,0,30,1.0,0.0,0.0,0.0,0.0,0.0,0.0,0.0,0.0,0.0
HC 2023 ApS,"Strandvejen 433 2 th, 2930 Klampenborg",Lyngby-Taarbæk,23.10.2018,Ikke oplyst,Ikke oplyst,Anpartsselskab,39964333,83.0,-924000.0,DKK,2023.0,0,0,30,,0.0,0.0,1.0,0.0,0.0,0.0,0.0,0.0,0.0
SENEBERG SHOCKS ApS,"Grønholtvej 16, 3480 Fredensborg",Fredensborg,07.11.2009,13.0,Lille,Anpartsselskab,32562639,250.0,6774000.0,DKK,2023.0,1,0,30,,0.0,0.0,0.0,0.0,0.0,1.0,0.0,0.0,0.0
Mbodji & Laursen Boat Building ApS,"Gl Vallerødvej 29, 2960 Rungsted Kyst",Hørsholm,25.06.2018,Ikke oplyst,Ikke oplyst,Anpartsselskab,39679841,51.0,-28000.0,DKK,2024.0,0,0,30,1.0,0.0,0.0,0.0,0.0,0.0,0.0,0.0,0.0,0.0
Nosira ApS,"Gundslevmagle Skovvej 3, 4863 Eskilstrup",Guldborgsund,13.10.2022,2.0,Mikro,Anpartsselskab,43576887,40.0,-142000.0,DKK,2024.0,0,0,30,,0.0,0.0,1.0,0.0,0.0,0.0,0.0,0.0,0.0
Nordic EMT ApS,"Nordborgvej 69, 6430 Nordborg",Sønderborg,26.03.2014,Ikke oplyst,Ikke oplyst,Anpartsselskab,35813683,40.0,-6000.0,DKK,2023.0,0,0,30,,0.0,0.0,0.0,1.0,0.0,0.0,0.0,0.0,0.0
DINES AVITECH ApS,"Sivvænget 3, 4622 Havdrup",Solrød,12.06.2006,1.0,Mikro,Anpartsselskab,29616760,125.0,630000.0,DKK,2024.0,0,0,30,,1.0,0.0,0.0,0.0,0.0,0.0,0.0,0.0,0.0
Lusospace Denmark ApS,"Rådhuspladsen 16, 1550 København V",København,12.11.2015,Ikke oplyst,Ikke oplyst,Anpartsselskab,37225495,40.0,-42000.0,DKK,2023.0,0,0,30,,1.0,0.0,0.0,0.0,0.0,0.0,0.0,0.0,0.0
R-Tec Industries ApS,"Nyvej 12, 8543 Hornslet",Syddjurs,29.04.2016,1.0,Mikro,Anpartsselskab,37677477,50.0,801000.0,DKK,2024.0,0,0,30,1.0,0.0,0.0,0.0,0.0,0.0,0.0,0.0,0.0,0.0
JØRGENSEN BYG ApS,"Asmild Dige 19, 8800 Viborg",Viborg,02.10.2014,1.0,Mikro,Anpartsselskab,36405279,50.0,-48000.0,DKK,2023.0,0,0,30,1.0,0.0,0.0,0.0,0.0,0.0,0.0,0.0,0.0,0.0
Balthire ApS,"Fiskerikajerne 20, 8500 Grenaa",Norddjurs,12.08.2016,Ikke oplyst,Ikke oplyst,Anpartsselskab,37930865,50.0,200000.0,DKK,2023.0,0,0,30,,0.0,0.0,1.0,0.0,0.0,0.0,0.0,0.0,0.0
R82 A/S,"Parallelvej 3, 8751 Gedved",Horsens,22.06.1992,175.0,Mellemstor,Aktieselskab,16202185,4.785,76911000.0,DKK,2023.0,1,0,30,,0.0,0.0,1.0,0.0,0.0,0.0,0.0,0.0,0.0
Nimbus Motorcycles Holding A/S,"Ubberødvej 22, 2970 Hørsholm",Hørsholm,28.09.2020,Ikke oplyst,Ikke oplyst,Aktieselskab,41717823,1.195,-1412000.0,DKK,2023.0,0,0,30,,0.0,0.0,0.0,0.0,1.0,0.0,0.0,0.0,0.0
MOLYTEX A/S,"Smedeland 12, 2600 Glostrup",Glostrup,07.01.1972,30.0,Lille,Aktieselskab,42677612,2.0,3714000.0,DKK,2024.0,1,0,30,,0.0,0.0,0.0,0.0,0.0,1.0,0.0,0.0,0.0
Classic Trim Aircraft Interiors ApS,"Hestehavevej 22, 5856 Ryslinge",Faaborg-Midtfyn,26.08.2021,Ikke oplyst,Ikke oplyst,Anpartsselskab,42630772,40.0,361000.0,DKK,2024.0,0,0,30,,1.0,0.0,0.0,0.0,0.0,0.0,0.0,0.0,0.0
PI BOAT ApS,"Arnborgvej 37, 6900 Skjern",Ringkøbing-Skjern,01.03.2012,Ikke oplyst,Ikke oplyst,Anpartsselskab,34455228,80.0,-10000.0,DKK,2024.0,0,0,30,1.0,0.0,0.0,0.0,0.0,0.0,0.0,0.0,0.0,0.0
Mercosur-Care ApS,"Håndværkervej 1, 9700 Brønderslev",Brønderslev-Dronninglund,22.05.2023,Ikke oplyst,Ikke oplyst,Anpartsselskab,44075407,40.0,-16000.0,DKK,2023.0,0,0,30,,0.0,0.0,1.0,0.0,0.0,0.0,0.0,0.0,0.0
LARRY VS HARRY ApS,"Esromgade 15 st, 2200 København N",København,17.01.2008,22.0,Lille,Anpartsselskab,31187699,125.0,15672000.0,DKK,2023.0,0,0,30,,0.0,0.0,1.0,0.0,0.0,0.0,0.0,0.0,0.0
GOMSPACE A/S,"Langagervej 6, 9220 Aalborg Øst",Aalborg,28.09.2007,137.0,Mellemstor,Aktieselskab,30899849,15.276,3115000.0,DKK,2023.0,1,0,30,,1.0,0.0,0.0,0.0,0.0,0.0,0.0,0.0,0.0
Asasara ApS,"Vestergade 8 B, 4850 Stubbekøbing",Guldborgsund,24.10.2019,Ikke oplyst,Ikke oplyst,Anpartsselskab,40956883,40.0,71000.0,DKK,2023.0,0,0,30,,0.0,0.0,1.0,0.0,0.0,0.0,0.0,0.0,0.0
AUTO-GYRO NORDIC ApS,"Nordstjernen 6, 3390 Hundested",Halsnæs,01.02.2012,Ikke oplyst,Ikke oplyst,Anpartsselskab,34224684,80.0,124000.0,DKK,2023.0,0,0,30,,1.0,0.0,0.0,0.0,0.0,0.0,0.0,0.0,0.0
CPH Shipyard ApS,"Vesterlundvej 5, 2730 Herlev",Herlev,07.05.2016,Ikke oplyst,Ikke oplyst,Anpartsselskab,37668079,50.0,-10000.0,DKK,2023.0,0,0,30,,0.0,0.0,0.0,0.0,0.0,0.0,1.0,0.0,0.0
RAVENDO A/S,"Klokkestøbervej 3, 8800 Viborg",Viborg,30.05.2006,44.0,Lille,Aktieselskab,29604045,500.0,20571000.0,DKK,2023.0,1,0,30,,0.0,0.0,0.0,1.0,0.0,0.0,0.0,0.0,0.0
Miljø Bevidst Genbrug ApS,"Valhøjs Alle 157, 2610 Rødovre",Rødovre,04.04.2018,Ikke oplyst,Ikke oplyst,Anpartsselskab,39487780,40.0,0.0,DKK,2024.0,0,0,30,1.0,0.0,0.0,0.0,0.0,0.0,0.0,0.0,0.0,0.0
SUNTRAIL ApS,"Saloparken 319, 8300 Odder",Odder,18.12.2001,Ikke oplyst,Ikke oplyst,Anpartsselskab,26370124,125.0,88000.0,DKK,2023.0,0,0,30,,0.0,0.0,0.0,1.0,0.0,0.0,0.0,0.0,0.0
WOLTURNUS A/S,"Skalhuse 31, 9240 Nibe",Aalborg,21.02.2002,81.0,Mellemstor,Aktieselskab,26486734,625.0,50267000.0,DKK,2024.0,1,0,30,,0.0,0.0,1.0,0.0,0.0,0.0,0.0,0.0,0.0
Laplandar ApS,"Skovvej 9, 2930 Klampenborg",Lyngby-Taarbæk,21.11.2019,6.0,Mikro,Anpartsselskab,40948821,88.0,-536000.0,DKK,2023.0,0,0,30,,0.0,0.0,1.0,0.0,0.0,0.0,0.0,0.0,0.0
B-Bikes ApS,"Møllesvinget 6, 2690 Karlslunde",Greve,26.09.2018,36.0,Lille,Anpartsselskab,39892499,50.0,19637000.0,DKK,2023.0,0,0,30,,0.0,0.0,1.0,0.0,0.0,0.0,0.0,0.0,0.0
Supermarine Performance Boats ApS,"Salbjergvej 43, 4622 Havdrup",Solrød,23.03.2021,Ikke oplyst,Ikke oplyst,Anpartsselskab,42250996,40.0,-1000.0,DKK,2024.0,0,0,30,1.0,0.0,0.0,0.0,0.0,0.0,0.0,0.0,0.0,0.0
NIELGARD A/S,"Tørveskæret 7, 8800 Viborg",Viborg,20.12.2013,7.0,Mikro,Aktieselskab,25664574,500.0,1770000.0,DKK,2024.0,0,0,30,,0.0,0.0,0.0,0.0,0.0,1.0,0.0,0.0,0.0
HAGLAND SHIPBROKERS ApS,"Nyhavnsgade 37, 6700 Esbjerg",Esbjerg,29.06.2007,8.0,Mikro,Anpartsselskab,30703030,150.0,3294000.0,DKK,2023.0,0,0,30,,0.0,0.0,0.0,0.0,0.0,0.0,1.0,0.0,0.0
Copenhagen Boat House ApS,"Vennemindevej 54 4 th, 2100 København Ø",København,24.10.2018,Ikke oplyst,Ikke oplyst,Anpartsselskab,39966069,40.0,-3000.0,DKK,2024.0,0,0,30,,0.0,0.0,0.0,0.0,0.0,0.0,1.0,0.0,0.0
CAMPBOAT ApS,"Leragervej 8, 4200 Slagelse",Slagelse,25.06.2011,1.0,Mikro,Anpartsselskab,33772645,80.0,515000.0,DKK,2024.0,0,0,30,1.0,0.0,0.0,0.0,0.0,0.0,0.0,0.0,0.0,0.0
PF MOBILITY ApS,"Bjerregårdvej 15, 7480 Vildbjerg",Herning,15.11.1999,24.0,Lille,Anpartsselskab,25059026,125.0,14462000.0,DKK,2023.0,0,0,30,,0.0,0.0,1.0,0.0,0.0,0.0,0.0,0.0,0.0
Zunshine Produktion ApS,"Haraldsvej 60 1, 8960 Randers SØ",Randers,14.11.2022,2.0,Mikro,Anpartsselskab,43649477,40.0,-282000.0,DKK,2023.0,0,0,30,,0.0,0.0,0.0,0.0,0.0,0.0,1.0,0.0,0.0
A/S AABENTOFT,"Løgtenvej 93, 8541 Skødstrup",Århus,26.11.1984,27.0,Lille,Aktieselskab,59148710,525.0,12490000.0,DKK,2024.0,0,0,30,,0.0,0.0,1.0,0.0,0.0,0.0,0.0,0.0,0.0
WINNER OPTIMIST ApS,"Krogsbjergvej 6, 5600 Faaborg",Faaborg-Midtfyn,20.09.2002,15.0,Lille,Anpartsselskab,26792290,126.0,3524000.0,DKK,2024.0,0,0,30,1.0,0.0,0.0,0.0,0.0,0.0,0.0,0.0,0.0,0.0
TA. SERVICE A/S,"Centervej Syd 2, 4733 Tappernøje",Næstved,15.04.1992,24.0,Lille,Aktieselskab,16068985,500.0,16727000.0,DKK,2023.0,0,0,30,,0.0,0.0,1.0,0.0,0.0,0.0,0.0,0.0,0.0
BB 2024 ApS,"Vestre Kaj 50 B, 4970 Rødby",Lolland,01.01.1994,7.0,Mikro,Anpartsselskab,17643231,202.0,6694000.0,DKK,2023.0,0,0,30,,0.0,0.0,0.0,0.0,0.0,0.0,1.0,0.0,0.0
B IVERSEN HOLDING ApS,"Søparken 27, 6630 Rødding",Vejen,18.02.2010,Ikke oplyst,Ikke oplyst,Anpartsselskab,32775446,126.0,-37000.0,DKK,2024.0,0,0,30,,1.0,0.0,0.0,0.0,0.0,0.0,0.0,0.0,0.0
Nordic Wing ApS,"Hangarvej 21, 3500 Værløse",Furesø,01.02.2018,39.0,Lille,Anpartsselskab,39323559,110.0,56011000.0,DKK,2024.0,0,0,30,,1.0,0.0,0.0,0.0,0.0,0.0,0.0,0.0,0.0
Agile 360 ApS,"Skanderborgvej 232 A st, 8260 Viby J",Århus,29.09.2015,Ikke oplyst,Ikke oplyst,Anpartsselskab,37127965,50.0,-10000.0,DKK,2023.0,0,0,30,,0.0,0.0,1.0,0.0,0.0,0.0,0.0,0.0,0.0
Lysthusbåd ApS,"Langesø-Alle 4, 8410 Rønde",Syddjurs,17.04.2020,1.0,Mikro,Anpartsselskab,41308826,50.0,19000.0,DKK,2024.0,0,0,30,1.0,0.0,0.0,0.0,0.0,0.0,0.0,0.0,0.0,0.0
FERRO-TEKNIK ApS,"Grimhøjvej 10, 8220 Brabrand",Århus,28.01.2005,15.0,Lille,Anpartsselskab,28480970,188.0,7899000.0,DKK,2024.0,0,0,30,,0.0,0.0,0.0,1.0,0.0,0.0,0.0,0.0,0.0
BLACK IRON HORSE APS,"Skøjtevej 11, 2770 Kastrup",Tårnby,01.01.2019,28.0,Lille,Anpartsselskab,40135103,544.0,2993000.0,DKK,2023.0,0,0,30,,0.0,0.0,1.0,0.0,0.0,0.0,0.0,0.0,0.0
Trefork Rosport ApS,"Tysklandsvej 4, 7100 Vejle",Vejle,01.02.2024,2.0,Mikro,Anpartsselskab,44605473,50.0,683000.0,DKK,2024.0,0,0,30,1.0,0.0,0.0,0.0,0.0,0.0,0.0,0.0,0.0,0.0
BUTCHERS & BICYCLES ApS,"Flæsketorvet 18, 1711 København V",København,30.09.2010,11.0,Lille,Anpartsselskab,33166516,4.968,393000.0,DKK,2023.0,0,0,30,,0.0,0.0,1.0,0.0,0.0,0.0,0.0,0.0,0.0
Dansk Marine Center A/S,"Brorholtvej 36, 9430 Vadum",Aalborg,29.06.1992,2.0,Mikro,Aktieselskab,16288640,2.0,2269000.0,DKK,2023.0,0,0,30,1.0,0.0,0.0,0.0,0.0,0.0,0.0,0.0,0.0,0.0
Njordship ApS,"Islandsvej 5, 5700 Svendborg",Svendborg,01.05.2019,2.0,Mikro,Anpartsselskab,40497285,50.0,-1669000.0,DKK,2024.0,0,0,30,,0.0,0.0,0.0,0.0,0.0,0.0,1.0,0.0,0.0
Per's Boatshop Aps,"Hobrovej 132, 9670 Løgstør",Vesthimmerland,30.10.2022,Ikke oplyst,Ikke oplyst,Anpartsselskab,43617079,40.0,-51000.0,DKK,2023.0,0,0,30,1.0,0.0,0.0,0.0,0.0,0.0,0.0,0.0,0.0,0.0
Sarvo Marine ApS,"Oscar Pettifords Vej 17 1 th, 2450 København SV",København,18.04.2018,Ikke oplyst,Ikke oplyst,Anpartsselskab,39528924,100.0,-93000.0,DKK,2024.0,0,0,30,1.0,0.0,0.0,0.0,0.0,0.0,0.0,0.0,0.0,0.0
BLUNICO A/S,"Fuglevangsvej 58, 8700 Horsens",Horsens,28.06.1984,44.0,Lille,Aktieselskab,75119828,2.1,26011000.0,DKK,2024.0,1,0,30,,0.0,0.0,0.0,1.0,0.0,0.0,0.0,0.0,0.0
EOWS ApS,"Gasværksvej 5, 9300 Sæby",Frederikshavn,31.08.2016,71.0,Mellemstor,Anpartsselskab,37969885,50.0,46588000.0,DKK,2023.0,0,0,30,,0.0,0.0,0.0,0.0,0.0,0.0,1.0,0.0,0.0
EL-LET ApS,"Mellemvej 7, 6430 Nordborg",Sønderborg,06.07.1994,5.0,Mikro,Anpartsselskab,17915274,200.0,1505000.0,DKK,2024.0,0,0,30,,0.0,0.0,1.0,0.0,0.0,0.0,0.0,0.0,0.0
TERMA AEROSTRUCTURES A/S,"Fabrikvej 1, 8500 Grenaa",Norddjurs,30.04.2013,485.0,Stor,Aktieselskab,35236252,5.0,174119000.0,DKK,2024.0,1,0,30,,1.0,0.0,0.0,0.0,0.0,0.0,0.0,0.0,0.0
ILL MOTO ApS,"Gjellerupvej 105, 8220 Brabrand",Århus,19.06.2023,2.0,Mikro,Anpartsselskab,44160935,56.0,-32000.0,DKK,2023.0,0,0,30,,0.0,0.0,0.0,0.0,1.0,0.0,0.0,0.0,0.0
Glastech Industries ApS,"Søndre Havnekaj 19, 5300 Kerteminde",Kerteminde,10.10.2014,Ikke oplyst,Ikke oplyst,Anpartsselskab,36414618,50.0,-19000.0,DKK,2024.0,0,0,30,1.0,0.0,0.0,0.0,0.0,0.0,0.0,0.0,0.0,0.0
A. WINTHER A/S,"Rygesmindevej 2, 8653 Them",Silkeborg,20.03.1992,68.0,Mellemstor,Aktieselskab,16048607,12.0,50514000.0,DKK,2024.0,1,0,30,,0.0,0.0,1.0,0.0,0.0,0.0,0.0,0.0,0.0
BERTH EJENDOMME ApS,"Strandvejen 93 B, 3070 Snekkersten",Helsingør,28.06.2013,Ikke oplyst,Ikke oplyst,Anpartsselskab,35401148,387.0,1377000.0,DKK,2023.0,0,0,30,,0.0,0.0,0.0,1.0,0.0,0.0,0.0,0.0,0.0
QUORNING BOATS ApS,"Skærbækvej 101, 7000 Fredericia",Fredericia,29.09.1995,59.0,Mellemstor,Anpartsselskab,18888378,200.0,44571000.0,DKK,2024.0,0,0,30,1.0,0.0,0.0,0.0,0.0,0.0,0.0,0.0,0.0,0.0
NORTH EAST HOLDINGS ApS,"Rosenvangs Allé 41, 8260 Viby J",Århus,06.02.2009,Ikke oplyst,Ikke oplyst,Anpartsselskab,32057349,125.0,452000.0,DKK,2023.0,0,0,30,,0.0,0.0,0.0,0.0,0.0,0.0,1.0,0.0,0.0
SKY-WATCH A/S,"Østre Alle 6, 9530 Støvring",Rebild,01.12.2009,111.0,Mellemstor,Aktieselskab,32653847,1.0,124825000.0,DKK,2023.0,0,0,30,,1.0,0.0,0.0,0.0,0.0,0.0,0.0,0.0,0.0
R. Teknik ApS,"Møllevej 6, 8420 Knebel",Syddjurs,10.01.2019,1.0,Mikro,Anpartsselskab,40155023,50.0,253000.0,DKK,2023.0,0,0,30,1.0,0.0,0.0,0.0,0.0,0.0,0.0,0.0,0.0,0.0
General Dynamics European Land Systems Denmark ApS,"H.C. Andersens Boulevard 38 3 th, 1553 København V",København,15.01.2016,1.0,Mikro,Anpartsselskab,37389870,50.0,1264000.0,DKK,2023.0,0,0,30,,0.0,0.0,0.0,0.0,0.0,0.0,0.0,1.0,0.0
WATERCONSTRUCT ApS,"Egernæs 16, 4390 Vipperød",Holbæk,23.02.2016,Ikke oplyst,Ikke oplyst,Anpartsselskab,37490466,50.0,-15000.0,DKK,2024.0,0,0,30,1.0,0.0,0.0,0.0,0.0,0.0,0.0,0.0,0.0,0.0
C. J. SKIBS- OG BÅDEBYGGERI ApS,"Havnevej 15, 6320 Egernsund",Sønderborg,01.09.1989,11.0,Lille,Anpartsselskab,13445494,200.0,5641000.0,DKK,2024.0,0,0,30,,0.0,0.0,0.0,0.0,0.0,0.0,1.0,0.0,0.0
TCR DENMARK ApS,"Vilhelm Lauritzens Alle 1, 2770 Kastrup",Tårnby,30.09.2008,42.0,Lille,Anpartsselskab,31768209,100.0,43458000.0,DKK,2024.0,0,0,30,,1.0,0.0,0.0,0.0,0.0,0.0,0.0,0.0,0.0
Knorr-Bremse Rail Systems Denmark ApS,"Otto Busses Vej 27, 2450 København SV",København,21.10.2020,456.0,Stor,Anpartsselskab,41777583,40.0,188223000.0,DKK,2023.0,0,0,30,,0.0,0.0,0.0,0.0,0.0,1.0,0.0,0.0,0.0
VESTVÆRFTET ApS,"Nordhavnskaj 12, 6960 Hvide Sande",Ringkøbing-Skjern,08.11.1995,56.0,Mellemstor,Anpartsselskab,18915642,200.0,21143000.0,DKK,2024.0,0,0,30,,0.0,0.0,0.0,0.0,0.0,0.0,1.0,0.0,0.0
VISION MAST ApS,"Søndre Havnekaj 19, 5300 Kerteminde",Kerteminde,22.10.2014,Ikke oplyst,Ikke oplyst,Anpartsselskab,36419768,50.0,49000.0,DKK,2024.0,0,0,30,1.0,0.0,0.0,0.0,0.0,0.0,0.0,0.0,0.0,0.0
Human Walking ApS,"Sandagervej 18 B, 5854 Gislev",Faaborg-Midtfyn,31.01.2017,Ikke oplyst,Ikke oplyst,Anpartsselskab,38387502,100.0,-116000.0,DKK,2023.0,0,0,30,,0.0,0.0,1.0,0.0,0.0,0.0,0.0,0.0,0.0
SEALEGS DENMARK ApS,"Nobilisvej 8, 9320 Hjallerup",Brønderslev-Dronninglund,20.06.2013,Ikke oplyst,Ikke oplyst,Anpartsselskab,35383123,80.0,35000.0,DKK,2024.0,0,0,30,,0.0,0.0,0.0,0.0,0.0,0.0,1.0,0.0,0.0
BOATPLANS ApS,"Hyldvej 1 A, 4540 Fårevejle",Odsherred,30.05.2011,Ikke oplyst,Ikke oplyst,Anpartsselskab,33752113,81.0,82000.0,DKK,2023.0,0,0,30,1.0,0.0,0.0,0.0,0.0,0.0,0.0,0.0,0.0,0.0
DANSK CYKEL TRAILER FABRIK ApS,"Industrivej 78, 7080 Børkop",Vejle,01.05.2002,1.0,Mikro,Anpartsselskab,26621402,125.0,251000.0,DKK,2024.0,0,0,30,,0.0,0.0,1.0,0.0,0.0,0.0,0.0,0.0,0.0
Poseidon Shipbuilding ApS,"Strandvejen 178, 2920 Charlottenlund",Gentofte,25.03.2015,Ikke oplyst,Ikke oplyst,Anpartsselskab,36695935,50.0,-366000.0,DKK,2024.0,0,0,30,1.0,0.0,0.0,0.0,0.0,0.0,0.0,0.0,0.0,0.0
KENTEK FLYDEBROER ApS,"Andruplundvej 4, 6705 Esbjerg Ø",Esbjerg,22.12.2010,Ikke oplyst,Ikke oplyst,Anpartsselskab,33373309,80.0,916000.0,DKK,2023.0,0,0,30,,0.0,0.0,0.0,0.0,0.0,0.0,1.0,0.0,0.0
KARSTENSENS SKIBSVÆRFT A/S,"Vestre Strandvej 17, 9990 Skagen",Frederikshavn,29.06.1987,422.0,Stor,Aktieselskab,10859581,1.0,206652000.0,DKK,2023.0,0,0,30,,0.0,0.0,0.0,0.0,0.0,0.0,1.0,0.0,0.0
Floatinghome.DK ApS,"Dokvej 3, 5985 Søby Ærø",Ærø,06.03.2019,Ikke oplyst,Ikke oplyst,Anpartsselskab,40336206,50.0,170000.0,DKK,2023.0,0,0,30,1.0,0.0,0.0,0.0,0.0,0.0,0.0,0.0,0.0,0.0
ØSTERBY SKIBSVÆRFT ApS,"Skovsgårdvej 9, 9500 Hobro",Mariagerfjord,30.01.2008,Ikke oplyst,Ikke oplyst,Anpartsselskab,31251850,125.0,-53000.0,DKK,2023.0,0,0,30,,0.0,0.0,0.0,0.0,0.0,0.0,1.0,0.0,0.0
Ferup Stål ApS,"Harager 18, 6640 Lunderskov",Kolding,30.11.2017,1.0,Mikro,Anpartsselskab,39133091,40.0,342000.0,DKK,2023.0,0,0,30,,0.0,0.0,0.0,0.0,0.0,0.0,1.0,0.0,0.0
HVACON Marine Systems A/S,"Elsenbakken 13, 3600 Frederikssund",Frederikssund,20.11.2009,28.0,Lille,Aktieselskab,32643434,2.745,58705000.0,DKK,2024.0,0,0,30,,0.0,0.0,0.0,0.0,0.0,0.0,1.0,0.0,0.0
TORNADO BOATS INTERNATIONAL ApS,"Skæringvej 107, 8520 Lystrup",Århus,01.02.1991,10.0,Lille,Anpartsselskab,14897070,200.0,2201000.0,DKK,2024.0,0,0,30,1.0,0.0,1.0,0.0,0.0,0.0,0.0,0.0,0.0,0.0
CCS MAINTENANCE ApS,"Kompasrosevej 2, 2791 Dragør",Tårnby,27.11.2008,11.0,Lille,Anpartsselskab,29814678,125.0,9426000.0,DKK,2023.0,0,0,30,,1.0,0.0,0.0,0.0,0.0,0.0,0.0,0.0,0.0
Dansk Marine Center - Aalborg Yacht Værft A/S,"Bådebyggervej 7, 9000 Aalborg",Aalborg,22.11.2012,29.0,Lille,Aktieselskab,34801797,1.0,7841000.0,DKK,2023.0,0,0,30,1.0,0.0,0.0,0.0,0.0,0.0,0.0,0.0,0.0,0.0
CHRISTIANIA BIKES ApS,"Brogårdsvej 1, 3700 Rønne",Bornholm,17.06.2004,25.0,Lille,Anpartsselskab,27914667,125.0,25071000.0,DKK,2023.0,0,0,30,,0.0,0.0,1.0,0.0,0.0,0.0,0.0,0.0,0.0
UBCO Europe ApS,"Solvang 16 B, 3450 Allerød",Allerød,04.11.2021,2.0,Mikro,Anpartsselskab,42818542,40.0,-7222000.0,DKK,2024.0,0,0,30,,0.0,0.0,0.0,0.0,1.0,0.0,0.0,0.0,0.0
Hougaard 2010 ApS,"Fabriksvej 5, 6640 Lunderskov",Kolding,23.12.2010,Ikke oplyst,Ikke oplyst,Anpartsselskab,33375689,80.0,,nan,2023.0,0,0,30,1.0,0.0,0.0,0.0,0.0,0.0,0.0,0.0,0.0,0.0
MLR-Group ApS,"Fælledvej 3, 6500 Vojens",Haderslev,09.01.2019,2.0,Mikro,Anpartsselskab,40195467,40.0,159000.0,DKK,2024.0,0,0,30,,0.0,0.0,1.0,0.0,0.0,0.0,0.0,0.0,0.0
ROLTEC EL-KØRESTOLE A/S,"Lægårdsvej 13, 8520 Lystrup",Århus,10.06.1985,23.0,Lille,Aktieselskab,77867910,1.0,16476000.0,DKK,2024.0,1,0,30,,0.0,0.0,1.0,0.0,0.0,0.0,0.0,0.0,0.0
DAN-GLIDE ApS,"Lufthavnsvej 9 D, 6580 Vamdrup",Kolding,07.05.1998,4.0,Mikro,Anpartsselskab,20847891,125.0,1615000.0,DKK,2024.0,0,0,30,,1.0,0.0,0.0,0.0,0.0,0.0,0.0,0.0,0.0
Airflight ApS,"Saltumvej 25, 9700 Brønderslev",Brønderslev-Dronninglund,01.05.2019,3.0,Mikro,Anpartsselskab,40482423,91.0,2142000.0,DKK,2023.0,0,0,30,,1.0,0.0,0.0,0.0,0.0,0.0,0.0,0.0,0.0
TUCO YACHT VÆRFT ApS,"Mørkebjergvej 3, 5600 Faaborg",Faaborg-Midtfyn,05.03.2009,46.0,Lille,Anpartsselskab,32072291,125.0,21489000.0,DKK,2023.0,0,0,30,,0.0,0.0,0.0,0.0,0.0,0.0,1.0,0.0,0.0
LEMCO Rehab & Fysio ApS,"Fabriksvej 3, 3000 Helsingør",Helsingør,08.03.1974,8.0,Mikro,Anpartsselskab,40159916,125.0,1820000.0,DKK,2024.0,0,0,30,,0.0,0.0,1.0,0.0,0.0,0.0,0.0,0.0,0.0
HF Christiansen A/S,"Hvidemøllevej 9-11, 8920 Randers NV",Randers,01.08.1989,51.0,Mellemstor,Aktieselskab,13394741,2.55,24738000.0,DKK,2023.0,0,0,30,,0.0,0.0,1.0,0.0,0.0,0.0,0.0,0.0,0.0
MEDEMA A/S,"Enggårdvej 7, 7400 Herning",Herning,08.08.1975,36.0,Lille,Aktieselskab,51892712,19.0,30209000.0,DKK,2023.0,0,0,30,,0.0,0.0,1.0,0.0,0.0,0.0,0.0,0.0,0.0
Siigar Bikes ApS,"Holmbladsgade 27, 2300 København S",København,19.09.2017,Ikke oplyst,Ikke oplyst,Anpartsselskab,38943634,50.0,-552000.0,DKK,2024.0,0,0,30,,0.0,0.0,1.0,0.0,0.0,0.0,0.0,0.0,0.0
A/S HVIDE SANDE SKIBS- OG BAADEBYGGERI,"Beddingsvej 2, 6960 Hvide Sande",Ringkøbing-Skjern,22.04.1950,67.0,Mellemstor,Aktieselskab,64600028,912.0,32645000.0,DKK,2023.0,1,0,30,,0.0,0.0,0.0,0.0,0.0,0.0,1.0,0.0,0.0
COMPOSHIELD A/S,"Tolsagervej 9, 8370 Hadsten",Favrskov,08.06.2000,19.0,Lille,Aktieselskab,25540891,1.0,9386000.0,DKK,2023.0,0,0,30,,0.0,0.0,0.0,0.0,0.0,0.0,0.0,1.0,0.0
LANGHØJ ApS,"Hasselager Centervej 26, 8260 Viby J",Århus,01.04.1987,30.0,Lille,Anpartsselskab,11316786,300.0,30873000.0,DKK,2023.0,0,0,30,,0.0,0.0,1.0,0.0,0.0,0.0,0.0,0.0,0.0
Velove Denmark ApS,"Gammel Lyngvej 2, 4600 Køge",Køge,13.01.2021,2.0,Mikro,Anpartsselskab,42031984,40.0,1228000.0,DKK,2023.0,0,0,30,,0.0,0.0,1.0,0.0,0.0,0.0,0.0,0.0,0.0
Green CottageArc ApS,"Havnevej 23 A, 3100 Hornbæk",Helsingør,24.09.2018,Ikke oplyst,Ikke oplyst,Anpartsselskab,39893916,50.0,101000.0,DKK,2023.0,0,0,30,1.0,0.0,0.0,0.0,0.0,0.0,0.0,0.0,0.0,0.0
Bandholm.eu ApS,"Farrevej 21, 8464 Galten",Skanderborg,28.11.2007,Ikke oplyst,Ikke oplyst,Anpartsselskab,30557603,250.0,-127000.0,DKK,2023.0,0,0,30,1.0,0.0,0.0,0.0,0.0,0.0,0.0,0.0,0.0,0.0
KLINTHOLM BEDDING OG BÅDEBYGGERI ApS,"Smøgen 6, 4652 Hårlev",Stevns,11.02.2011,Ikke oplyst,Ikke oplyst,Anpartsselskab,32311679,80.0,-5000.0,DKK,2024.0,0,0,30,1.0,0.0,0.0,0.0,0.0,0.0,0.0,0.0,0.0,0.0
ODDER BARNEVOGNSFABRIK A/S,"Ballevej 7, 8300 Odder",Odder,29.06.1970,9.0,Mikro,Aktieselskab,36962518,600.0,8744000.0,DKK,2023.0,0,0,30,,0.0,0.0,1.0,0.0,0.0,0.0,0.0,0.0,0.0
JJ Racing ApS,"Industrivej 24, 4683 Rønnede",Faxe,29.06.2018,1.0,Mikro,Anpartsselskab,39686252,50.0,-443000.0,DKK,2023.0,0,0,30,1.0,0.0,0.0,0.0,0.0,0.0,0.0,0.0,0.0,0.0
BALTIC AERO ApS,"Søndre Landevej 2, 3700 Rønne",Bornholm,25.04.2008,Ikke oplyst,Ikke oplyst,Anpartsselskab,31421802,125.0,-20000.0,DKK,2023.0,0,0,30,,1.0,0.0,0.0,0.0,0.0,0.0,0.0,0.0,0.0
Furlerboom A/S,"Stokagervej 23, 8240 Risskov",Århus,24.10.2017,5.0,Mikro,Aktieselskab,39037599,500.0,7869000.0,DKK,2023.0,0,0,30,1.0,0.0,0.0,0.0,0.0,0.0,0.0,0.0,0.0,0.0
Bloch Både ApS,"Falkevej 15, 9352 Dybvad",Frederikshavn,07.12.2021,3.0,Mikro,Anpartsselskab,42899720,40.0,925000.0,DKK,2023.0,0,0,30,,0.0,1.0,0.0,0.0,0.0,0.0,0.0,0.0,0.0
Space Inventor A/S,"Selma Lagerløfs Vej 312, 9220 Aalborg Øst",Aalborg,01.09.2015,73.0,Mellemstor,Aktieselskab,37053252,400.0,33355000.0,DKK,2023.0,0,0,30,,1.0,0.0,0.0,0.0,0.0,0.0,0.0,0.0,0.0
KIRA INTERNATIONAL ApS,"Humlevej 8, 8240 Risskov",Århus,01.10.1990,Ikke oplyst,Ikke oplyst,Anpartsselskab,14604375,200.0,103000.0,DKK,2023.0,0,0,30,,0.0,0.0,0.0,0.0,0.0,0.0,1.0,0.0,0.0
Electric Marine ApS,"Schimmelmannsvej 11, 2930 Klampenborg",Lyngby-Taarbæk,11.01.2019,Ikke oplyst,Ikke oplyst,Anpartsselskab,40200398,40.0,27000.0,DKK,2023.0,0,0,30,1.0,0.0,0.0,0.0,0.0,0.0,0.0,0.0,0.0,0.0
FLEX-FEB ApS,"Havnegade 11, 5960 Marstal",Ærø,20.01.2020,Ikke oplyst,Ikke oplyst,Anpartsselskab,41092947,100.0,16000.0,DKK,2024.0,0,0,30,,0.0,0.0,0.0,0.0,0.0,0.0,1.0,0.0,0.0
Borghegn Yachtdesign ApS,"Vestermøllevej 32, 7700 Thisted",Thisted,02.01.2018,1.0,Mikro,Anpartsselskab,39238608,50.0,480000.0,DKK,2024.0,0,0,30,,0.0,0.0,0.0,0.0,0.0,0.0,1.0,0.0,0.0
CALH 2015 ApS,"Byåsen 18, 3660 Stenløse",Egedal,01.01.2015,Ikke oplyst,Ikke oplyst,Anpartsselskab,36486694,50.0,-4000.0,DKK,2023.0,0,0,30,,0.0,0.0,1.0,0.0,0.0,0.0,0.0,0.0,0.0
HANDY TRANSPORTVOGNE A/S,"Essen 26, 6000 Kolding",Kolding,01.10.1972,10.0,Lille,Aktieselskab,41948515,500.0,5127000.0,DKK,2024.0,0,0,30,,0.0,0.0,0.0,1.0,0.0,0.0,0.0,0.0,0.0
VeloBarista ApS,"Valdemarsgade 65, 1665 København V",København,01.09.2017,1.0,Mikro,Anpartsselskab,38904736,40.0,514000.0,DKK,2023.0,0,0,30,,0.0,0.0,1.0,0.0,0.0,0.0,0.0,0.0,0.0
True Boat Builders ApS,"Fabriksvej 5, 6640 Lunderskov",Kolding,09.05.1985,21.0,Lille,Anpartsselskab,77666311,200.0,9421000.0,DKK,2023.0,0,0,30,1.0,0.0,0.0,0.0,0.0,0.0,0.0,0.0,0.0,0.0
ADJUTOR ApS,"Ventevej 3 B, 4050 Skibby",Frederikssund,01.04.2007,1.0,Mikro,Anpartsselskab,30564324,125.0,946000.0,DKK,2024.0,0,0,30,,0.0,0.0,1.0,0.0,0.0,0.0,0.0,0.0,0.0
FAABORG VÆRFT A/S,"Værftsvej 7, 5600 Faaborg",Faaborg-Midtfyn,29.06.1977,31.0,Lille,Aktieselskab,82735615,2.2,11916000.0,DKK,2024.0,0,0,30,,0.0,0.0,0.0,0.0,0.0,0.0,1.0,0.0,0.0
Orbital Express Launch ApS,"Kanalholmen 14 1, 2650 Hvidovre",Hvidovre,11.10.2016,80.0,Mellemstor,Anpartsselskab,38106260,50.0,9926000.0,DKK,2023.0,1,0,30,,1.0,0.0,0.0,0.0,0.0,0.0,0.0,0.0,0.0
SRP HOLDING ApS,"Randersvej 218, 8450 Hammel",Favrskov,31.03.2004,Ikke oplyst,Ikke oplyst,Anpartsselskab,27714668,125.0,664000.0,DKK,2024.0,0,0,30,,0.0,0.0,1.0,0.0,0.0,0.0,0.0,0.0,0.0
LEITRA DK ApS,"Klokkerhaven 2 A 1 th, 2750 Ballerup",Ballerup,06.05.2000,Ikke oplyst,Ikke oplyst,Anpartsselskab,25441362,125.0,-84000.0,DKK,2024.0,0,0,30,,0.0,0.0,1.0,0.0,0.0,0.0,0.0,0.0,0.0
PURETEQ A/S,"Sverigesvej 13, 5700 Svendborg",Svendborg,30.08.2010,28.0,Lille,Aktieselskab,33144334,500.0,34896000.0,DKK,2023.0,0,0,30,,0.0,0.0,0.0,0.0,0.0,0.0,1.0,0.0,0.0
SW enterprise ApS,"Bachersmindevej 11, 2791 Dragør",Tårnby,12.11.2021,Ikke oplyst,Ikke oplyst,Anpartsselskab,42852430,40.0,-22000.0,DKK,2023.0,0,0,30,,0.0,0.0,0.0,0.0,0.0,0.0,1.0,0.0,0.0
MMS EQUIPMENT ApS,"Refshalevej 320, 1432 København K",København,28.02.2012,Ikke oplyst,Ikke oplyst,Anpartsselskab,34453144,50.0,0.0,DKK,2024.0,0,0,30,,0.0,0.0,0.0,0.0,0.0,0.0,1.0,0.0,0.0
POCA GLASFIBER ApS,"Ndr. Fabriksvej 9, 8722 Hedensted",Hedensted,24.03.2011,16.0,Lille,Anpartsselskab,33584687,90.0,8411000.0,DKK,2023.0,0,0,30,1.0,0.0,0.0,0.0,0.0,0.0,0.0,0.0,0.0,0.0
AIR SERVICE VAMDRUP ApS,"Lufthavnsvej 7, 6580 Vamdrup",Kolding,01.12.1987,13.0,Lille,Anpartsselskab,11752446,300.0,2607000.0,DKK,2023.0,0,0,30,,1.0,0.0,0.0,0.0,0.0,0.0,0.0,0.0,0.0
Space Composite Structures DENMARK APS,"Hestehaven 21 st, 5260 Odense S",Odense,02.10.2017,8.0,Mikro,Anpartsselskab,38980076,67.0,3548000.0,DKK,2023.0,0,0,30,,0.0,0.0,0.0,0.0,0.0,0.0,0.0,0.0,1.0
Egeskovs Bådebyggeri ApS,"Knud Højgaards Vej 18, 7100 Vejle",Vejle,01.06.2022,1.0,Mikro,Anpartsselskab,43303643,40.0,467000.0,DKK,2024.0,0,0,30,1.0,0.0,0.0,0.0,0.0,0.0,0.0,0.0,0.0,0.0
Flooding Stop ApS,"Vesterlundvej 4, 2730 Herlev",Herlev,08.12.2017,Ikke oplyst,Ikke oplyst,Anpartsselskab,39160846,50.0,-151000.0,DKK,2024.0,0,0,30,,0.0,0.0,0.0,0.0,0.0,0.0,1.0,0.0,0.0
BORNHOLM AIR SERVICE ApS,"Søndre Landevej 2, 3700 Rønne",Bornholm,28.06.2004,Ikke oplyst,Ikke oplyst,Anpartsselskab,26987733,200.0,-209000.0,DKK,2023.0,0,0,30,,1.0,0.0,0.0,0.0,0.0,0.0,0.0,0.0,0.0
HANDIGOOD ApS,"Lilleringvej 14 B, 8462 Harlev J",Århus,16.10.2014,1.0,Mikro,Anpartsselskab,36408588,369.0,-60000.0,DKK,2023.0,0,0,30,,0.0,0.0,1.0,0.0,0.0,0.0,0.0,0.0,0.0
FYTH 2 ApS,"Søvej 38, 8680 Ry",Skanderborg,17.04.2009,Ikke oplyst,Ikke oplyst,Anpartsselskab,32097987,125.0,-5000.0,DKK,2024.0,0,0,30,,0.0,0.0,0.0,0.0,0.0,0.0,1.0,0.0,0.0
TL Marine ApS,"Niels Juels Vej 101, 9900 Frederikshavn",Frederikshavn,12.01.2024,1.0,Mikro,Anpartsselskab,44567644,40.0,2181000.0,DKK,2024.0,0,0,30,,0.0,0.0,0.0,0.0,0.0,0.0,1.0,0.0,0.0
Poulsen Motors ApS,"Hybenbakken 3, 3540 Lynge",Allerød,20.08.2022,Ikke oplyst,Ikke oplyst,Anpartsselskab,43457764,40.0,-19000.0,DKK,2023.0,0,0,30,,0.0,0.0,0.0,0.0,1.0,0.0,0.0,0.0,0.0
VERMUND LARSEN A/S,"Gøteborgvej 12, 9200 Aalborg SV",Aalborg,26.06.1975,123.0,Mellemstor,Aktieselskab,52796628,500.0,85953000.0,DKK,2024.0,0,0,30,,0.0,0.0,1.0,0.0,0.0,0.0,0.0,0.0,0.0
NIHOLA ApS,"Kastanievej 7, 4060 Kirke Såby",Lejre,01.09.1998,8.0,Mikro,Anpartsselskab,21120537,125.0,12126000.0,DKK,2023.0,0,0,30,,0.0,0.0,1.0,0.0,0.0,0.0,0.0,0.0,0.0
NR STAAL ApS,"Aurikelvej 1, 9310 Vodskov",Aalborg,26.07.2012,2.0,Mikro,Anpartsselskab,32324665,80.0,3814000.0,DKK,2023.0,0,0,30,,0.0,0.0,0.0,0.0,0.0,0.0,1.0,0.0,0.0
X-YACHTS A/S,"Fjordagervej 21, 6100 Haderslev",Haderslev,29.12.1964,116.0,Mellemstor,Aktieselskab,24260615,15.2,-13241000.0,DKK,2023.0,0,0,30,1.0,0.0,0.0,0.0,0.0,0.0,0.0,0.0,0.0,0.0
NIKOLAJ BERGSTRØM KJØLBY ApS,"Blegdammen 46, 4600 Køge",Køge,01.11.2013,1.0,Mikro,Anpartsselskab,35526927,85.0,661000.0,DKK,2024.0,0,0,30,1.0,0.0,0.0,0.0,0.0,0.0,0.0,0.0,0.0,0.0
Klaus Tømrer og Bådbygger ApS,"Højskolen 7, 5856 Ryslinge",Faaborg-Midtfyn,01.07.2019,1.0,Mikro,Anpartsselskab,40637087,40.0,369000.0,DKK,2023.0,0,0,30,1.0,0.0,0.0,0.0,0.0,0.0,0.0,0.0,0.0,0.0
SJ TECH ApS,"Blomsterparken 29, 8464 Galten",Skanderborg,12.01.2012,1.0,Mikro,Anpartsselskab,34210314,80.0,937000.0,DKK,2023.0,0,0,30,,0.0,0.0,1.0,0.0,0.0,0.0,0.0,0.0,0.0
FUNDER DEVELOPMENT ApS,"Hjulmagervej 4 A, 7100 Vejle",Vejle,19.11.2014,4.0,Mikro,Anpartsselskab,36437553,50.0,2173000.0,DKK,2023.0,0,0,30,,0.0,0.0,1.0,0.0,0.0,0.0,0.0,0.0,0.0
NORDBORG BÅDEBYGGERI A/S,"Mads Clausens Vej 2, 6430 Nordborg",Sønderborg,22.11.1991,8.0,Mikro,Aktieselskab,15686103,500.0,3214000.0,DKK,2023.0,0,0,30,1.0,0.0,0.0,0.0,0.0,0.0,0.0,0.0,0.0,0.0
RWA-Teknik ApS,"Udbyhøjvej 113, 8930 Randers NØ",Randers,08.09.2021,1.0,Mikro,Anpartsselskab,42664545,50.0,415000.0,DKK,2023.0,0,0,30,1.0,0.0,0.0,0.0,0.0,0.0,0.0,0.0,0.0,0.0
SIMA INNOVATION A/S,"Lundsmarken 2, 5792 Årslev",Faaborg-Midtfyn,28.11.2005,33.0,Lille,Aktieselskab,29186952,400.0,43420000.0,DKK,2023.0,0,0,30,,0.0,0.0,0.0,0.0,0.0,0.0,0.0,1.0,0.0
SBS FRICTION A/S,"Kuopiovej 11, 5700 Svendborg",Svendborg,01.11.1996,135.0,Mellemstor,Aktieselskab,19751937,12.001,102183000.0,DKK,2024.0,1,1,30,,0.0,0.0,0.0,0.0,1.0,0.0,0.0,0.0,0.0
RAND BOATS A/S,"Skudehavnsvej 34, 2150 Nordhavn",København,22.10.2014,7.0,Mikro,Aktieselskab,36412704,400.0,16490000.0,DKK,2023.0,0,0,30,1.0,0.0,0.0,0.0,0.0,0.0,0.0,0.0,0.0,0.0
North Propulsion ApS,"Fysikvej 312 st, 2800 Kongens Lyngby",Lyngby-Taarbæk,24.01.2023,4.0,Mikro,Anpartsselskab,43802194,40.0,170000.0,DKK,2023.0,0,0,30,,1.0,0.0,0.0,0.0,0.0,0.0,0.0,0.0,0.0
C-trailers A/S,"Hundborgvej 198, 7700 Thisted",Thisted,06.12.2018,Ikke oplyst,Ikke oplyst,Aktieselskab,40081879,1.0,-80000.0,DKK,2023.0,0,0,30,,0.0,0.0,0.0,1.0,0.0,0.0,0.0,0.0,0.0
HAAGEN CAUTIO ApS,"Svend Gøngesvej 37, 4720 Præstø",Vordingborg,28.03.2012,2.0,Mikro,Anpartsselskab,34473250,80.0,1116000.0,DKK,2024.0,0,0,30,,0.0,0.0,0.0,0.0,0.0,0.0,1.0,0.0,0.0
Finn & Ko ApS,"Jasminvej 4, 8653 Them",Silkeborg,01.12.2015,Ikke oplyst,Ikke oplyst,Anpartsselskab,37284106,40.0,105000.0,DKK,2023.0,0,0,30,,0.0,0.0,1.0,0.0,0.0,0.0,0.0,0.0,0.0
EXCELLENT COMPANY ApS,"Bakkekammen 144, 3600 Frederikssund",Frederikssund,24.06.2010,Ikke oplyst,Ikke oplyst,Anpartsselskab,33043694,80.0,-29000.0,DKK,2024.0,0,0,30,,1.0,0.0,0.0,0.0,0.0,0.0,0.0,0.0,0.0
GITZ Group ApS,"Blodhøjvej 2, 4040 Jyllinge",Roskilde,02.03.2015,1.0,Mikro,Anpartsselskab,36555084,50.0,-57000.0,DKK,2023.0,0,0,30,,0.0,0.0,1.0,0.0,0.0,0.0,0.0,0.0,0.0
Rebelmoto ApS,"Fåredammen 2, 5300 Kerteminde",Kerteminde,03.12.2020,Ikke oplyst,Ikke oplyst,Anpartsselskab,41908696,40.0,31000.0,DKK,2023.0,0,0,30,,0.0,0.0,0.0,0.0,1.0,0.0,0.0,0.0,0.0
Artex Danmark A/S,"Hjulmagervej 4, 8800 Viborg",Viborg,07.02.2023,16.0,Lille,Aktieselskab,43833111,400.0,10281000.0,DKK,2023.0,0,0,30,,0.0,0.0,0.0,0.0,0.0,1.0,0.0,0.0,0.0
GreyBird Maintenance ApS,"Ny Lufthavnsvej 22, 8560 Kolind",Syddjurs,30.06.2004,Ikke oplyst,Ikke oplyst,Anpartsselskab,27923844,57.0,-2190000.0,DKK,2023.0,1,0,30,,1.0,0.0,0.0,0.0,0.0,0.0,0.0,0.0,0.0
CARSOE ApS,"Mineralvej 6-8, 9220 Aalborg Øst",Aalborg,01.06.1990,Ikke oplyst,Ikke oplyst,Anpartsselskab,14263942,584.0,-9571000.0,DKK,2023.0,0,0,30,,0.0,0.0,0.0,0.0,0.0,0.0,1.0,0.0,0.0
LUFFE YACHTS ApS,"Hesselly 10, 6000 Kolding",Kolding,26.06.1985,15.0,Lille,Anpartsselskab,78329610,290.0,2489000.0,DKK,2023.0,0,0,30,1.0,0.0,0.0,0.0,0.0,0.0,0.0,0.0,0.0,0.0
VIKING LIFE-SAVING EQUIPMENT A/S,"Sædding Ringvej 13, 6710 Esbjerg V",Esbjerg,17.02.1960,505.0,Stor,Aktieselskab,15016213,497.664,506326000.0,DKK,2024.0,0,0,30,,0.0,0.0,0.0,0.0,0.0,0.0,1.0,0.0,0.0
REIDEL AVIATION ApS,"Høedvej 16, 4450 Jyderup",Holbæk,27.04.2009,Ikke oplyst,Ikke oplyst,Anpartsselskab,32139698,125.0,135000.0,DKK,2024.0,0,0,30,,1.0,0.0,0.0,0.0,0.0,0.0,0.0,0.0,0.0
