Juridisk navn,Adresse,Kommune,Startdato,Antal ansatte,Størrelse,Selskabsform,CVR-nr,Selskabskapital,Bruttofortjeneste,Valuta,År for beregning,Kunde,Coating kunde,NACE-2,Fremstilling af andet elektrisk udstyr,"Fremstilling af elektriske motorer, generatorer og transformatorer",Fremstilling af andre elektroniske og elektriske ledninger og kabler,Fremstilling af elektriske fordelings- og kontrolapparater,Fremstilling af belysningsartikler,Fremstilling af tilbehør til ledninger og kabler,Fremstilling af elektriske husholdningsapparater,Fremstilling af ikke-elektriske husholdningsapparater,Fremstilling af batterier og akkumulatorer,Fremstilling af lyslederkabler
BMN Elektronik ApS,"Industrivej 9 A, 4700 Næstved",Næstved,12.06.2017,5.0,Mikro,Anpartsselskab,38711342,50.0,1944000.0,DKK,2023.0,0,0,27,1.0,0.0,0.0,0.0,0.0,0.0,0.0,0.0,0.0,0.0
ELFAC A/S,"Priorsvej 23, 8600 Silkeborg",Silkeborg,21.12.1993,92.0,Mellemstor,Aktieselskab,17465031,1.0,50668000.0,DKK,2024.0,0,0,27,,0.0,1.0,0.0,0.0,0.0,0.0,0.0,0.0,0.0
BitProgress Development ApS,"Møllegærdet 32, 6000 Kolding",Kolding,18.02.2014,2.0,Mikro,Anpartsselskab,35665811,40.0,1034000.0,DKK,2024.0,0,0,27,,0.0,0.0,1.0,0.0,0.0,0.0,0.0,0.0,0.0
FLEX CABLES A/S,"A.C.Illums Vej 1, 8600 Silkeborg",Silkeborg,10.12.2004,14.0,Lille,Aktieselskab,28293623,500.0,7176000.0,DKK,2024.0,0,0,27,,0.0,1.0,0.0,0.0,0.0,0.0,0.0,0.0,0.0
Unfolded Circle ApS,"Nordre Fasanvej 124 A 1 tv, 2000 Frederiksberg",Frederiksberg,10.08.2021,2.0,Mikro,Anpartsselskab,42589977,40.0,2061000.0,DKK,2023.0,0,0,27,1.0,0.0,0.0,0.0,0.0,0.0,0.0,0.0,0.0,0.0
JACOBSSON & CO. ApS,"Skovvej 85 B, 2920 Charlottenlund",Gentofte,26.06.1978,Ikke oplyst,Ikke oplyst,Anpartsselskab,87621413,200.0,-5000.0,DKK,2024.0,0,0,27,,0.0,0.0,0.0,1.0,0.0,0.0,0.0,0.0,0.0
BatteryPark ApS,"Ladefogedvej 136, 8200 Aarhus N",Århus,10.05.2023,Ikke oplyst,Ikke oplyst,Anpartsselskab,44045877,40.0,-36000.0,DKK,2024.0,0,0,27,1.0,0.0,0.0,0.0,0.0,0.0,0.0,0.0,0.0,0.0
VJ KABEL ApS,"Islandsvej 5, 7900 Nykøbing M",Morsø,01.07.1988,6.0,Mikro,Anpartsselskab,12267177,245.0,240000.0,DKK,2024.0,0,0,27,,0.0,0.0,0.0,0.0,1.0,0.0,0.0,0.0,0.0
Regumatic ApS,"Industriparken 14, 6933 Kibæk",Herning,20.06.2019,5.0,Mikro,Anpartsselskab,40631232,40.0,1617000.0,DKK,2024.0,0,0,27,,0.0,0.0,1.0,0.0,0.0,0.0,0.0,0.0,0.0
VESTTHERM A/S,"Øresundsvej 10, 6715 Esbjerg N",Esbjerg,18.12.2003,33.0,Lille,Aktieselskab,26993601,500.0,17590000.0,DKK,2024.0,0,0,27,,0.0,0.0,0.0,0.0,0.0,1.0,0.0,0.0,0.0
FUELI ApS,"Fælledvej 17, 7600 Struer",Struer,30.06.2020,Ikke oplyst,Ikke oplyst,Anpartsselskab,41503645,53.0,279000.0,DKK,2023.0,0,0,27,1.0,0.0,0.0,0.0,0.0,0.0,0.0,0.0,0.0,0.0
UNI-EL A/S,"Industriparken 34 B, 7400 Herning",Herning,01.09.1989,62.0,Mellemstor,Aktieselskab,13426384,500.0,14941000.0,DKK,2023.0,0,0,27,,0.0,0.0,1.0,0.0,0.0,0.0,0.0,0.0,0.0
Baettr Sales & Services A/S,"Smed Hansens Vej 27, 6940 Lem St",Ringkøbing-Skjern,04.12.2018,62.0,Mellemstor,Aktieselskab,40070532,400.0,70492000.0,DKK,2023.0,0,0,27,,1.0,0.0,0.0,0.0,0.0,0.0,0.0,0.0,0.0
Provargo Invest ApS,"Korskildelund 6, 2670 Greve",Greve,03.01.2023,Ikke oplyst,Ikke oplyst,Anpartsselskab,43747169,50.0,-50000.0,DKK,2024.0,0,0,27,,0.0,0.0,1.0,0.0,0.0,0.0,0.0,0.0,0.0
Løvgren & Sørensen ApS,"Hovedgade 53 B, 3730 Nexø",Bornholm,15.10.1982,Ikke oplyst,Ikke oplyst,Anpartsselskab,70844516,200.0,-9000.0,DKK,2023.0,0,0,27,,0.0,0.0,1.0,0.0,0.0,0.0,0.0,0.0,0.0
SAN ELECTRO HEAT A/S,"Gillelejevej 30 B, 3230 Græsted",Gribskov,12.11.1972,61.0,Mellemstor,Aktieselskab,42165913,2.69,39117000.0,DKK,2023.0,0,0,27,1.0,0.0,0.0,0.0,0.0,0.0,0.0,0.0,0.0,0.0
AD CUT ApS,"Finlandsgade 2, 4690 Haslev",Faxe,01.07.2013,23.0,Lille,Anpartsselskab,35390375,80.0,6544000.0,DKK,2023.0,0,0,27,,0.0,1.0,0.0,0.0,0.0,0.0,0.0,0.0,0.0
BYGG-EL ELEKTROTEKNIK ApS,"Industriskellet 8, 2635 Ishøj",Ishøj,28.02.2014,12.0,Lille,Anpartsselskab,35674373,600.0,6932000.0,DKK,2023.0,0,0,27,,0.0,0.0,1.0,0.0,0.0,0.0,0.0,0.0,0.0
Watts A/S,"Brogade 19 E, 4600 Køge",Køge,07.07.2020,Ikke oplyst,Ikke oplyst,Aktieselskab,41501480,1.0,-37505000.0,DKK,2023.0,0,0,27,1.0,0.0,0.0,0.0,0.0,0.0,0.0,0.0,0.0,0.0
LINAK A/S,"Smedevænget 8, 6430 Nordborg",Sønderborg,30.09.1980,1216.0,Stor,Aktieselskab,66365328,100.0,319094000.0,DKK,2024.0,1,1,27,,1.0,0.0,0.0,0.0,0.0,0.0,0.0,0.0,0.0
Wire solutions ApS,"Nyvang 12, 6400 Sønderborg",Sønderborg,28.01.2019,Ikke oplyst,Ikke oplyst,Anpartsselskab,40209115,40.0,-13000.0,DKK,2023.0,0,0,27,,0.0,1.0,0.0,0.0,0.0,0.0,0.0,0.0,0.0
Culti ApS,"Kystvejen 41, 4600 Køge",Køge,27.01.2023,Ikke oplyst,Ikke oplyst,Anpartsselskab,43812009,100.0,-31000.0,DKK,2024.0,0,0,27,1.0,0.0,0.0,0.0,0.0,0.0,0.0,0.0,0.0,0.0
NORKAB A/S,"Peter Anthonisens Vej 13, 9990 Skagen",Frederikshavn,23.03.1998,28.0,Lille,Aktieselskab,20775300,6.0,15182000.0,DKK,2023.0,0,0,27,1.0,0.0,0.0,0.0,0.0,0.0,0.0,0.0,0.0,0.0
Engineering Solutions ApS,"Løgstørvej 210, 9600 Aars",Vesthimmerland,19.10.2023,1.0,Mikro,Anpartsselskab,44379597,40.0,230000.0,DKK,2024.0,0,0,27,1.0,0.0,0.0,0.0,0.0,0.0,0.0,0.0,0.0,0.0
DECOFLAME ApS,"Vang Mark 2, 9380 Vestbjerg",Aalborg,08.09.2008,27.0,Lille,Anpartsselskab,31752094,250.0,10100000.0,DKK,2024.0,0,0,27,,0.0,0.0,0.0,0.0,0.0,0.0,1.0,0.0,0.0
BD Production ApS,"Lille Tornbjerg Vej 133, 5220 Odense SØ",Odense,16.07.2014,2.0,Mikro,Anpartsselskab,36050233,80.0,2180000.0,DKK,2023.0,0,0,27,,0.0,0.0,1.0,0.0,0.0,0.0,0.0,0.0,0.0
BRØG ApS,"Holme Parkvej 36, 8270 Højbjerg",Århus,16.01.2020,Ikke oplyst,Ikke oplyst,Anpartsselskab,41095407,40.0,0.0,DKK,2023.0,0,0,27,,0.0,0.0,0.0,0.0,0.0,1.0,0.0,0.0,0.0
Tagdækkerne ApS,"Femagervej 33, 2650 Hvidovre",Hvidovre,04.01.2011,3.0,Mikro,Anpartsselskab,33382030,80.0,1599000.0,DKK,2024.0,0,0,27,,1.0,0.0,0.0,0.0,0.0,0.0,0.0,0.0,0.0
Viridus Manufacturing A/S,"Langdyssen 6, 8200 Aarhus N",Århus,14.02.2019,32.0,Lille,Aktieselskab,40273719,4.0,6661000.0,DKK,2024.0,0,0,27,,0.0,0.0,0.0,0.0,0.0,0.0,0.0,1.0,0.0
JCLS Automation ApS,"Under Avnbøgen 14, 7500 Holstebro",Holstebro,13.06.2022,1.0,Mikro,Anpartsselskab,43321889,40.0,983000.0,DKK,2024.0,0,0,27,,0.0,0.0,1.0,0.0,0.0,0.0,0.0,0.0,0.0
JA-US ApS,"Granhøjvej 10, 8600 Silkeborg",Silkeborg,28.07.2017,3.0,Mikro,Anpartsselskab,38823876,50.0,466000.0,DKK,2023.0,0,0,27,,0.0,0.0,0.0,0.0,1.0,0.0,0.0,0.0,0.0
PAJ EMS ApS,"Ellegårdvej 25 P, 6400 Sønderborg",Sønderborg,11.06.2012,8.0,Mikro,Anpartsselskab,34591199,1.043,2819000.0,DKK,2024.0,0,0,27,,0.0,0.0,1.0,0.0,0.0,0.0,0.0,0.0,0.0
ANDERS KOUE MASKINTEKNIK ApS,"Jegindøvej 18, 8800 Viborg",Viborg,01.02.1994,2.0,Mikro,Anpartsselskab,17680285,200.0,842000.0,DKK,2024.0,1,0,27,,1.0,0.0,0.0,0.0,0.0,0.0,0.0,0.0,0.0
Baettr Lem A/S,"Smed Hansens Vej 27, 6940 Lem St",Ringkøbing-Skjern,07.10.2013,111.0,Mellemstor,Aktieselskab,35515046,1.0,102141000.0,DKK,2023.0,1,0,27,,1.0,0.0,0.0,0.0,0.0,0.0,0.0,0.0,0.0
Vitus RnD ApS,"Hammershusvej 3 K, 7400 Herning",Herning,24.11.2022,1.0,Mikro,Anpartsselskab,43670727,40.0,-1803000.0,DKK,2023.0,0,0,27,1.0,0.0,0.0,0.0,0.0,0.0,0.0,0.0,0.0,0.0
Modulex Danmark A/S,"Kløvervej 95, 7190 Billund",Billund,18.05.1993,11.0,Lille,Aktieselskab,17004336,500.0,10814000.0,DKK,2023.0,0,0,27,,0.0,0.0,0.0,1.0,0.0,0.0,0.0,0.0,0.0
BP - ELTAVLER ApS,"Langballe 10, 8700 Horsens",Horsens,01.07.1997,24.0,Lille,Anpartsselskab,20225947,125.0,6633000.0,DKK,2023.0,0,0,27,,0.0,0.0,1.0,0.0,0.0,0.0,0.0,0.0,0.0
CUC ENGINEERING A/S,"Industrivej 29, 4200 Slagelse",Slagelse,05.06.1997,30.0,Lille,Aktieselskab,20153636,2.6,12728000.0,DKK,2023.0,1,0,27,,0.0,1.0,0.0,0.0,0.0,0.0,0.0,0.0,0.0
DANISENSE A/S,"Malervej 10, 2630 Taastrup",Høje-Taastrup,05.11.2012,29.0,Lille,Aktieselskab,34731675,501.0,38796000.0,DKK,2023.0,0,0,27,,1.0,0.0,0.0,0.0,0.0,0.0,0.0,0.0,0.0
A/S LØGSTRUP-ELECTRIC,"Egeskovvej 16-18, 3490 Kvistgård",Helsingør,17.03.1970,Ikke oplyst,Ikke oplyst,Aktieselskab,30463013,1.0,0.0,DKK,2024.0,0,0,27,,0.0,0.0,1.0,0.0,0.0,0.0,0.0,0.0,0.0
Wygwam Danmark A/S,"Stenager 5, 6400 Sønderborg",Sønderborg,04.10.1958,80.0,Mellemstor,Aktieselskab,35520112,2.5,72594000.0,DKK,2023.0,0,0,27,,0.0,0.0,0.0,0.0,1.0,0.0,0.0,0.0,0.0
ZEPSUS ApS,"Skodsborgvej 93, 9270 Klarup",Aalborg,24.09.2007,2.0,Mikro,Anpartsselskab,30898702,125.0,185000.0,DKK,2023.0,0,0,27,1.0,0.0,0.0,0.0,0.0,0.0,0.0,0.0,0.0,0.0
OSSI CONNECTORS A/S,"Anker Jørgensens Vej 2, 4930 Maribo",Lolland,01.01.1990,20.0,Lille,Aktieselskab,13919283,500.0,7436000.0,DKK,2023.0,1,0,27,,0.0,0.0,0.0,0.0,1.0,0.0,0.0,0.0,0.0
LFR - BELYSNING ApS,"Tigervej 23, 4600 Køge",Køge,19.10.2006,Ikke oplyst,Ikke oplyst,Anpartsselskab,29971323,125.0,-34000.0,DKK,2024.0,0,0,27,,0.0,0.0,0.0,1.0,0.0,0.0,0.0,0.0,0.0
Elware ApS,"Tornerosevej 132, 2730 Herlev",Herlev,11.04.2022,Ikke oplyst,Ikke oplyst,Anpartsselskab,43193252,40.0,-19000.0,DKK,2024.0,0,0,27,1.0,0.0,0.0,0.0,0.0,0.0,0.0,0.0,0.0,0.0
SIGN PARTNER A/S,"Skagerrakvej 12, 6715 Esbjerg N",Esbjerg,11.06.1998,35.0,Lille,Aktieselskab,21124184,1.25,20445000.0,DKK,2024.0,0,0,27,,0.0,0.0,0.0,1.0,0.0,0.0,0.0,0.0,0.0
VN Technologies ApS,"Jens Juels Gade 4, 2100 København Ø",København,07.09.2021,Ikke oplyst,Ikke oplyst,Anpartsselskab,42657484,50.0,-13000.0,DKK,2024.0,0,0,27,1.0,0.0,0.0,0.0,0.0,0.0,0.0,0.0,0.0,0.0
PM-ELTEKNIK A/S,"Sillerup Møllevej 79, 6100 Haderslev",Haderslev,26.08.2002,1.0,Mikro,Aktieselskab,26787688,500.0,1383000.0,DKK,2024.0,0,0,27,1.0,0.0,0.0,0.0,0.0,0.0,0.0,0.0,0.0,0.0
Solutions by Vifil ApS,"Kassebjerggårdsvej 4, 4200 Slagelse",Slagelse,08.10.2020,Ikke oplyst,Ikke oplyst,Anpartsselskab,41745584,40.0,64000.0,DKK,2023.0,0,0,27,1.0,0.0,0.0,0.0,0.0,0.0,0.0,0.0,0.0,0.0
GSS Nødstrøm ApS,"Skruegangen 3 A, 2690 Karlslunde",Greve,01.04.2019,10.0,Lille,Anpartsselskab,40399704,100.0,6304000.0,DKK,2023.0,0,0,27,,1.0,0.0,0.0,0.0,0.0,0.0,0.0,0.0,0.0
TINBY A/S,"Snavevej 6-10, 5471 Søndersø",Nordfyns,05.05.2006,62.0,Mellemstor,Aktieselskab,29612900,10.0,41721000.0,DKK,2023.0,1,0,27,1.0,0.0,0.0,0.0,0.0,0.0,0.0,0.0,0.0,0.0
MODARC ApS,"Agerstien 21, 5591 Gelsted",Middelfart,14.10.2020,1.0,Mikro,Anpartsselskab,41760761,40.0,1763000.0,DKK,2023.0,0,0,27,1.0,0.0,0.0,0.0,0.0,0.0,0.0,0.0,0.0,0.0
CSP ApS,"Sandkildevej 2, 3540 Lynge",Allerød,01.11.1986,1.0,Mikro,Anpartsselskab,10519705,125.0,447000.0,DKK,2024.0,0,0,27,,0.0,0.0,0.0,0.0,1.0,0.0,0.0,0.0,0.0
ONE A A/S,"Hyldvej 1 A, 6092 Sønder Stenderup",Kolding,08.06.2000,17.0,Lille,Aktieselskab,25462726,526.0,22584000.0,DKK,2024.0,0,0,27,,0.0,0.0,0.0,1.0,0.0,0.0,0.0,0.0,0.0
Strømgårds udlejning ApS,"Vr Bjerremosevej 27, 6800 Varde",Varde,14.01.2016,2.0,Mikro,Anpartsselskab,37372633,84.0,763000.0,DKK,2024.0,0,0,27,,0.0,0.0,1.0,0.0,0.0,0.0,0.0,0.0,0.0
SN ELECTRONICS A/S,"Nedergårdsvej 87, 8200 Aarhus N",Århus,18.06.1998,Ikke oplyst,Ikke oplyst,Aktieselskab,21030937,570.0,109000.0,DKK,2023.0,0,0,27,1.0,0.0,0.0,0.0,0.0,0.0,0.0,0.0,0.0,0.0
DANSK TAVLE TEKNIK A/S,"Industrivej 11, 3000 Helsingør",Helsingør,01.07.1999,43.0,Lille,Aktieselskab,24224457,6.0,24924000.0,DKK,2023.0,0,0,27,,0.0,0.0,1.0,0.0,0.0,0.0,0.0,0.0,0.0
Reflexxions ApS,"Esrum Søvej 37, 3080 Tikøb",Helsingør,19.01.2016,Ikke oplyst,Ikke oplyst,Anpartsselskab,37394289,50.0,-7000.0,DKK,2024.0,0,0,27,,0.0,0.0,0.0,1.0,0.0,0.0,0.0,0.0,0.0
L.C. AUDIO TECHNOLOGY ApS,"H.C. Andersens Vej 56, 8230 Åbyhøj",Århus,05.04.2002,Ikke oplyst,Ikke oplyst,Anpartsselskab,26556732,126.0,-1000.0,DKK,2024.0,0,0,27,,0.0,0.0,1.0,0.0,0.0,0.0,0.0,0.0,0.0
PAUL E. DANCHELL A/S,"Lyngvej 8, 4450 Jyderup",Holbæk,07.02.1975,49.0,Lille,Aktieselskab,56474919,500.0,17356000.0,DKK,2024.0,0,0,27,1.0,0.0,0.0,0.0,0.0,0.0,0.0,0.0,0.0,0.0
PN DEVELOPMENT ApS,"Guldagervej 13 b, 6670 Holsted",Vejen,16.12.2008,Ikke oplyst,Ikke oplyst,Anpartsselskab,31886538,125.0,100000.0,DKK,2023.0,0,0,27,,0.0,1.0,0.0,0.0,1.0,0.0,0.0,0.0,0.0
CatchAlive ApS,"Værkstedsvej 14, 6000 Kolding",Kolding,14.09.2016,Ikke oplyst,Ikke oplyst,Anpartsselskab,38028677,50.0,55000.0,DKK,2024.0,0,0,27,1.0,0.0,0.0,1.0,0.0,0.0,0.0,0.0,0.0,0.0
Vixos Aviation ApS,"Slotsgade 30, 9330 Dronninglund",Brønderslev-Dronninglund,05.11.2021,3.0,Mikro,Anpartsselskab,42810843,40.0,2000.0,DKK,2023.0,0,0,27,1.0,0.0,0.0,0.0,0.0,0.0,0.0,0.0,0.0,0.0
Drizzle ApS,"Stamholmen 99, 2650 Hvidovre",Hvidovre,12.04.2017,1.0,Mikro,Anpartsselskab,38584685,50.0,95000.0,DKK,2024.0,0,0,27,,0.0,0.0,0.0,0.0,0.0,1.0,0.0,0.0,0.0
PRO-FORM A/S,"Åstræde 4, 4600 Køge",Køge,07.07.1997,Ikke oplyst,Ikke oplyst,Aktieselskab,20324449,500.0,149000.0,DKK,2023.0,0,0,27,,0.0,0.0,0.0,1.0,0.0,0.0,0.0,0.0,0.0
AutoPi.io ApS,"Alexander Foss Gade 13 3 tv, 9000 Aalborg",Aalborg,25.07.2017,13.0,Lille,Anpartsselskab,38816233,50.0,9413000.0,DKK,2023.0,0,0,27,1.0,0.0,0.0,0.0,0.0,0.0,0.0,0.0,0.0,0.0
UNITERM SOLVARME PER MORTENSEN ApS,"Lundsager 3, 5750 Ringe",Faaborg-Midtfyn,01.06.2001,Ikke oplyst,Ikke oplyst,Anpartsselskab,26071674,125.0,732000.0,DKK,2023.0,0,0,27,,0.0,0.0,0.0,0.0,0.0,0.0,1.0,0.0,0.0
JE ELECTRONIC A/S,"Maserativej 3, 7100 Vejle",Vejle,04.07.1984,44.0,Lille,Aktieselskab,56422013,500.0,36446000.0,DKK,2024.0,0,0,27,,0.0,0.0,1.0,0.0,0.0,0.0,0.0,0.0,0.0
ASTARRI A/S,"Egeskovvej 29, 8700 Horsens",Horsens,13.10.1977,79.0,Mellemstor,Aktieselskab,46481410,20.0,20918000.0,DKK,2024.0,1,0,27,,0.0,0.0,0.0,1.0,0.0,0.0,0.0,0.0,0.0
TKH Airport Solutions A/S,"Københavnsvej 1, 4800 Nykøbing F",Guldborgsund,01.02.1987,18.0,Lille,Aktieselskab,10665884,38.201,-11196000.0,DKK,2023.0,0,0,27,1.0,0.0,0.0,0.0,0.0,0.0,0.0,0.0,0.0,0.0
AI Lab ApS,"Maden 3, 8210 Aarhus V",Århus,13.09.2018,3.0,Mikro,Anpartsselskab,39858185,150.0,2666000.0,DKK,2023.0,0,0,27,1.0,0.0,0.0,0.0,0.0,0.0,0.0,0.0,0.0,0.0
DT ELEKTRO ApS,"Spangåvej 7, 2630 Taastrup",Høje-Taastrup,18.06.2008,1.0,Mikro,Anpartsselskab,31494990,125.0,424000.0,DKK,2023.0,0,0,27,,1.0,0.0,0.0,0.0,0.0,0.0,0.0,0.0,0.0
Enomate Group Aps,"Starup Alle 27, 2770 Kastrup",Tårnby,06.05.2020,Ikke oplyst,Ikke oplyst,Anpartsselskab,41345543,71.0,-105000.0,DKK,2023.0,0,0,27,,0.0,1.0,0.0,0.0,0.0,0.0,0.0,0.0,0.0
Go Eve ApS,"Emdrupvej 24 1 6, 2100 København Ø",København,30.11.2022,Ikke oplyst,Ikke oplyst,Anpartsselskab,43682040,40.0,-5000.0,DKK,2023.0,0,0,27,1.0,0.0,0.0,0.0,0.0,0.0,0.0,0.0,0.0,0.0
Clarios Denmark ApS,"Silkeborgvej 2, 8000 Aarhus C",Århus,31.01.2019,1.0,Mikro,Anpartsselskab,40248811,50.0,1339000.0,DKK,2024.0,0,0,27,,0.0,0.0,0.0,0.0,0.0,0.0,0.0,1.0,0.0
GPV INTERNATIONAL A/S,"Lysholt Allé 11, 7100 Vejle",Vejle,24.06.1981,227.0,Mellemstor,Aktieselskab,66945715,50.0,32665000.0,DKK,2023.0,1,0,27,,0.0,0.0,1.0,0.0,0.0,0.0,0.0,0.0,0.0
KRISWELL A/S,"Engelsholmvej 28 1, 8940 Randers SV",Randers,01.08.1991,Ikke oplyst,Ikke oplyst,Aktieselskab,15386940,600.0,294000.0,DKK,2023.0,1,0,27,,0.0,0.0,0.0,0.0,0.0,0.0,1.0,0.0,0.0
SAMSON ELECTRONIC ApS,"Haderslevvej 8, 6630 Rødding",Vejen,08.01.1997,Ikke oplyst,Ikke oplyst,Anpartsselskab,20199733,125.0,-4000.0,DKK,2023.0,0,0,27,1.0,0.0,0.0,0.0,0.0,0.0,0.0,0.0,0.0,0.0
Develtron Light ApS,"Ribevej 13 B, 8940 Randers SV",Randers,19.10.2023,7.0,Mikro,Anpartsselskab,44376652,40.0,4115000.0,DKK,2024.0,0,0,27,,0.0,0.0,0.0,1.0,0.0,0.0,0.0,0.0,0.0
Born Pipe ApS,"Industrivej 14, 3700 Rønne",Bornholm,09.01.2012,Ikke oplyst,Ikke oplyst,Anpartsselskab,34210365,155.0,-88000.0,DKK,2023.0,0,0,27,1.0,0.0,0.0,0.0,0.0,0.0,0.0,0.0,0.0,0.0
ARKILUX DESIGN ApS,"Tigervej 23, 4600 Køge",Køge,27.04.2007,4.0,Mikro,Anpartsselskab,30571274,125.0,2137000.0,DKK,2024.0,0,0,27,,0.0,0.0,0.0,1.0,0.0,0.0,0.0,0.0,0.0
RUSTFRI DK DESIGN ApS,"Nøjsomhedsvej 1, 4900 Nakskov",Lolland,29.06.1998,57.0,Mellemstor,Anpartsselskab,20995246,167.0,25207000.0,DKK,2024.0,0,0,27,,0.0,0.0,0.0,1.0,0.0,0.0,0.0,0.0,0.0
PLAY BUSINESS ApS,"Østre Strandvej 5, 3250 Gilleleje",Gribskov,21.03.2014,Ikke oplyst,Ikke oplyst,Anpartsselskab,35810447,50.0,74000.0,DKK,2023.0,0,0,27,1.0,0.0,0.0,0.0,0.0,0.0,0.0,0.0,0.0,0.0
Ocutune ApS,"Frederiksborgvej 399, 4000 Roskilde",Roskilde,22.03.2019,Ikke oplyst,Ikke oplyst,Anpartsselskab,40390766,40.0,161000.0,DKK,2023.0,0,0,27,,0.0,0.0,0.0,1.0,0.0,0.0,0.0,0.0,0.0
SOUNDFOCUS ApS,"Sindalsvej 34, 8240 Risskov",Århus,01.07.2010,2.0,Mikro,Anpartsselskab,33063342,150.0,1348000.0,DKK,2023.0,0,0,27,1.0,0.0,0.0,0.0,0.0,0.0,0.0,0.0,0.0,0.0
RaceSign ApS,"Dalbyvej 32, 9230 Svenstrup J",Aalborg,15.04.2016,Ikke oplyst,Ikke oplyst,Anpartsselskab,37625051,40.0,-16000.0,DKK,2024.0,0,0,27,1.0,0.0,0.0,0.0,0.0,0.0,0.0,0.0,0.0,0.0
A/S LØGSTRUP-EL,"Egeskovvej 16-18, 3490 Kvistgård",Helsingør,15.09.1975,Ikke oplyst,Ikke oplyst,Aktieselskab,54731817,500.0,0.0,DKK,2024.0,0,0,27,,0.0,0.0,1.0,0.0,0.0,0.0,0.0,0.0,0.0
Odin Global Tidal Invest ApS,"Middelfartvej 63 E, 5492 Vissenbjerg",Assens,03.04.2023,Ikke oplyst,Ikke oplyst,Anpartsselskab,43965611,40.0,-347000.0,DKK,2024.0,0,0,27,,1.0,0.0,0.0,0.0,0.0,0.0,0.0,0.0,0.0
ATOZ ELECTRONIC ApS,"Industrivænget 8, 5450 Otterup",Nordfyns,30.05.2005,6.0,Mikro,Anpartsselskab,28715226,125.0,10524000.0,DKK,2024.0,0,0,27,1.0,0.0,0.0,0.0,0.0,0.0,0.0,0.0,0.0,0.0
METRO THERM A/S,"Rundinsvej 55, 3200 Helsinge",Gribskov,28.06.1963,184.0,Mellemstor,Aktieselskab,20567112,3.4,92786000.0,DKK,2023.0,0,0,27,,0.0,0.0,0.0,0.0,0.0,1.0,0.0,0.0,0.0
CircleTech Denmark ApS,"Flæsketorvet 28 1, 1711 København V",København,20.04.2023,10.0,Lille,Anpartsselskab,43999044,40.0,-476000.0,DKK,2023.0,0,0,27,1.0,0.0,0.0,0.0,0.0,0.0,0.0,0.0,0.0,0.0
YellowRock A/S,"Mesterlodden 42, 2820 Gentofte",Gentofte,03.05.2023,2.0,Mikro,Aktieselskab,44047403,400.0,-1188000.0,DKK,2023.0,0,0,27,1.0,0.0,0.0,0.0,0.0,0.0,0.0,0.0,0.0,0.0
SOLARDRIVE CONTAINER POWER ApS,"Sondrupvej 49, 8350 Hundslund",Odder,03.07.2012,Ikke oplyst,Ikke oplyst,Anpartsselskab,34617902,400.0,-222000.0,DKK,2023.0,0,0,27,,1.0,0.0,0.0,0.0,0.0,0.0,0.0,0.0,0.0
ZENSATI ApS,"Kirkevej 27, 3230 Græsted",Gribskov,13.10.2009,5.0,Mikro,Anpartsselskab,32551831,125.0,3571000.0,DKK,2024.0,0,0,27,,0.0,1.0,0.0,0.0,0.0,0.0,0.0,0.0,0.0
PL CONTROL ApS,"Sverigesvej 4, 9560 Hadsund",Mariagerfjord,01.11.1988,20.0,Lille,Anpartsselskab,12560532,200.0,9016000.0,DKK,2023.0,0,0,27,,0.0,0.0,1.0,0.0,0.0,0.0,0.0,0.0,0.0
Signify Denmark A/S,"Arne Jacobsens Allé 15, 2300 København S",København,07.07.2015,130.0,Mellemstor,Aktieselskab,36967226,3.5,118179000.0,DKK,2023.0,0,0,27,,0.0,0.0,0.0,1.0,0.0,0.0,0.0,0.0,0.0
Form Copenhagen ApS,"Annexgårdsparken 21, 3500 Værløse",Furesø,21.04.2017,Ikke oplyst,Ikke oplyst,Anpartsselskab,38592874,50.0,-30000.0,DKK,2023.0,0,0,27,1.0,0.0,0.0,0.0,0.0,0.0,0.0,0.0,0.0,0.0
FLEXIB.DK ApS,"Egholmvej 2, 4220 Korsør",Slagelse,28.01.2010,Ikke oplyst,Ikke oplyst,Anpartsselskab,32766633,125.0,0.0,DKK,2024.0,0,0,27,1.0,0.0,0.0,0.0,0.0,0.0,0.0,0.0,0.0,0.0
iiON-Systems ApS,"Lundvej 38, 8800 Viborg",Viborg,11.10.2021,2.0,Mikro,Anpartsselskab,42784338,130.0,2419000.0,DKK,2024.0,0,0,27,1.0,0.0,0.0,0.0,0.0,0.0,0.0,0.0,0.0,0.0
Nemoy Orbiter ApS,"Nødholmsvej 11, 4171 Glumsø",Næstved,21.10.2020,Ikke oplyst,Ikke oplyst,Anpartsselskab,41818379,40.0,-9000.0,DKK,2023.0,0,0,27,1.0,0.0,0.0,0.0,0.0,0.0,0.0,0.0,0.0,0.0
DANSK YACHT TEKNIK ApS,"Rosenvænget 9, 5792 Årslev",Faaborg-Midtfyn,04.06.2014,1.0,Mikro,Anpartsselskab,30538099,50.0,1020000.0,DKK,2024.0,0,0,27,,0.0,0.0,1.0,0.0,0.0,0.0,0.0,0.0,0.0
SARGO A/S,"Jyllandsgade 4, 6230 Rødekro",Aabenraa,14.09.2020,Ikke oplyst,Ikke oplyst,Aktieselskab,41691670,1.0,-15000.0,DKK,2024.0,0,0,27,1.0,0.0,0.0,0.0,0.0,0.0,0.0,0.0,0.0,0.0
RE-LIGHT ApS,"Neelsvej 6, 2791 Dragør",Tårnby,28.04.2011,1.0,Mikro,Anpartsselskab,33640587,80.0,859000.0,DKK,2024.0,0,0,27,,0.0,0.0,0.0,1.0,0.0,0.0,0.0,0.0,0.0
ELMO-TECH ApS,"Skanderborgvej 27, 8680 Ry",Skanderborg,05.07.2013,Ikke oplyst,Ikke oplyst,Anpartsselskab,35395970,80.0,-4000.0,DKK,2023.0,0,0,27,,0.0,0.0,1.0,0.0,0.0,0.0,0.0,0.0,0.0
OSMUND OLSEN ApS,"Hagensvej 25, 9530 Støvring",Rebild,08.09.2014,1.0,Mikro,Anpartsselskab,36083611,50.0,135000.0,DKK,2023.0,0,0,27,,0.0,0.0,0.0,1.0,0.0,0.0,0.0,0.0,0.0
LEDKON A/S,"Ellegårdvej 8 A, 6400 Sønderborg",Sønderborg,13.01.1995,15.0,Lille,Aktieselskab,18279703,500.0,1768000.0,DKK,2023.0,0,0,27,,0.0,1.0,0.0,0.0,0.0,0.0,0.0,0.0,0.0
BioCat Roslev ApS,"Torvegade 6, 6330 Padborg",Aabenraa,01.03.2018,Ikke oplyst,Ikke oplyst,Anpartsselskab,39377578,50.0,-31000.0,DKK,2023.0,0,0,27,,1.0,0.0,0.0,0.0,0.0,0.0,0.0,0.0,0.0
GEST ApS,"Engvej 261, 9440 Aabybro",Jammerbugt,14.02.2023,Ikke oplyst,Ikke oplyst,Anpartsselskab,43850466,40.0,196000.0,DKK,2023.0,0,0,27,,1.0,0.0,0.0,0.0,0.0,0.0,0.0,0.0,0.0
AH LEDlight ApS,"Solvang 21-23, 3450 Allerød",Allerød,26.04.2016,Ikke oplyst,Ikke oplyst,Anpartsselskab,37651443,50.0,-6000.0,DKK,2024.0,0,0,27,,0.0,0.0,0.0,1.0,0.0,0.0,0.0,0.0,0.0
Baldr Light ApS,"Ryttermarken 10 1, 3520 Farum",Furesø,04.03.2021,Ikke oplyst,Ikke oplyst,Anpartsselskab,42193208,280.0,22000.0,DKK,2023.0,0,0,27,,0.0,0.0,0.0,1.0,0.0,0.0,0.0,0.0,0.0
PRODUKTUDVIKLING ApS,"Fuglekongevej 4, 8400 Ebeltoft",Syddjurs,03.05.1999,Ikke oplyst,Ikke oplyst,Anpartsselskab,21681776,200.0,19000.0,DKK,2023.0,0,0,27,1.0,0.0,0.0,0.0,0.0,0.0,0.0,0.0,0.0,0.0
SCREENLINE SYSTEMS ApS,"Silovej 8 2, 9900 Frederikshavn",Frederikshavn,05.11.2008,1.0,Mikro,Anpartsselskab,31848741,125.0,331000.0,DKK,2023.0,0,0,27,1.0,0.0,0.0,0.0,0.0,0.0,0.0,0.0,0.0,0.0
REIMER+ ApS,"Toldbodvej 78, 4581 Rørvig",Odsherred,09.09.2014,8.0,Mikro,Anpartsselskab,35893326,50.0,3978000.0,DKK,2023.0,0,0,27,,0.0,0.0,0.0,1.0,0.0,0.0,0.0,0.0,0.0
RESOLUX ApS,"Slipshavnsvej 2, 5800 Nyborg",Nyborg,26.05.2003,38.0,Lille,Anpartsselskab,27180663,313.0,35238000.0,DKK,2023.0,0,0,27,,0.0,0.0,0.0,1.0,0.0,0.0,0.0,0.0,0.0
Mkwork ApS,"Møllegade 19, 6670 Holsted",Vejen,26.10.2022,Ikke oplyst,Ikke oplyst,Anpartsselskab,43603167,40.0,466000.0,DKK,2023.0,0,0,27,,0.0,0.0,1.0,0.0,0.0,0.0,0.0,0.0,0.0
ZARP DANMARK ApS,"Ulvevej 13, 4622 Havdrup",Solrød,01.11.1985,Ikke oplyst,Ikke oplyst,Anpartsselskab,10043271,200.0,331000.0,DKK,2024.0,0,0,27,,0.0,0.0,0.0,1.0,0.0,0.0,0.0,0.0,0.0
Boviwalk ApS,"Oblingvej 26, 6893 Hemmet",Ringkøbing-Skjern,18.08.2020,2.0,Mikro,Anpartsselskab,41602325,66.0,420000.0,DKK,2023.0,0,0,27,1.0,0.0,0.0,0.0,0.0,0.0,0.0,0.0,0.0,0.0
SENSORCLIP ApS,"Furvej 3, 7900 Nykøbing M",Morsø,28.06.2011,2.0,Mikro,Anpartsselskab,33770545,200.0,1140000.0,DKK,2024.0,0,0,27,1.0,0.0,0.0,0.0,0.0,0.0,0.0,0.0,0.0,0.0
USS ApS,"Bjerringbrovej 112, 2610 Rødovre",Rødovre,30.05.2016,1.0,Mikro,Anpartsselskab,37755907,108.0,-175000.0,DKK,2023.0,0,0,27,,1.0,0.0,0.0,0.0,0.0,0.0,0.0,0.0,0.0
TELEKTRO ApS,"Bibliotekvej 53 A 1, 2650 Hvidovre",Hvidovre,22.11.1985,1.0,Mikro,Anpartsselskab,79451819,125.0,521000.0,DKK,2024.0,0,0,27,1.0,0.0,0.0,0.0,0.0,0.0,0.0,0.0,0.0,0.0
NBE PRODUCTION A/S,"Kjeldgaardsvej 2, 9300 Sæby",Frederikshavn,18.12.2012,23.0,Lille,Aktieselskab,34890323,500.0,18465000.0,DKK,2024.0,0,0,27,,0.0,0.0,0.0,0.0,0.0,0.0,1.0,0.0,0.0
NEDERGAARD MASKINER ApS,"Munklindevej 11, 7441 Bording",Ikast-Brande,18.09.2008,Ikke oplyst,Ikke oplyst,Anpartsselskab,31759986,125.0,-50000.0,DKK,2023.0,0,0,27,,0.0,0.0,1.0,0.0,0.0,0.0,0.0,0.0,0.0
NANO RIVER TECHNOLOGIES ApS,"Regnersvej 26, 3650 Ølstykke",Egedal,01.01.2010,Ikke oplyst,Ikke oplyst,Anpartsselskab,32671802,125.0,308000.0,DKK,2023.0,0,0,27,1.0,0.0,0.0,0.0,0.0,0.0,0.0,0.0,0.0,0.0
JEVI A/S,"Godthåbsvej 7, 7100 Vejle",Vejle,01.02.1989,103.0,Mellemstor,Aktieselskab,12854277,5.0,56432000.0,DKK,2023.0,1,0,27,1.0,0.0,0.0,0.0,0.0,0.0,0.0,0.0,0.0,0.0
Archii.dk ApS,"Drejergangen 5, 2690 Karlslunde",Greve,04.04.2022,5.0,Mikro,Anpartsselskab,43177850,40.0,4549000.0,DKK,2023.0,0,0,27,,0.0,0.0,0.0,1.0,0.0,0.0,0.0,0.0,0.0
Jysk Batteri Service ApS,"Kongensgade 43, 9293 Kongerslev",Aalborg,22.03.2023,2.0,Mikro,Anpartsselskab,43937383,40.0,19000.0,DKK,2024.0,0,0,27,,0.0,0.0,0.0,0.0,0.0,0.0,0.0,1.0,0.0
SØGAARD HANDEL & INVEST ApS,"Østergade 54 A, 7430 Ikast",Ikast-Brande,19.05.2009,1.0,Mikro,Anpartsselskab,32153585,40.0,1830000.0,DKK,2023.0,0,0,27,,0.0,0.0,1.0,0.0,0.0,0.0,0.0,0.0,0.0
SATNORDIC ApS,"Fuglsigvej 1, 6818 Årre",Varde,07.09.2005,10.0,Lille,Anpartsselskab,28990677,125.0,15210000.0,DKK,2023.0,0,0,27,1.0,0.0,0.0,0.0,0.0,0.0,0.0,0.0,0.0,0.0
ELSTER-INSTROMET A/S,"Læsøvej 3 B, 9800 Hjørring",Hjørring,02.11.1984,5.0,Mikro,Aktieselskab,76403112,900.0,11950000.0,DKK,2023.0,0,0,27,,0.0,0.0,1.0,0.0,0.0,0.0,0.0,0.0,0.0
PM ENERGI A/S,"Østergade 134, 9700 Brønderslev",Brønderslev-Dronninglund,25.03.2003,99.0,Mellemstor,Aktieselskab,27079784,1.5,88420000.0,DKK,2023.0,0,0,27,,1.0,0.0,0.0,0.0,0.0,0.0,0.0,0.0,0.0
SAMPRO ApS,"Kratbjerg 238 E, 3480 Fredensborg",Fredensborg,27.01.2011,2.0,Mikro,Anpartsselskab,33493673,675.0,661000.0,DKK,2023.0,0,0,27,1.0,0.0,0.0,0.0,0.0,0.0,0.0,0.0,0.0,0.0
BE Arkitekter ApS,"Jernbane Allé 94 st tv, 2720 Vanløse",København,09.05.2016,2.0,Mikro,Anpartsselskab,37678686,50.0,1687000.0,DKK,2024.0,0,0,27,,0.0,0.0,0.0,1.0,0.0,0.0,0.0,0.0,0.0
TALLYKEY A/S,"Fabersvej 9, 7500 Holstebro",Holstebro,24.06.1996,17.0,Lille,Aktieselskab,19367770,1.0,9800000.0,DKK,2023.0,0,0,27,,0.0,0.0,1.0,0.0,0.0,0.0,0.0,0.0,0.0
BOLBY ApS,"Guldborgvej 8, 8600 Silkeborg",Silkeborg,26.11.1982,1.0,Mikro,Anpartsselskab,70702215,800.0,-17000.0,DKK,2024.0,0,0,27,,0.0,0.0,0.0,1.0,0.0,0.0,0.0,0.0,0.0
DANLAMP A/S,"Lundsbjerg Industrivej 65, 6200 Aabenraa",Aabenraa,05.06.1931,10.0,Lille,Aktieselskab,16326119,625.0,2932000.0,DKK,2024.0,1,0,27,,0.0,0.0,0.0,1.0,0.0,0.0,0.0,0.0,0.0
SICATECH A/S,"Trudsøvej 12 A, 7600 Struer",Struer,17.09.1998,33.0,Lille,Aktieselskab,21161608,500.0,10153000.0,DKK,2024.0,1,0,27,1.0,0.0,0.0,0.0,0.0,0.0,0.0,0.0,0.0,0.0
BITZER Electronics A/S,"Kærvej 77, 6400 Sønderborg",Sønderborg,26.11.1998,148.0,Mellemstor,Aktieselskab,21340006,25.0,81137000.0,DKK,2023.0,0,0,27,,0.0,0.0,1.0,0.0,0.0,0.0,0.0,0.0,0.0
SG PRODUKTION A/S,"Egestubben 16-26, 5270 Odense N",Odense,14.10.1959,118.0,Mellemstor,Aktieselskab,45478319,1.295,54390000.0,DKK,2023.0,1,0,27,,0.0,0.0,0.0,1.0,0.0,0.0,0.0,0.0,0.0
Rotiny ApS,"Leddet 4, 8700 Horsens",Horsens,05.12.2019,Ikke oplyst,Ikke oplyst,Anpartsselskab,40989145,180.0,20000.0,DKK,2023.0,0,0,27,,1.0,0.0,0.0,0.0,0.0,0.0,0.0,0.0,0.0
SPICA TECHNOLOGY ApS,"Bergsøesvej 12, 8600 Silkeborg",Silkeborg,26.05.2005,25.0,Lille,Anpartsselskab,28713053,126.0,20880000.0,DKK,2024.0,0,0,27,1.0,0.0,0.0,0.0,0.0,0.0,0.0,0.0,0.0,0.0
A/S VESTFROST,"Falkevej 12, 6705 Esbjerg Ø",Esbjerg,21.03.1963,188.0,Mellemstor,Aktieselskab,37101117,102.279,76723000.0,DKK,2024.0,1,0,27,,0.0,0.0,0.0,0.0,0.0,1.0,0.0,0.0,0.0
Tech Green ApS,"Herredsvej 15, 8723 Løsning",Hedensted,15.03.2023,Ikke oplyst,Ikke oplyst,Anpartsselskab,43918273,40.0,-74000.0,DKK,2024.0,0,0,27,1.0,0.0,0.0,0.0,0.0,0.0,0.0,0.0,0.0,0.0
Rathgen Consult ApS,"Skovhavevej 62, 5260 Odense S",Odense,06.07.2017,1.0,Mikro,Anpartsselskab,38781642,40.0,910000.0,DKK,2024.0,0,0,27,1.0,0.0,0.0,0.0,0.0,0.0,0.0,0.0,0.0,0.0
HH LUX ApS,"Skovmosevej 1 C, 9500 Hobro",Mariagerfjord,04.11.2021,2.0,Mikro,Anpartsselskab,42807621,40.0,43000.0,DKK,2023.0,0,0,27,,0.0,0.0,0.0,1.0,0.0,0.0,0.0,0.0,0.0
MIRAND ApS,"Nyvej 37, 5690 Tommerup",Assens,01.08.2017,5.0,Mikro,Anpartsselskab,38846930,40.0,930000.0,DKK,2023.0,0,0,27,1.0,0.0,0.0,0.0,0.0,0.0,0.0,0.0,0.0,0.0
Cabix ApS,"Drejervænget 8, 5610 Assens",Assens,30.04.2015,1.0,Mikro,Anpartsselskab,36734817,50.0,,nan,2024.0,0,0,27,,0.0,0.0,1.0,0.0,0.0,0.0,0.0,0.0,0.0
LIME Automation ApS,"Bogensevej 13 F, 8940 Randers SV",Randers,03.10.2018,4.0,Mikro,Anpartsselskab,39910624,50.0,1174000.0,DKK,2024.0,0,0,27,,0.0,0.0,1.0,0.0,0.0,0.0,0.0,0.0,0.0
J.K. MEDICO ApS,"Brydehusvej 30 st tv, 2750 Ballerup",Ballerup,11.01.1990,1.0,Mikro,Anpartsselskab,13832846,1.111,785000.0,DKK,2023.0,0,0,27,1.0,0.0,0.0,0.0,0.0,0.0,0.0,0.0,0.0,0.0
Acorn Invest ApS,"Clematisvej 19, 2300 København S",København,17.07.2006,2.0,Mikro,Anpartsselskab,29690367,125.0,-183000.0,DKK,2023.0,0,0,27,,0.0,0.0,0.0,1.0,0.0,0.0,0.0,0.0,0.0
H. Knudsen & Sønners Eftf. ApS,"Snedkervej 2 A, 4600 Køge",Køge,09.12.2019,Ikke oplyst,Ikke oplyst,Anpartsselskab,40994408,40.0,764000.0,DKK,2023.0,0,0,27,,1.0,0.0,0.0,0.0,0.0,0.0,0.0,0.0,0.0
SCHNEIDER ELECTRIC DANMARK A/S,"Lautrupvang 1, 2750 Ballerup",Ballerup,22.05.1917,665.0,Stor,Aktieselskab,70698714,114.0,770950000.0,DKK,2023.0,1,0,27,,0.0,0.0,1.0,0.0,1.0,0.0,0.0,0.0,0.0
BEGA SCANDINAVIA ApS,"Sankt Peders Stræde 27 4, 1453 København K",København,07.11.2012,1.0,Mikro,Anpartsselskab,34734003,80.0,1129000.0,DKK,2023.0,0,0,27,,0.0,0.0,0.0,1.0,0.0,0.0,0.0,0.0,0.0
SpikeQ ApS,"Drosselvej 1, 6800 Varde",Varde,08.10.2020,Ikke oplyst,Ikke oplyst,Anpartsselskab,41771267,90.0,16000.0,DKK,2024.0,0,0,27,,0.0,0.0,0.0,1.0,0.0,0.0,0.0,0.0,0.0
LYSIPLEX A/S,"Sognevej 25, 2605 Brøndby",Brøndby,02.01.1986,41.0,Lille,Aktieselskab,10080479,500.0,14166000.0,DKK,2024.0,0,0,27,,0.0,0.0,0.0,1.0,0.0,0.0,0.0,0.0,0.0
Nefa Automatic ApS,"Keglebakken 5, 7100 Vejle",Vejle,31.01.2023,2.0,Mikro,Anpartsselskab,43815717,40.0,533000.0,DKK,2023.0,0,0,27,,0.0,1.0,0.0,0.0,0.0,0.0,0.0,0.0,0.0
TITECH ELECTRIC A/S,"Ove Gjeddes Vej 11-19, 5220 Odense SØ",Odense,27.04.2000,199.0,Mellemstor,Aktieselskab,25350170,752.0,93493000.0,DKK,2023.0,0,0,27,,0.0,0.0,1.0,0.0,0.0,0.0,0.0,0.0,0.0
CLAYTON POWER A/S,"Pakhusgården 42-48, 5000 Odense C",Odense,06.07.2009,66.0,Mellemstor,Aktieselskab,29821631,750.0,34912000.0,DKK,2023.0,0,0,27,,1.0,0.0,0.0,0.0,0.0,0.0,0.0,1.0,0.0
Casus Distribution ApS,"Møllevej 9 G, 2990 Nivå",Fredensborg,18.09.2019,3.0,Mikro,Anpartsselskab,40796533,40.0,1252000.0,DKK,2023.0,0,0,27,,0.0,0.0,0.0,0.0,0.0,0.0,1.0,0.0,0.0
PEAKOPTICAL A/S,"Følfodvej 28, 9310 Vodskov",Aalborg,14.01.2010,1.0,Mikro,Aktieselskab,32671349,501.0,800000.0,DKK,2023.0,0,0,27,,0.0,0.0,0.0,0.0,0.0,0.0,0.0,0.0,1.0
LE KLINT A/S,"Egestubben 13-15, 5270 Odense N",Odense,21.02.1953,49.0,Lille,Aktieselskab,37750115,1.2,28008000.0,DKK,2024.0,1,0,27,,0.0,0.0,0.0,1.0,0.0,0.0,0.0,0.0,0.0
DACS A/S,"Falkevej 18, 8766 Nørre Snede",Ikast-Brande,23.12.1976,12.0,Lille,Aktieselskab,59575716,500.0,26298000.0,DKK,2024.0,0,0,27,,0.0,0.0,0.0,0.0,0.0,1.0,0.0,0.0,0.0
FarrowTech ApS,"Skjoldsbjergvej 1, 8464 Galten",Skanderborg,02.03.2015,Ikke oplyst,Ikke oplyst,Anpartsselskab,36554290,84.0,-100000.0,DKK,2024.0,0,0,27,1.0,0.0,0.0,0.0,0.0,0.0,0.0,0.0,0.0,0.0
CVP Struer ApS,"Kjelding Høj 39, 7600 Struer",Struer,09.11.2021,Ikke oplyst,Ikke oplyst,Anpartsselskab,42822337,40.0,-32000.0,DKK,2023.0,0,0,27,1.0,0.0,0.0,0.0,0.0,0.0,0.0,0.0,0.0,0.0
Danmind ApS,"Blækhatten 33 D, 5220 Odense SØ",Odense,07.08.2017,8.0,Mikro,Anpartsselskab,38842021,50.0,1901000.0,DKK,2023.0,0,0,27,,0.0,0.0,0.0,1.0,0.0,0.0,0.0,0.0,0.0
Belt Generators ApS,"Knasterhovvej 21, 5700 Svendborg",Svendborg,16.11.2017,Ikke oplyst,Ikke oplyst,Anpartsselskab,39093618,40.0,28000.0,DKK,2023.0,0,0,27,,1.0,0.0,0.0,0.0,0.0,0.0,0.0,0.0,0.0
ITS TEKNIK A/S,"Skomagervej 2 A, 7100 Vejle",Vejle,01.11.2002,69.0,Mellemstor,Aktieselskab,26862019,1.0,54022000.0,DKK,2023.0,0,0,27,1.0,0.0,0.0,0.0,0.0,0.0,0.0,0.0,0.0,0.0
KM TECH ApS,"Kirkevej 3, 5690 Tommerup",Assens,04.09.2007,2.0,Mikro,Anpartsselskab,30816609,250.0,1319000.0,DKK,2023.0,0,0,27,,0.0,0.0,1.0,0.0,0.0,0.0,0.0,0.0,0.0
DAN DRYER A/S,"Tåsingevej 2, 8940 Randers SV",Randers,19.06.1990,17.0,Lille,Aktieselskab,14330380,1.0,8972000.0,DKK,2024.0,0,0,27,,0.0,0.0,0.0,0.0,0.0,1.0,0.0,0.0,0.0
OKHOLM LIGHTING A/S,"Håndværkervej 5, 6270 Tønder",Tønder,14.11.1983,12.0,Lille,Aktieselskab,14489738,600.0,5942000.0,DKK,2023.0,0,0,27,,0.0,0.0,0.0,1.0,0.0,0.0,0.0,0.0,0.0
Elcor Sønderborg S A/S,"Grundtvigs Alle 165, 6400 Sønderborg",Sønderborg,07.07.1983,60.0,Mellemstor,Aktieselskab,73240816,1.332,21563000.0,DKK,2023.0,0,0,27,,0.0,0.0,1.0,0.0,0.0,0.0,0.0,0.0,0.0
PS Lys Design ApS,"Kronprinsessegade 42 st, 1306 København K",København,18.04.2017,1.0,Mikro,Anpartsselskab,38582267,50.0,588000.0,DKK,2024.0,0,0,27,,0.0,0.0,0.0,1.0,0.0,0.0,0.0,0.0,0.0
SOMMERLIGHT ApS,"Virum Stationsvej 193, 2830 Virum",Lyngby-Taarbæk,04.12.2002,1.0,Mikro,Anpartsselskab,26901936,125.0,279000.0,DKK,2023.0,0,0,27,,0.0,0.0,0.0,1.0,0.0,0.0,0.0,0.0,0.0
Techmatic ApS,"Rosbjergvej 22 N, 8220 Brabrand",Århus,14.09.2015,8.0,Mikro,Anpartsselskab,37082570,50.0,1546000.0,DKK,2023.0,0,0,27,,0.0,0.0,1.0,0.0,0.0,0.0,0.0,0.0,0.0
FLEKS TAVLER ApS,"Hjulmagervej 19 A, 7100 Vejle",Vejle,19.12.2011,28.0,Lille,Anpartsselskab,34085544,150.0,12971000.0,DKK,2024.0,0,0,27,,0.0,0.0,1.0,0.0,0.0,0.0,0.0,0.0,0.0
F.J.H. AUTOMATIC A/S,"Industriskellet 12, 3300 Frederiksværk",Halsnæs,01.08.1990,16.0,Lille,Aktieselskab,14694838,1.0,5713000.0,DKK,2023.0,0,0,27,,0.0,0.0,1.0,0.0,0.0,0.0,0.0,0.0,0.0
"Brother, Brother & Sons Blue ApS","Raffinaderivej 10, 2300 København S",København,13.08.2020,Ikke oplyst,Ikke oplyst,Anpartsselskab,41616180,40.0,-64000.0,DKK,2024.0,0,0,27,,0.0,0.0,0.0,1.0,0.0,0.0,0.0,0.0,0.0
Broen Design 2008 Aps,"Hindegade 6, 1303 København K",København,23.05.2008,1.0,Mikro,Anpartsselskab,31474299,125.0,81000.0,DKK,2023.0,0,0,27,,0.0,0.0,0.0,1.0,0.0,0.0,0.0,0.0,0.0
NORDIC CABLES ApS,"Skenkelsøvej 26, 3650 Ølstykke",Egedal,07.07.2009,1.0,Mikro,Anpartsselskab,32441084,125.0,64000.0,DKK,2023.0,0,0,27,,0.0,1.0,0.0,0.0,0.0,0.0,0.0,0.0,0.0
Axis Communications Denmark ApS,"Lyskær 3 C 2, 2730 Herlev",Herlev,22.05.2024,3.0,Mikro,Anpartsselskab,44853949,40.0,1439000.0,DKK,2024.0,0,0,27,1.0,0.0,0.0,0.0,0.0,0.0,0.0,0.0,0.0,0.0
CABINET SYSTEM A/S,"Europavej 8, 8990 Fårup",Randers,22.04.1976,36.0,Lille,Aktieselskab,37015814,1.0,18186000.0,DKK,2024.0,0,0,27,,0.0,0.0,1.0,0.0,0.0,0.0,0.0,0.0,0.0
HSS ENGINEERING A/S,"Lægårdsvej 12, 8520 Lystrup",Århus,01.07.1999,22.0,Lille,Aktieselskab,21822671,5.0,2831000.0,DKK,2023.0,0,0,27,1.0,0.0,0.0,0.0,0.0,0.0,0.0,0.0,0.0,0.0
ELEKTROKUL A/S,"Snedkervej 2 A, 4600 Køge",Køge,31.10.2003,7.0,Mikro,Aktieselskab,27416764,501.0,3960000.0,DKK,2023.0,0,0,27,1.0,0.0,0.0,0.0,0.0,0.0,0.0,0.0,0.0,0.0
TL TECHNOLOGY ApS,"Volkmøllevej 17, 8960 Randers SØ",Randers,15.05.2007,2.0,Mikro,Anpartsselskab,30546563,125.0,575000.0,DKK,2024.0,0,0,27,1.0,0.0,0.0,0.0,0.0,0.0,0.0,0.0,0.0,0.0
Nordic Eco Vent ApS,"Brøndbyvej 203, 2625 Vallensbæk",Vallensbæk,07.12.2018,Ikke oplyst,Ikke oplyst,Anpartsselskab,40078924,50.0,-30000.0,DKK,2023.0,0,0,27,1.0,0.0,0.0,0.0,0.0,0.0,0.0,0.0,0.0,0.0
ZEPIA ENERGY ApS,"Troensevej 19 B, 9220 Aalborg Øst",Aalborg,18.02.2005,2.0,Mikro,Anpartsselskab,28491018,125.0,904000.0,DKK,2024.0,0,0,27,,1.0,0.0,0.0,0.0,0.0,0.0,0.0,0.0,0.0
ITW GSE ApS,"Smedebakken 31-33, 5270 Odense N",Odense,02.01.1984,95.0,Mellemstor,Anpartsselskab,74218814,8.0,145709000.0,DKK,2023.0,0,0,27,,1.0,0.0,0.0,0.0,0.0,0.0,0.0,0.0,0.0
Elogic A/S,"Egeskovvej 2 A, 8700 Horsens",Horsens,01.07.1991,26.0,Lille,Aktieselskab,15290773,5.2,17940000.0,DKK,2024.0,0,0,27,,0.0,0.0,1.0,0.0,0.0,0.0,0.0,0.0,0.0
OPOURA A/S,"A.C.Illums Vej 4 A, 8600 Silkeborg",Silkeborg,03.05.2006,114.0,Mellemstor,Aktieselskab,29526443,502.0,83816000.0,DKK,2023.0,0,0,27,,0.0,0.0,1.0,0.0,0.0,0.0,0.0,0.0,0.0
LETH STEEL A/S,"Ølandsvej 10, 8800 Viborg",Viborg,08.01.2009,10.0,Lille,Aktieselskab,31934109,556.0,4206000.0,DKK,2024.0,0,0,27,1.0,0.0,0.0,0.0,0.0,0.0,0.0,0.0,0.0,0.0
Airvention ApS,"Funder Kirkevej 83 A, 8600 Silkeborg",Silkeborg,11.05.2022,Ikke oplyst,Ikke oplyst,Anpartsselskab,43257552,40.0,,nan,2023.0,0,0,27,,0.0,0.0,0.0,1.0,0.0,0.0,0.0,0.0,0.0
X-EL Tavler ApS,"Rugmarken 35 C, 3520 Farum",Furesø,25.07.2017,15.0,Lille,Anpartsselskab,38814974,50.0,7760000.0,DKK,2024.0,0,0,27,1.0,0.0,0.0,0.0,0.0,0.0,0.0,0.0,0.0,0.0
STAMEN ApS,"Sankt Jørgens Allé 5 D, 1615 København V",København,28.02.2020,Ikke oplyst,Ikke oplyst,Anpartsselskab,41227370,50.0,-20000.0,DKK,2023.0,0,0,27,,0.0,0.0,0.0,0.0,0.0,1.0,0.0,0.0,0.0
CONLAN ApS,"Amalienborgvej 15, 9400 Nørresundby",Aalborg,21.12.1990,7.0,Mikro,Anpartsselskab,14822496,210.0,1486000.0,DKK,2023.0,0,0,27,1.0,0.0,0.0,0.0,0.0,0.0,0.0,0.0,0.0,0.0
EATON ELECTRIC ApS,"Niels Bohrs Vej 2, 7100 Vejle",Vejle,16.12.1975,14.0,Lille,Anpartsselskab,14548408,3.002,-913000.0,DKK,2023.0,1,0,27,,0.0,0.0,1.0,0.0,0.0,0.0,0.0,0.0,0.0
Viridus A/S,"Langdyssen 6, 8200 Aarhus N",Århus,30.07.2018,Ikke oplyst,Ikke oplyst,Aktieselskab,39759365,500.0,-323000.0,DKK,2024.0,0,0,27,,0.0,0.0,0.0,0.0,0.0,0.0,0.0,1.0,0.0
ATE Energy ApS,"Nordvej 7, 4200 Slagelse",Slagelse,29.01.2018,7.0,Mikro,Anpartsselskab,39294516,50.0,3811000.0,DKK,2023.0,0,0,27,,1.0,0.0,0.0,0.0,0.0,0.0,0.0,0.0,0.0
NILROY ApS,"J.P. Larsens Vej 17 D, 8220 Brabrand",Århus,11.11.2014,1.0,Mikro,Anpartsselskab,36430885,78.0,116000.0,DKK,2023.0,0,0,27,,0.0,0.0,0.0,0.0,0.0,1.0,0.0,0.0,0.0
ILLUM EL-TEKNIK ApS,"Kattegat Strandhave 16, 3390 Hundested",Halsnæs,01.09.1988,2.0,Mikro,Anpartsselskab,12506589,125.0,197000.0,DKK,2024.0,0,0,27,,0.0,0.0,1.0,0.0,0.0,0.0,0.0,0.0,0.0
MUNKGAARDS METALVAREFABRIK ApS,"Nordtoften 7, 2640 Hedehusene",Høje-Taastrup,15.04.1986,5.0,Mikro,Anpartsselskab,10225973,200.0,891000.0,DKK,2024.0,0,0,27,,0.0,0.0,0.0,1.0,0.0,0.0,0.0,0.0,0.0
Melko Electronic ApS,"Bidstrupvej 14, 8930 Randers NØ",Randers,21.03.2019,2.0,Mikro,Anpartsselskab,40366180,100.0,953000.0,DKK,2023.0,0,0,27,1.0,0.0,0.0,0.0,0.0,0.0,0.0,0.0,0.0,0.0
LED IBOND A/S,"Ryttermarken 10 1, 3520 Farum",Furesø,17.07.2014,9.0,Mikro,Aktieselskab,36048441,500.0,-379000.0,DKK,2023.0,0,0,27,1.0,0.0,0.0,0.0,0.0,0.0,0.0,0.0,0.0,0.0
CUBIC- MODULSYSTEM A/S,"Skjoldborgsgade 21, 9700 Brønderslev",Brønderslev-Dronninglund,27.06.1979,297.0,Stor,Aktieselskab,57817712,28.0,383947000.0,DKK,2024.0,1,0,27,,0.0,0.0,1.0,0.0,0.0,0.0,0.0,0.0,0.0
ELCOLD FRYSERE. HOBRO ApS,"Løgstørvej 81, 9500 Hobro",Mariagerfjord,17.09.1982,67.0,Mellemstor,Anpartsselskab,71265714,1.96,35312000.0,DKK,2024.0,0,0,27,,0.0,0.0,0.0,0.0,0.0,1.0,0.0,0.0,0.0
ARO Energy Solutions A/S,"Østerbro 30, 5000 Odense C",Odense,23.06.1971,6.0,Mikro,Aktieselskab,32883613,500.0,2992000.0,DKK,2023.0,1,0,27,,0.0,0.0,0.0,0.0,0.0,0.0,1.0,0.0,0.0
Skaarup ApS,"Lillevangsvej 26, 3520 Farum",Furesø,30.01.2018,Ikke oplyst,Ikke oplyst,Anpartsselskab,39291452,50.0,230000.0,DKK,2023.0,0,0,27,,0.0,0.0,0.0,1.0,0.0,0.0,0.0,0.0,0.0
ELWIS LIGHTING A/S,"Sandtoften 11, 2820 Gentofte",Gentofte,22.06.2001,6.0,Mikro,Aktieselskab,26188482,500.0,5788000.0,DKK,2023.0,0,0,27,,0.0,0.0,0.0,1.0,0.0,0.0,0.0,0.0,0.0
DANFOSS POWER ELECTRONICS A/S,"Ulsnæs 1, 6300 Gråsten",Sønderborg,07.03.1997,990.0,Stor,Aktieselskab,19883876,100.0,703444000.0,DKK,2023.0,0,0,27,1.0,0.0,0.0,0.0,0.0,0.0,0.0,0.0,0.0,0.0
TRANSIGNAL ApS,"Byagervej 25 A, 4682 Tureby",Faxe,24.06.2013,Ikke oplyst,Ikke oplyst,Anpartsselskab,35385932,80.0,238000.0,DKK,2024.0,0,0,27,,1.0,0.0,0.0,0.0,0.0,0.0,0.0,0.0,0.0
Kreon ApS,"Brennerpasset 58, 6000 Kolding",Kolding,12.08.2021,Ikke oplyst,Ikke oplyst,Anpartsselskab,42600652,40.0,4000.0,DKK,2023.0,0,0,27,,0.0,0.0,0.0,1.0,0.0,0.0,0.0,0.0,0.0
Selco ApS,"Betonvej 11, 4000 Roskilde",Roskilde,01.02.2016,9.0,Mikro,Anpartsselskab,37427675,50.0,10035000.0,DKK,2023.0,0,0,27,1.0,0.0,0.0,1.0,0.0,0.0,0.0,0.0,0.0,0.0
EL-TA A/S,"Erhvervsparken Klank 27, 8464 Galten",Skanderborg,12.06.1990,21.0,Lille,Aktieselskab,14306994,500.0,10185000.0,DKK,2024.0,0,0,27,,0.0,0.0,1.0,0.0,0.0,0.0,0.0,0.0,0.0
VisualStock ApS,"Skjoldsbjergvej 1, 8464 Galten",Skanderborg,30.05.2017,Ikke oplyst,Ikke oplyst,Anpartsselskab,38676849,56.0,-12000.0,DKK,2024.0,0,0,27,1.0,0.0,0.0,0.0,0.0,0.0,0.0,0.0,0.0,0.0
ORBITAL A/S,"Trykkerivej 5, 6900 Skjern",Ringkøbing-Skjern,06.12.2000,17.0,Lille,Aktieselskab,25811879,500.0,11830000.0,DKK,2024.0,0,0,27,,0.0,0.0,1.0,0.0,0.0,0.0,0.0,0.0,0.0
J.H. PLAST EXTRUDERING ApS,"Lundemarksvej 23 D, 4300 Holbæk",Holbæk,20.05.2003,3.0,Mikro,Anpartsselskab,27192149,125.0,909000.0,DKK,2023.0,0,0,27,,0.0,0.0,0.0,0.0,1.0,0.0,0.0,0.0,0.0
SOLARFUTURE ApS,"Herstedvang 10, 2620 Albertslund",Albertslund,09.12.2014,22.0,Lille,Anpartsselskab,36456205,50.0,17545000.0,DKK,2023.0,0,0,27,,1.0,0.0,0.0,0.0,0.0,0.0,0.0,0.0,0.0
Thøis Teknik ApS,"Bybjerg 1, 2680 Solrød Strand",Solrød,29.05.2019,1.0,Mikro,Anpartsselskab,40557784,50.0,153000.0,DKK,2024.0,0,0,27,,0.0,0.0,1.0,0.0,0.0,0.0,0.0,0.0,0.0
SV driftsselskab 2023-24 ApS,"Fabriksvej 8, 8881 Thorsø",Favrskov,09.06.2023,1.0,Mikro,Anpartsselskab,44110385,100.0,1669000.0,DKK,2023.0,0,0,27,,0.0,0.0,0.0,0.0,0.0,0.0,1.0,0.0,0.0
ARGENTO AUDIO ApS,"Emborgvej 23, 8680 Ry",Skanderborg,28.06.2007,4.0,Mikro,Anpartsselskab,30552474,125.0,3645000.0,DKK,2024.0,0,0,27,,0.0,0.0,0.0,0.0,0.0,0.0,0.0,0.0,1.0
TANTEC A/S,"Industrivej 6, 6640 Lunderskov",Kolding,23.03.1982,45.0,Lille,Aktieselskab,67382218,1.3,44226000.0,DKK,2023.0,0,0,27,1.0,0.0,0.0,0.0,0.0,0.0,0.0,0.0,0.0,0.0
GÅSDAL BYGNINGSINDUSTRI A/S,"Bækgårdsvej 38, 6900 Skjern",Ringkøbing-Skjern,12.09.1973,279.0,Stor,Aktieselskab,46911512,6.5,171263000.0,DKK,2023.0,1,0,27,,0.0,0.0,1.0,0.0,0.0,0.0,0.0,0.0,0.0
PorSenTech ApS,"Bredgade 3 B, 9490 Pandrup",Jammerbugt,19.03.2022,5.0,Mikro,Anpartsselskab,43155954,56.0,-170000.0,DKK,2023.0,0,0,27,,1.0,0.0,0.0,0.0,0.0,0.0,0.0,0.0,0.0
TUE GRUPPEN ApS,"Huginsvej 17, 4100 Ringsted",Ringsted,28.01.2015,4.0,Mikro,Anpartsselskab,36502827,50.0,938000.0,DKK,2023.0,0,0,27,,0.0,0.0,0.0,1.0,0.0,0.0,0.0,0.0,0.0
O-Robotics ApS,"Fejøvænget 29, 8381 Tilst",Århus,12.09.2022,8.0,Mikro,Anpartsselskab,43505718,103.0,572000.0,DKK,2024.0,0,0,27,,0.0,0.0,0.0,0.0,0.0,1.0,0.0,0.0,0.0
Krüger Wet Blaster ApS,"Erhvervsvej 1, 6650 Brørup",Vejen,01.01.2020,1.0,Mikro,Anpartsselskab,41047216,40.0,693000.0,DKK,2024.0,0,0,27,1.0,0.0,0.0,0.0,0.0,0.0,0.0,0.0,0.0,0.0
Adaptive Recognition Nordic A/S,"Ørestads Boulevard 73, 2300 København S",København,01.03.2019,4.0,Mikro,Aktieselskab,40343229,400.0,4926000.0,DKK,2024.0,0,0,27,1.0,0.0,0.0,0.0,0.0,0.0,0.0,0.0,0.0,0.0
Landbrugskomplementaren Anpartsselskab,"Fabriksvej 2, 7280 Sønder Felding",Herning,02.11.1982,Ikke oplyst,Ikke oplyst,Anpartsselskab,70965615,80.0,15000.0,DKK,2023.0,0,0,27,1.0,0.0,0.0,0.0,0.0,0.0,0.0,0.0,0.0,0.0
Next Fabrication * ApS,"Elbækvej 2, 8240 Risskov",Århus,11.05.2023,2.0,Mikro,Anpartsselskab,44049309,40.0,629000.0,DKK,2023.0,0,0,27,1.0,0.0,0.0,0.0,0.0,0.0,0.0,0.0,0.0,0.0
PowerAxl ApS,"Porthusgade 14 2, 9000 Aalborg",Aalborg,18.05.2015,Ikke oplyst,Ikke oplyst,Anpartsselskab,36895314,40.0,-4000.0,DKK,2024.0,0,0,27,1.0,0.0,0.0,0.0,0.0,0.0,0.0,0.0,0.0,0.0
PRINTTRONIC STRUER A/S,"Bødkervej 2, 7600 Struer",Struer,01.12.1992,7.0,Mikro,Aktieselskab,16556602,1.5,348000.0,DKK,2023.0,0,0,27,1.0,0.0,0.0,0.0,0.0,0.0,0.0,0.0,0.0,0.0
Dansk Lækagesikring ApS,"Fonnesbechsgade 11 A 1 tv, 7400 Herning",Herning,23.01.2019,1.0,Mikro,Anpartsselskab,40219064,50.0,170000.0,DKK,2023.0,0,0,27,1.0,0.0,0.0,0.0,0.0,0.0,0.0,0.0,0.0,0.0
Dolphin Care ApS,"Unionsvej 11, 4600 Køge",Køge,01.03.2016,2.0,Mikro,Anpartsselskab,37517690,64.0,-4226000.0,DKK,2023.0,0,0,27,1.0,0.0,0.0,0.0,0.0,0.0,0.0,0.0,0.0,0.0
FIONIA LIGHTING A/S,"Industrivej 8, 5471 Søndersø",Nordfyns,15.10.2008,Ikke oplyst,Ikke oplyst,Aktieselskab,31781795,1.0,104000.0,DKK,2024.0,0,0,27,,0.0,0.0,0.0,1.0,0.0,0.0,0.0,0.0,0.0
Elmotech ApS,"Frichsvej 48, 8600 Silkeborg",Silkeborg,22.12.2015,3.0,Mikro,Anpartsselskab,37330086,50.0,925000.0,DKK,2023.0,0,0,27,,0.0,0.0,1.0,0.0,0.0,0.0,0.0,0.0,0.0
ISOFLEX HOLDING ApS,"Hagensvej 7, 9530 Støvring",Rebild,04.06.2008,Ikke oplyst,Ikke oplyst,Anpartsselskab,31500079,125.0,-98000.0,DKK,2024.0,0,0,27,,0.0,0.0,1.0,0.0,0.0,0.0,0.0,0.0,0.0
Logic Group A/S,"Theilgaards Alle 9, 4600 Køge",Køge,15.03.2022,3.0,Mikro,Aktieselskab,43126172,400.0,1105000.0,DKK,2024.0,0,0,27,1.0,0.0,0.0,0.0,0.0,0.0,0.0,0.0,0.0,0.0
DavuTech ApS,"Vaskilde 54, 6400 Sønderborg",Sønderborg,05.10.2021,Ikke oplyst,Ikke oplyst,Anpartsselskab,42742678,50.0,-1000.0,DKK,2023.0,0,0,27,1.0,0.0,0.0,0.0,0.0,0.0,0.0,0.0,0.0,0.0
LOUIS POULSEN A/S,"Kuglegårdsvej 19, 1434 København K",København,01.04.1958,346.0,Stor,Aktieselskab,59742817,10.0,261000000.0,DKK,2023.0,1,0,27,,0.0,0.0,0.0,1.0,0.0,0.0,0.0,0.0,0.0
Nordisk Teknik ApS,"Skovhusvejen 96, 4350 Ugerløse",Holbæk,30.06.2020,1.0,Mikro,Anpartsselskab,41521236,400.0,1425000.0,DKK,2023.0,0,0,27,1.0,0.0,0.0,0.0,0.0,0.0,0.0,0.0,0.0,0.0
SWARCO TECHNOLOGY ApS,"C.F. Tietgens Boulevard 25, 5220 Odense SØ",Odense,01.02.1997,30.0,Lille,Anpartsselskab,19943305,166.0,38140000.0,DKK,2023.0,0,0,27,1.0,0.0,0.0,0.0,0.0,0.0,0.0,0.0,0.0,0.0
Whatapipe ApS,"Frederiksborggade 15, 1360 København K",København,14.11.2016,Ikke oplyst,Ikke oplyst,Anpartsselskab,38179616,40.0,0.0,DKK,2023.0,0,0,27,,0.0,0.0,0.0,1.0,0.0,0.0,0.0,0.0,0.0
Scansupply Batteries ApS,"Topstykket 19, 3460 Birkerød",Rudersdal,15.06.2005,2.0,Mikro,Anpartsselskab,28844417,125.0,16092000.0,DKK,2024.0,0,0,27,,0.0,0.0,0.0,0.0,0.0,0.0,0.0,1.0,0.0
STEEN LEERBERG HOLDING ApS,"Præstø Overdrev 2, 4720 Præstø",Vordingborg,03.09.2012,Ikke oplyst,Ikke oplyst,Anpartsselskab,34704066,80.0,-33000.0,DKK,2023.0,0,0,27,1.0,0.0,0.0,0.0,0.0,0.0,0.0,0.0,0.0,0.0
STREJF ApS,"Skovbovænget 72, 3500 Værløse",Furesø,31.08.2007,Ikke oplyst,Ikke oplyst,Anpartsselskab,30820371,125.0,,nan,2023.0,0,0,27,,0.0,0.0,0.0,0.0,0.0,1.0,0.0,0.0,0.0
Hyme Energy ApS,"Titangade 11, 2200 København N",København,09.11.2021,43.0,Lille,Anpartsselskab,42822027,178.0,12039000.0,DKK,2023.0,0,0,27,,0.0,0.0,0.0,0.0,0.0,0.0,0.0,1.0,0.0
BENTRON POWER ApS,"Dam Enge 1, 3660 Stenløse",Egedal,01.06.1990,Ikke oplyst,Ikke oplyst,Anpartsselskab,14861890,200.0,199000.0,DKK,2024.0,0,0,27,,0.0,0.0,0.0,1.0,0.0,0.0,0.0,0.0,0.0
ATOZ BATTERY ApS,"Industrivænget 8, 5450 Otterup",Nordfyns,28.02.2006,Ikke oplyst,Ikke oplyst,Anpartsselskab,29404100,125.0,36000.0,DKK,2024.0,0,0,27,1.0,0.0,0.0,0.0,0.0,0.0,0.0,0.0,0.0,0.0
LYNXEO SYSTEMS DENMARK A/S,"Livøvej 37 B, 8800 Viborg",Viborg,27.07.2004,34.0,Lille,Aktieselskab,27985378,3.694,41986000.0,DKK,2023.0,0,0,27,1.0,0.0,0.0,0.0,0.0,0.0,0.0,0.0,0.0,0.0
BACALERT ApS,"Grundtvigs Alle 163, 6400 Sønderborg",Sønderborg,03.04.2017,Ikke oplyst,Ikke oplyst,Anpartsselskab,38542826,40.0,-40000.0,DKK,2023.0,0,0,27,,0.0,0.0,1.0,0.0,0.0,0.0,0.0,0.0,0.0
CAMTO A/S,"Måløv Værkstedsby 105, 2760 Måløv",Ballerup,19.11.1981,2.0,Mikro,Aktieselskab,60787816,500.0,-389000.0,DKK,2024.0,0,0,27,,0.0,0.0,1.0,0.0,0.0,0.0,0.0,0.0,0.0
TUNSTALL A/S,"Niels Bohrs Vej 42, 8660 Skanderborg",Skanderborg,01.02.1989,82.0,Mellemstor,Aktieselskab,12852681,2.2,89049000.0,DKK,2024.0,0,0,27,1.0,0.0,0.0,0.0,0.0,0.0,0.0,0.0,0.0,0.0
Sintec ApS,"Enghaven 20, 6580 Vamdrup",Kolding,11.05.2021,1.0,Mikro,Anpartsselskab,42381861,210.0,627000.0,DKK,2023.0,0,0,27,,0.0,0.0,1.0,0.0,0.0,0.0,0.0,0.0,0.0
NORDICCO A/S,"Strevelinsvej 22, 7000 Fredericia",Fredericia,31.08.2014,11.0,Lille,Aktieselskab,36085118,600.0,10255000.0,DKK,2023.0,0,0,27,,0.0,0.0,0.0,0.0,0.0,1.0,0.0,0.0,0.0
NAUTRONIC A/S,"Danmarksvej 1, 8660 Skanderborg",Skanderborg,24.06.1989,8.0,Mikro,Aktieselskab,13127778,500.0,3485000.0,DKK,2024.0,0,0,27,1.0,0.0,0.0,0.0,0.0,0.0,0.0,0.0,0.0,0.0
MIGATRONIC A/S,"Aggersundvej 33, 9690 Fjerritslev",Jammerbugt,31.12.1971,171.0,Mellemstor,Aktieselskab,34485216,8.759,-15298000.0,DKK,2023.0,1,0,27,1.0,0.0,0.0,0.0,0.0,0.0,0.0,0.0,0.0,0.0
Amphenol Cabelcon ApS,"Industriparken 10, 4760 Vordingborg",Vordingborg,01.11.1993,69.0,Mellemstor,Anpartsselskab,17376632,500.0,13392000.0,DKK,2023.0,1,0,27,,0.0,0.0,0.0,0.0,1.0,0.0,0.0,0.0,0.0
K-tavler ApS,"Hagensvej 7, 9530 Støvring",Rebild,17.10.2023,1.0,Mikro,Anpartsselskab,44387948,40.0,294000.0,DKK,2024.0,0,0,27,1.0,0.0,0.0,0.0,0.0,0.0,0.0,0.0,0.0,0.0
Nordic Ultra Capacitor Engineering Research Center A/S,"Niels Jernes Vej 10, 9220 Aalborg Øst",Aalborg,05.03.2019,1.0,Mikro,Aktieselskab,40318585,1.0,578000.0,DKK,2024.0,0,0,27,1.0,0.0,0.0,0.0,0.0,0.0,0.0,0.0,0.0,0.0
SWEDE ELECTRONICS A/S,"Birkmosevej 13 B, 6950 Ringkøbing",Ringkøbing-Skjern,07.04.1949,1.0,Mikro,Aktieselskab,26081017,1.5,2171000.0,DKK,2024.0,0,0,27,1.0,0.0,0.0,0.0,0.0,0.0,0.0,0.0,0.0,0.0
Ladeklubben ApS,"Tinggårdvej 7, 6400 Sønderborg",Sønderborg,21.10.2020,Ikke oplyst,Ikke oplyst,Anpartsselskab,41782587,150.0,50000.0,DKK,2023.0,0,0,27,1.0,0.0,0.0,0.0,0.0,0.0,0.0,0.0,0.0,0.0
Hua Dan Innovation ApS,"Skovdiget 28, 2880 Bagsværd",Gladsaxe,28.09.2017,1.0,Mikro,Anpartsselskab,38976656,50.0,-15000.0,DKK,2023.0,0,0,27,,1.0,0.0,0.0,0.0,0.0,0.0,0.0,0.0,0.0
LEDlight Danmark A/S,"Rørvangsvej 43 A, 4300 Holbæk",Holbæk,27.08.2009,17.0,Lille,Aktieselskab,32439101,510.0,10973000.0,DKK,2023.0,0,0,27,,0.0,0.0,0.0,1.0,0.0,0.0,0.0,0.0,0.0
MDT A/S,"Industrivej 5, 6000 Kolding",Kolding,30.06.2008,14.0,Lille,Aktieselskab,31588073,500.0,23382000.0,DKK,2023.0,0,0,27,1.0,0.0,0.0,0.0,0.0,0.0,0.0,0.0,0.0,0.0
MS TRADING ODENSE A/S,"Thorsgade 5 st th, 5000 Odense C",Odense,15.12.2007,Ikke oplyst,Ikke oplyst,Aktieselskab,30517679,500.0,60000.0,DKK,2023.0,0,0,27,,0.0,0.0,0.0,1.0,0.0,0.0,0.0,0.0,0.0
LIGHTZONE ApS,"Folehaven 147, 2500 Valby",København,09.06.2010,2.0,Mikro,Anpartsselskab,32948065,80.0,23000.0,DKK,2024.0,0,0,27,,0.0,0.0,0.0,1.0,0.0,0.0,0.0,0.0,0.0
LED-Mark ITS ApS,"Bygaden 76, 5953 Tranekær",Langeland,04.04.2008,2.0,Mikro,Anpartsselskab,31424267,50.0,480000.0,DKK,2023.0,0,0,27,1.0,0.0,0.0,0.0,0.0,0.0,0.0,0.0,0.0,0.0
SolarA ApS,"Herstedvang 10, 2620 Albertslund",Albertslund,12.11.2019,28.0,Lille,Anpartsselskab,40934499,40.0,20918000.0,DKK,2024.0,0,0,27,1.0,0.0,0.0,0.0,0.0,0.0,0.0,0.0,0.0,0.0
Datoselskabet CV af november 2024 A/S,"Finlandsgade 25 A, 8200 Aarhus N",Århus,23.06.2006,22.0,Lille,Aktieselskab,27525202,1.347,9925000.0,DKK,2023.0,0,0,27,,0.0,0.0,1.0,0.0,0.0,0.0,0.0,0.0,0.0
4 Balance Holding ApS,"Enkehøj 10, 7330 Brande",Ikast-Brande,24.02.2022,Ikke oplyst,Ikke oplyst,Anpartsselskab,43088432,40.0,-12000.0,DKK,2024.0,0,0,27,1.0,0.0,0.0,0.0,0.0,0.0,0.0,0.0,0.0,0.0
DASPOS INTERNATIONAL ApS,"Gammel Klausdalsbrovej 495, 2730 Herlev",Herlev,09.04.2013,Ikke oplyst,Ikke oplyst,Anpartsselskab,35212388,80.0,170000.0,DKK,2023.0,0,0,27,1.0,0.0,0.0,0.0,0.0,0.0,0.0,0.0,0.0,0.0
FLP STENSTRUP ApS,"Assensvej 210 B, 5771 Stenstrup",Svendborg,13.03.2008,Ikke oplyst,Ikke oplyst,Anpartsselskab,31325684,125.0,-11000.0,DKK,2024.0,0,0,27,,0.0,0.0,1.0,0.0,0.0,0.0,0.0,0.0,0.0
Nerve Smart Systems A/S,"Langebjergvænget 19 A, 4000 Roskilde",Roskilde,27.10.2016,15.0,Lille,Aktieselskab,38137271,1.962,-1736000.0,DKK,2023.0,0,0,27,,0.0,0.0,0.0,0.0,0.0,0.0,0.0,1.0,0.0
Nordic Spot ApS,"Thorsvej 13, 4100 Ringsted",Ringsted,01.12.2020,1.0,Mikro,Anpartsselskab,41899867,40.0,6000.0,DKK,2023.0,0,0,27,,0.0,0.0,0.0,1.0,0.0,0.0,0.0,0.0,0.0
MØLLER & JENSEN ApS,"Virkelyst 9, 9400 Nørresundby",Aalborg,05.11.2009,10.0,Lille,Anpartsselskab,32560873,125.0,6386000.0,DKK,2024.0,0,0,27,,0.0,0.0,1.0,0.0,0.0,0.0,0.0,0.0,0.0
RIse & Shine Denmark ApS,"Fredericiagade 21 B, 7100 Vejle",Vejle,08.09.2020,1.0,Mikro,Anpartsselskab,41672579,54.0,-59000.0,DKK,2024.0,0,0,27,,0.0,0.0,0.0,1.0,0.0,0.0,0.0,0.0,0.0
Kastoft Design ApS,"A.P. Møllers Allé 55, 2791 Dragør",Tårnby,03.02.2022,1.0,Mikro,Anpartsselskab,43029428,80.0,-141000.0,DKK,2023.0,0,0,27,1.0,0.0,0.0,0.0,0.0,0.0,0.0,0.0,0.0,0.0
TransElectro ApS,"Vestvejen 3, 9560 Hadsund",Mariagerfjord,28.05.2018,2.0,Mikro,Anpartsselskab,39600234,50.0,1473000.0,DKK,2023.0,0,0,27,,1.0,0.0,0.0,0.0,0.0,0.0,0.0,0.0,0.0
VANDVAGT ApS,"Sejlhøjvej 3, 7700 Thisted",Thisted,05.03.1999,9.0,Mikro,Anpartsselskab,21629995,125.0,3272000.0,DKK,2023.0,0,0,27,,0.0,0.0,1.0,0.0,0.0,0.0,0.0,0.0,0.0
L3D ApS,"Galionsvej 37, 1437 København K",København,02.06.2020,Ikke oplyst,Ikke oplyst,Anpartsselskab,41408820,40.0,-3000.0,DKK,2024.0,0,0,27,1.0,0.0,0.0,0.0,0.0,0.0,0.0,0.0,0.0,0.0
ZenSati Production ApS,"Bomose Alle 9, 3200 Helsinge",Gribskov,25.10.2021,Ikke oplyst,Ikke oplyst,Anpartsselskab,42785903,40.0,-8000.0,DKK,2024.0,0,0,27,,0.0,1.0,0.0,0.0,0.0,0.0,0.0,0.0,0.0
CLEAN-E-MARINE ApS,"Bastrupvej 10, 3540 Lynge",Allerød,03.02.2012,Ikke oplyst,Ikke oplyst,Anpartsselskab,34222576,80.0,113000.0,DKK,2024.0,0,0,27,,1.0,0.0,0.0,0.0,0.0,0.0,0.0,0.0,0.0
Flux A/S,"Industrivangen 5, 4550 Asnæs",Odsherred,30.06.1983,56.0,Mellemstor,Aktieselskab,73297710,2.1,30375000.0,DKK,2024.0,1,0,27,,1.0,0.0,0.0,0.0,0.0,0.0,0.0,0.0,0.0
SRI SIGN SOLUTION A/S,"Brolæggervej 10, 6710 Esbjerg V",Esbjerg,01.02.1990,14.0,Lille,Aktieselskab,13965579,510.0,17551000.0,DKK,2024.0,0,0,27,,0.0,0.0,0.0,1.0,0.0,0.0,0.0,0.0,0.0
FOCUS LIGHTING A/S,"Kokkedal Industripark 40, 2980 Kokkedal",Fredensborg,24.06.1981,48.0,Lille,Aktieselskab,66941213,500.0,45331000.0,DKK,2024.0,0,0,27,,0.0,0.0,0.0,1.0,0.0,0.0,0.0,0.0,0.0
Batteri Energi ApS,"Stokagervej 6 E st th, 8240 Risskov",Århus,09.10.2020,4.0,Mikro,Anpartsselskab,41759763,40.0,731000.0,DKK,2023.0,0,0,27,,0.0,0.0,0.0,0.0,0.0,0.0,0.0,1.0,0.0
ACCESS TECHNOLOGY A/S,"Marøgelhøj 22 C, 8520 Lystrup",Århus,25.03.2010,29.0,Lille,Aktieselskab,32831192,400.0,27841000.0,DKK,2024.0,0,0,27,1.0,0.0,0.0,0.0,0.0,0.0,0.0,0.0,0.0,0.0
LS Cable & System Denmark ApS,"Holbergsgade 14 3 th, 1057 København K",København,12.09.2016,23.0,Lille,Anpartsselskab,38000748,50.0,5052000.0,DKK,2023.0,0,0,27,,0.0,1.0,0.0,0.0,0.0,0.0,0.0,0.0,0.0
G.V. HARNISCH METALVAREFABRIK ApS,"Måløv Værkstedsby 55, 2760 Måløv",Ballerup,21.07.1999,1.0,Mikro,Anpartsselskab,21824739,125.0,307000.0,DKK,2023.0,0,0,27,,0.0,0.0,0.0,1.0,0.0,0.0,0.0,0.0,0.0
KIRK ELECTRONIC A/S,"Farvervej 8, 7600 Struer",Struer,05.01.1981,6.0,Mikro,Aktieselskab,66655318,500.0,4744000.0,DKK,2024.0,0,0,27,,0.0,0.0,0.0,0.0,0.0,1.0,0.0,0.0,0.0
EnergyFreedom ApS,"Karen Blixens Vej 5, 6400 Sønderborg",Sønderborg,22.10.2021,Ikke oplyst,Ikke oplyst,Anpartsselskab,42776475,40.0,-18000.0,DKK,2023.0,0,0,27,1.0,0.0,0.0,0.0,0.0,0.0,0.0,0.0,0.0,0.0
Rebild Tavleteknik A/S,"Hagensvej 5, 9530 Støvring",Rebild,01.01.2001,13.0,Lille,Aktieselskab,25874323,500.0,8960000.0,DKK,2024.0,0,0,27,,0.0,0.0,1.0,0.0,0.0,0.0,0.0,0.0,0.0
RENCAT ApS,"Oksemosen 10, 2840 Holte",Rudersdal,02.10.2014,Ikke oplyst,Ikke oplyst,Anpartsselskab,36397268,50.0,-11000.0,DKK,2023.0,0,0,27,,1.0,0.0,0.0,0.0,0.0,0.0,0.0,0.0,0.0
NTO A/S,"Industrivej 8, 7430 Ikast",Ikast-Brande,01.07.2003,58.0,Mellemstor,Aktieselskab,27240607,601.0,39677000.0,DKK,2023.0,0,0,27,,0.0,0.0,1.0,0.0,0.0,0.0,0.0,0.0,0.0
FERROPERM EMC SALES ApS,"Bakkegårdsvej 405, 3050 Humlebæk",Fredensborg,01.07.2013,8.0,Mikro,Anpartsselskab,35390006,80.0,578000.0,DKK,2023.0,0,0,27,1.0,0.0,0.0,0.0,0.0,0.0,0.0,0.0,0.0,0.0
ELEKTRO-ISOLA A/S,"Grønlandsvej 197, 7100 Vejle",Vejle,01.06.1996,137.0,Mellemstor,Aktieselskab,19403882,9.0,43165000.0,DKK,2024.0,1,0,27,,0.0,0.0,0.0,0.0,1.0,0.0,0.0,0.0,0.0
Klein Embedded ApS,"Niels Juels Allé 51, 5250 Odense SV",Odense,24.01.2023,1.0,Mikro,Anpartsselskab,43801570,40.0,748000.0,DKK,2023.0,0,0,27,1.0,0.0,0.0,0.0,0.0,0.0,0.0,0.0,0.0,0.0
Ultraline ApS,"Lægårdvej 91 E, 7500 Holstebro",Holstebro,04.10.2018,2.0,Mikro,Anpartsselskab,39916266,50.0,1202000.0,DKK,2023.0,0,0,27,,0.0,0.0,0.0,1.0,0.0,0.0,0.0,0.0,0.0
LOKLINDT ApS,"Damgade 71 A, 6400 Sønderborg",Sønderborg,01.12.2000,Ikke oplyst,Ikke oplyst,Anpartsselskab,25786580,250.0,-14000.0,DKK,2024.0,0,0,27,1.0,0.0,0.0,0.0,0.0,0.0,0.0,0.0,0.0,0.0
ABEL METALTRYK ApS,"Lyderslev Stræde 8, 4660 Store Heddinge",Stevns,18.02.1977,2.0,Mikro,Anpartsselskab,81109613,125.0,490000.0,DKK,2023.0,0,0,27,,0.0,0.0,0.0,1.0,0.0,0.0,0.0,0.0,0.0
ICEOTIQ ApS,"Bøgebjerg 2 2 tv, 8400 Ebeltoft",Syddjurs,22.10.2015,Ikke oplyst,Ikke oplyst,Anpartsselskab,37267155,40.0,0.0,DKK,2023.0,0,0,27,1.0,0.0,0.0,0.0,0.0,0.0,0.0,0.0,0.0,0.0
detgas ApS,"Gyngemose Parkvej 52 C 1 tv, 2860 Søborg",Gladsaxe,17.01.2023,2.0,Mikro,Anpartsselskab,43789163,40.0,1002000.0,DKK,2024.0,0,0,27,1.0,0.0,0.0,0.0,0.0,0.0,0.0,0.0,0.0,0.0
RYELIGHTING ApS,"Stenbækhave 7, 8220 Brabrand",Århus,02.01.2020,Ikke oplyst,Ikke oplyst,Anpartsselskab,41060980,40.0,-3000.0,DKK,2024.0,0,0,27,,0.0,0.0,0.0,1.0,0.0,0.0,0.0,0.0,0.0
LAGUR A/S,"Attrupvej 4, 8550 Ryomgård",Syddjurs,08.08.2014,10.0,Lille,Aktieselskab,36070641,400.0,10628000.0,DKK,2024.0,0,0,27,1.0,0.0,0.0,0.0,0.0,0.0,0.0,0.0,0.0,0.0
Duolight ApS,"Classensgade 36, 2100 København Ø",København,06.01.2016,Ikke oplyst,Ikke oplyst,Anpartsselskab,37354074,117.0,-3000.0,DKK,2023.0,0,0,27,,0.0,0.0,0.0,1.0,0.0,0.0,0.0,0.0,0.0
DANIA ELECTRIC A/S,"Klostermarken 2, 9550 Mariager",Mariagerfjord,05.03.2008,38.0,Lille,Aktieselskab,31327024,500.0,21682000.0,DKK,2024.0,0,0,27,,0.0,0.0,1.0,0.0,0.0,0.0,0.0,0.0,0.0
VARO SPECIALMASKINER A/S,"Sortevej 12, 8543 Hornslet",Syddjurs,01.04.1997,85.0,Mellemstor,Aktieselskab,20043830,2.275,42360000.0,DKK,2023.0,1,0,27,1.0,0.0,0.0,0.0,0.0,0.0,0.0,0.0,0.0,0.0
Wirebach ApS,"Kjærs Mølle Vej 5, 9000 Aalborg",Aalborg,12.10.2017,6.0,Mikro,Anpartsselskab,39005840,50.0,1797000.0,DKK,2023.0,0,0,27,1.0,0.0,0.0,0.0,0.0,0.0,0.0,0.0,0.0,0.0
MICMATIC ApS,"Østre Langgade 3, 8643 Ans By",Silkeborg,12.07.2000,8.0,Mikro,Anpartsselskab,25504739,250.0,3893000.0,DKK,2023.0,0,0,27,,0.0,0.0,1.0,0.0,0.0,0.0,0.0,0.0,0.0
LEDPROOF RETAIL ApS,"Helleruplund Alle 21, 2900 Hellerup",Gentofte,31.01.2012,Ikke oplyst,Ikke oplyst,Anpartsselskab,34221006,50.0,-10000.0,DKK,2023.0,0,0,27,,0.0,0.0,0.0,1.0,0.0,0.0,0.0,0.0,0.0
ACARIX A/S,"Ryvangs Allé 81, 2900 Hellerup",Gentofte,01.12.2009,4.0,Mikro,Aktieselskab,32648223,4.085,-16245000.0,DKK,2023.0,0,0,27,1.0,0.0,0.0,0.0,0.0,0.0,0.0,0.0,0.0,0.0
EMBACCO ApS,"Maglemølle 93, 4700 Næstved",Næstved,22.05.2002,1.0,Mikro,Anpartsselskab,26685311,200.0,186000.0,DKK,2023.0,0,0,27,,0.0,0.0,0.0,1.0,0.0,0.0,0.0,0.0,0.0
WETLING EU ApS,"Østervang 1, 3450 Allerød",Allerød,06.04.2010,Ikke oplyst,Ikke oplyst,Anpartsselskab,32879276,80.0,-676000.0,DKK,2024.0,0,0,27,1.0,0.0,0.0,0.0,0.0,0.0,0.0,0.0,0.0,0.0
SolarLab A/S,"Industrivej 8, 8260 Viby J",Århus,12.10.2012,16.0,Lille,Aktieselskab,34720975,400.0,16041000.0,DKK,2023.0,0,0,27,,0.0,0.0,1.0,0.0,0.0,0.0,0.0,0.0,0.0
Holtec Automatic A/S,"Sallingsundvej 2, 6715 Esbjerg N",Esbjerg,20.02.2020,67.0,Mellemstor,Aktieselskab,41228636,667.0,47324000.0,DKK,2023.0,0,0,27,,0.0,0.0,1.0,0.0,0.0,0.0,0.0,0.0,0.0
Dantherm Denmark A/S,"Marienlystvej 65, 7800 Skive",Skive,04.06.1998,290.0,Stor,Aktieselskab,20864591,60.8,221518000.0,DKK,2023.0,0,0,27,,0.0,0.0,0.0,0.0,0.0,0.0,1.0,0.0,0.0
PAMUTEC A/S,"Grønlandsvej 5, 7480 Vildbjerg",Herning,19.12.2008,3.0,Mikro,Aktieselskab,29816425,980.0,-5000.0,DKK,2023.0,0,0,27,,1.0,0.0,0.0,0.0,0.0,0.0,0.0,0.0,0.0
"BPN Holding, Tarm Aps","Hybenvej 15, 6880 Tarm",Ringkøbing-Skjern,26.07.2021,Ikke oplyst,Ikke oplyst,Anpartsselskab,42562211,40.0,-8000.0,DKK,2023.0,0,0,27,1.0,0.0,0.0,0.0,0.0,0.0,0.0,0.0,0.0,0.0
Danneris EL-Teknik ApS,"Hovedgaden 39, 9480 Løkken",Hjørring,25.01.2018,1.0,Mikro,Anpartsselskab,39279061,50.0,723000.0,DKK,2023.0,0,0,27,,0.0,0.0,0.0,1.0,0.0,0.0,0.0,0.0,0.0
VAM Innovation ApS,"Kildevej 6, 7490 Aulum",Herning,08.04.2020,Ikke oplyst,Ikke oplyst,Anpartsselskab,41287446,40.0,-48000.0,DKK,2023.0,0,0,27,,1.0,0.0,0.0,0.0,0.0,0.0,0.0,0.0,0.0
DC SCANDINAVIA A/S,"Støberivej 1, 3660 Stenløse",Egedal,01.09.2008,5.0,Mikro,Aktieselskab,31746051,501.0,2383000.0,DKK,2024.0,0,0,27,1.0,0.0,0.0,0.0,0.0,0.0,0.0,0.0,0.0,0.0
NORDLAND AUTOMATIC A/S,"Kummerowsvej 3, 9400 Nørresundby",Aalborg,01.10.1995,20.0,Lille,Aktieselskab,18814048,500.0,9945000.0,DKK,2023.0,0,0,27,,0.0,0.0,1.0,0.0,0.0,0.0,0.0,0.0,0.0
Velocity Tech Ventures Denmark ApS,"Rugaardsvej 5, 8680 Ry",Skanderborg,17.06.2015,Ikke oplyst,Ikke oplyst,Anpartsselskab,36926511,50.0,4000.0,DKK,2023.0,0,0,27,,0.0,0.0,0.0,0.0,1.0,0.0,0.0,0.0,0.0
TIQ SPEAKERS ApS,"Sepstrupvej 71, 8653 Them",Silkeborg,01.08.2013,Ikke oplyst,Ikke oplyst,Anpartsselskab,35408843,80.0,-9000.0,DKK,2024.0,0,0,27,1.0,0.0,0.0,0.0,0.0,0.0,0.0,0.0,0.0,0.0
ENTIFFIC ApS,"Yderholmvej 64, 4623 Lille Skensved",Køge,20.07.2016,Ikke oplyst,Ikke oplyst,Anpartsselskab,37892920,588.0,-101000.0,DKK,2023.0,0,0,27,,1.0,0.0,0.0,0.0,0.0,0.0,0.0,0.0,0.0
SOFT & TEKNIK A/S,"Håndværkervej 3, 9900 Frederikshavn",Frederikshavn,01.06.1999,142.0,Mellemstor,Aktieselskab,24257509,1.0,112283000.0,DKK,2024.0,0,0,27,,0.0,0.0,1.0,0.0,0.0,0.0,0.0,0.0,0.0
Preben Dal ApS,"Lille Værløsevej 63, 3500 Værløse",Furesø,22.11.2021,Ikke oplyst,Ikke oplyst,Anpartsselskab,42851787,100.0,-94000.0,DKK,2024.0,0,0,27,,0.0,0.0,0.0,1.0,0.0,0.0,0.0,0.0,0.0
Bejer Invest ApS,"Kongehaven 17, 2765 Smørum",Egedal,10.09.1975,Ikke oplyst,Ikke oplyst,Anpartsselskab,53877710,200.0,-349000.0,DKK,2023.0,0,0,27,1.0,0.0,0.0,0.0,0.0,0.0,0.0,0.0,0.0,0.0
Elcor Sønderborg N A/S,"Grundtvigs Alle 165-169, 6400 Sønderborg",Sønderborg,21.12.1972,66.0,Mellemstor,Aktieselskab,43520318,6.8,49222000.0,DKK,2023.0,0,0,27,,0.0,0.0,1.0,0.0,0.0,0.0,0.0,0.0,0.0
Lyhne Production ApS,"Porsagervej 9, 3230 Græsted",Gribskov,29.05.2018,Ikke oplyst,Ikke oplyst,Anpartsselskab,39612666,40.0,54000.0,DKK,2023.0,0,0,27,,0.0,0.0,0.0,1.0,0.0,0.0,0.0,0.0,0.0
HCTB Consulting ApS,"Bakkesvinget 188, 8700 Horsens",Horsens,27.05.2014,Ikke oplyst,Ikke oplyst,Anpartsselskab,36018267,40.0,-6000.0,DKK,2024.0,0,0,27,,0.0,0.0,0.0,1.0,0.0,0.0,0.0,0.0,0.0
Høgh El-Teknik ApS,"Nørreheden 2, 9500 Hobro",Mariagerfjord,26.01.2018,1.0,Mikro,Anpartsselskab,39283883,50.0,1041000.0,DKK,2024.0,0,0,27,,0.0,0.0,0.0,0.0,0.0,1.0,0.0,0.0,0.0
Lampette Lida ApS,"Vongevej 15, 7300 Jelling",Vejle,01.04.2020,Ikke oplyst,Ikke oplyst,Anpartsselskab,41274476,40.0,37000.0,DKK,2024.0,0,0,27,,0.0,0.0,0.0,1.0,0.0,0.0,0.0,0.0,0.0
QN Development ApS,"Kummerowsvej 3 A, 9400 Nørresundby",Aalborg,09.12.2021,Ikke oplyst,Ikke oplyst,Anpartsselskab,42893595,40.0,-13000.0,DKK,2023.0,0,0,27,,0.0,0.0,1.0,0.0,0.0,0.0,0.0,0.0,0.0
Lyngsaa A/S,"Nordvej 11, 9900 Frederikshavn",Frederikshavn,27.10.2016,7.0,Mikro,Aktieselskab,38154133,1.0,3242000.0,DKK,2024.0,0,0,27,,0.0,0.0,0.0,1.0,0.0,0.0,0.0,0.0,0.0
WENZEL NIELSEN ApS,"Falstervej 8 A, 5800 Nyborg",Nyborg,01.04.1991,8.0,Mikro,Anpartsselskab,15108045,500.0,7346000.0,DKK,2023.0,0,0,27,1.0,0.0,0.0,0.0,0.0,0.0,0.0,0.0,0.0,0.0
WildDetect ApS,"Nydamsvej 17, 8362 Hørning",Skanderborg,23.08.2021,9.0,Mikro,Anpartsselskab,42618128,40.0,7472000.0,DKK,2024.0,0,0,27,,0.0,0.0,1.0,0.0,0.0,0.0,0.0,0.0,0.0
VIMATIC AUTOMATION ApS,"Alsikevej 15, 8920 Randers NV",Randers,15.07.2011,9.0,Mikro,Anpartsselskab,33861540,250.0,2334000.0,DKK,2023.0,0,0,27,,0.0,0.0,1.0,0.0,0.0,0.0,0.0,0.0,0.0
Searine A/S,"Kirkerupvej 39, 4000 Roskilde",Roskilde,09.11.2020,12.0,Lille,Aktieselskab,41834161,1.335,1946000.0,DKK,2024.0,0,0,27,,0.0,0.0,0.0,0.0,0.0,0.0,0.0,1.0,0.0
NORTH-TEC Danmark ApS,"Nyvang 16, 5500 Middelfart",Middelfart,17.08.2022,Ikke oplyst,Ikke oplyst,Anpartsselskab,43466429,400.0,331000.0,DKK,2023.0,0,0,27,,1.0,0.0,0.0,0.0,0.0,0.0,0.0,0.0,0.0
DANISH AEROTECH SALES A/S,"Fabriksvej 2, 7280 Sønder Felding",Herning,19.06.1959,Ikke oplyst,Ikke oplyst,Aktieselskab,13363528,5.0,-17000.0,DKK,2024.0,0,0,27,,0.0,0.0,1.0,0.0,0.0,0.0,0.0,0.0,0.0
SCANGRIP A/S,"Rytterhaven 9, 5700 Svendborg",Svendborg,03.10.1975,37.0,Lille,Aktieselskab,54274718,600.0,80485000.0,DKK,2023.0,1,0,27,,0.0,0.0,0.0,1.0,0.0,0.0,0.0,0.0,0.0
PURIX ApS,"Bautavej 1 A, 8210 Aarhus V",Århus,30.11.2011,1.0,Mikro,Anpartsselskab,34073333,446.0,-286000.0,DKK,2023.0,0,0,27,,0.0,0.0,0.0,0.0,0.0,1.0,0.0,0.0,0.0
Storgaard & Vestskov ApS,"Lillevangsvej 6, 3700 Rønne",Bornholm,15.09.2023,2.0,Mikro,Anpartsselskab,44310562,40.0,-502000.0,DKK,2024.0,0,0,27,1.0,0.0,0.0,0.0,0.0,0.0,0.0,0.0,0.0,0.0
Lampas A/S,"Platinvej 43, 6000 Kolding",Kolding,17.12.2020,7.0,Mikro,Aktieselskab,41969393,400.0,2887000.0,DKK,2023.0,0,0,27,,0.0,0.0,0.0,1.0,0.0,0.0,0.0,0.0,0.0
Exalight ApS,"Hejreskovvej 15 A, 3490 Kvistgård",Helsingør,22.01.2014,2.0,Mikro,Anpartsselskab,35646647,60.0,4083000.0,DKK,2023.0,0,0,27,,0.0,0.0,0.0,1.0,0.0,0.0,0.0,0.0,0.0
Rebello Decor ApS,"Holmekrogen 51, 2830 Virum",Lyngby-Taarbæk,13.03.2022,1.0,Mikro,Anpartsselskab,43121537,50.0,-330000.0,DKK,2023.0,0,0,27,,0.0,0.0,0.0,1.0,0.0,0.0,0.0,0.0,0.0
Wibe For Good ApS,"Edisonsvej 3, 5000 Odense C",Odense,15.06.2020,Ikke oplyst,Ikke oplyst,Anpartsselskab,41432691,125.0,-371000.0,DKK,2024.0,0,0,27,1.0,0.0,0.0,0.0,0.0,0.0,0.0,0.0,0.0,0.0
E. H. SKILTE ApS,"Snedkervej 22, 6710 Esbjerg V",Esbjerg,16.12.1976,2.0,Mikro,Anpartsselskab,34253919,40.0,454000.0,DKK,2024.0,0,0,27,,0.0,0.0,0.0,1.0,0.0,0.0,0.0,0.0,0.0
AV Center Cinema ApS,"Søndre Ringvej 39, 2605 Brøndby",Brøndby,01.05.1995,8.0,Mikro,Anpartsselskab,18540738,126.0,5802000.0,DKK,2024.0,0,0,27,1.0,0.0,0.0,0.0,0.0,0.0,0.0,0.0,0.0,0.0
WISELED ApS,"Nellebakken 5, 3250 Gilleleje",Gribskov,18.08.2003,23.0,Lille,Anpartsselskab,27311776,400.0,-2581000.0,DKK,2023.0,0,0,27,,0.0,0.0,0.0,1.0,0.0,0.0,0.0,0.0,0.0
BEAS A/S,"Brørupvænget 10, 7650 Bøvlingbjerg",Lemvig,01.02.1997,17.0,Lille,Aktieselskab,19943178,790.0,7402000.0,DKK,2024.0,0,0,27,,0.0,0.0,1.0,0.0,0.0,0.0,0.0,0.0,0.0
RKJ Technique ApS,"Grønsundsvej 278, 4800 Nykøbing F",Guldborgsund,10.11.2021,Ikke oplyst,Ikke oplyst,Anpartsselskab,42844144,40.0,13000.0,DKK,2024.0,0,0,27,,1.0,0.0,0.0,0.0,0.0,0.0,0.0,0.0,0.0
CALLENBERG A/S,"Hole Skovvej 50, 5210 Odense NV",Odense,15.01.2003,Ikke oplyst,Ikke oplyst,Aktieselskab,10112451,1.0,179000.0,DKK,2023.0,0,0,27,,0.0,0.0,1.0,0.0,0.0,0.0,0.0,0.0,0.0
ON Signal Industri ApS,"Jyllandsvej 44, 5500 Middelfart",Middelfart,28.03.2019,Ikke oplyst,Ikke oplyst,Anpartsselskab,40519815,75.0,-4000.0,DKK,2024.0,0,0,27,1.0,0.0,0.0,0.0,0.0,0.0,0.0,0.0,0.0,0.0
VH Electronics ApS,"Gaden 40, 4230 Skælskør",Slagelse,07.11.2017,Ikke oplyst,Ikke oplyst,Anpartsselskab,39068435,50.0,0.0,DKK,2024.0,0,0,27,,0.0,0.0,0.0,1.0,0.0,0.0,0.0,0.0,0.0
KUHLMANN EL-VARME A/S,"Tarupvej 51, 5210 Odense NV",Odense,19.06.2001,19.0,Lille,Aktieselskab,26085942,500.0,27879000.0,DKK,2023.0,0,0,27,,0.0,0.0,0.0,0.0,0.0,1.0,0.0,0.0,0.0
Tech Automation ApS,"Herredsvej 15, 8723 Løsning",Hedensted,21.12.2021,24.0,Lille,Anpartsselskab,42920983,40.0,8036000.0,DKK,2024.0,0,0,27,,0.0,0.0,1.0,0.0,0.0,0.0,0.0,0.0,0.0
TRANSMOTOR ApS,"Lemtorpvej 13-17, 7620 Lemvig",Lemvig,20.05.2003,8.0,Mikro,Anpartsselskab,27164846,125.0,8669000.0,DKK,2024.0,1,0,27,,1.0,0.0,1.0,0.0,0.0,0.0,0.0,0.0,0.0
Sinno ApS,"Elevvej 97, 8200 Aarhus N",Århus,15.08.2016,1.0,Mikro,Anpartsselskab,37932256,50.0,7505000.0,DKK,2024.0,0,0,27,,0.0,0.0,0.0,1.0,0.0,0.0,0.0,0.0,0.0
DANOTHERM ELECTRIC A/S,"Mårkærvej 1, 2630 Taastrup",Høje-Taastrup,23.01.2003,50.0,Mellemstor,Aktieselskab,10126061,1.0,51977000.0,DKK,2023.0,1,0,27,1.0,0.0,0.0,0.0,0.0,0.0,0.0,0.0,0.0,0.0
NN LIGHTING ApS,"Amager Strandvej 60 1, 2300 København S",København,20.12.2010,Ikke oplyst,Ikke oplyst,Anpartsselskab,33375522,80.0,-208000.0,DKK,2023.0,0,0,27,,0.0,0.0,0.0,1.0,0.0,0.0,0.0,0.0,0.0
SECUYOU ApS,"Ryvangs Allé 81, 2900 Hellerup",Gentofte,26.03.2008,3.0,Mikro,Anpartsselskab,31331315,1.427,-89000.0,DKK,2023.0,0,0,27,1.0,0.0,0.0,0.0,0.0,0.0,0.0,0.0,0.0,0.0
OLE THERS HOLDING ApS,"Enrumvej 15, 2942 Skodsborg",Rudersdal,01.09.2003,1.0,Mikro,Anpartsselskab,27401260,125.0,968000.0,DKK,2024.0,0,0,27,1.0,0.0,0.0,0.0,0.0,0.0,0.0,0.0,0.0,0.0
SST Enclosures A/S,"Johs E Rasmussens V 15, 9800 Hjørring",Hjørring,29.09.1995,47.0,Lille,Aktieselskab,18795337,400.0,28744000.0,DKK,2023.0,1,0,27,,0.0,0.0,1.0,0.0,0.0,0.0,0.0,0.0,0.0
Bilkraft ApS,"Rådhuspladsen 16, 1550 København V",København,18.11.2020,Ikke oplyst,Ikke oplyst,Anpartsselskab,41896175,80.0,-3144000.0,DKK,2024.0,0,0,27,,1.0,0.0,0.0,0.0,0.0,0.0,0.0,0.0,0.0
Martins Tech Garage ApS,"Nytorv 3 4 th, 1450 København K",København,15.01.2019,Ikke oplyst,Ikke oplyst,Anpartsselskab,40172823,40.0,323000.0,DKK,2023.0,0,0,27,1.0,0.0,0.0,0.0,0.0,0.0,0.0,0.0,0.0,0.0
Kitron A/S,"Ane Staunings Vej 21 C, 8700 Horsens",Horsens,21.12.1998,157.0,Mellemstor,Aktieselskab,21662534,7.634,71789000.0,DKK,2023.0,1,0,27,1.0,0.0,0.0,0.0,0.0,0.0,0.0,0.0,0.0,0.0
LOEVSCHALL A/S,"P.O. Pedersens Vej 2, 8200 Aarhus N",Århus,01.07.1987,12.0,Lille,Aktieselskab,10978076,1.125,14226000.0,DKK,2024.0,0,0,27,,0.0,0.0,0.0,1.0,0.0,0.0,0.0,0.0,0.0
GMFC Group ApS,"Offenbachsvej 35 2 tv, 2450 København SV",København,01.10.2018,Ikke oplyst,Ikke oplyst,Anpartsselskab,39907968,40.0,,nan,2023.0,0,0,27,1.0,0.0,0.0,0.0,0.0,0.0,0.0,0.0,0.0,0.0
ODU DENMARK ApS,"Borupvang 3 1, 2750 Ballerup",Ballerup,10.04.2014,4.0,Mikro,Anpartsselskab,35845992,50.0,4612000.0,DKK,2023.0,0,0,27,1.0,0.0,0.0,0.0,0.0,0.0,0.0,0.0,0.0,0.0
VITO DK ApS,"Osvej 26, 4040 Jyllinge",Roskilde,21.04.2022,Ikke oplyst,Ikke oplyst,Anpartsselskab,43221531,40.0,37000.0,DKK,2023.0,0,0,27,1.0,0.0,0.0,0.0,0.0,0.0,0.0,0.0,0.0,0.0
Base2Charge ApS,"Østerbro 4, 5690 Tommerup",Assens,21.01.2021,6.0,Mikro,Anpartsselskab,42048054,600.0,-1112000.0,DKK,2023.0,0,0,27,,1.0,0.0,0.0,0.0,0.0,0.0,0.0,0.0,0.0
ONESAIL DENMARK ApS,"Batteriet 16, 4100 Ringsted",Ringsted,01.08.2004,3.0,Mikro,Anpartsselskab,27983200,150.0,1773000.0,DKK,2023.0,0,0,27,1.0,0.0,0.0,0.0,0.0,0.0,0.0,0.0,0.0,0.0
Pesitho ApS,"Fynsgade 30 A, 7400 Herning",Herning,10.01.2018,3.0,Mikro,Anpartsselskab,39261057,79.0,-713000.0,DKK,2023.0,0,0,27,,1.0,0.0,0.0,0.0,0.0,0.0,0.0,0.0,0.0
LYFA ApS,"Vestre Kongevej 4 B, 8260 Viby J",Århus,27.03.2019,5.0,Mikro,Anpartsselskab,40390847,146.0,1141000.0,DKK,2023.0,0,0,27,,0.0,0.0,0.0,1.0,0.0,0.0,0.0,0.0,0.0
DAXTOR A/S,"Fabriksvej 12, 8620 Kjellerup",Silkeborg,05.09.2003,3.0,Mikro,Aktieselskab,27339387,500.0,1321000.0,DKK,2024.0,0,0,27,,0.0,0.0,0.0,1.0,0.0,0.0,0.0,0.0,0.0
ACCUTECH ApS,"Topstykket 19, 3460 Birkerød",Rudersdal,28.05.2008,Ikke oplyst,Ikke oplyst,Anpartsselskab,31475546,125.0,70000.0,DKK,2024.0,0,0,27,,0.0,0.0,0.0,0.0,0.0,0.0,0.0,1.0,0.0
RINGKØBING SKILTE A/S,"Birkmosevej 5, 6950 Ringkøbing",Ringkøbing-Skjern,16.05.2007,21.0,Lille,Aktieselskab,30594290,500.0,10144000.0,DKK,2023.0,0,0,27,,0.0,0.0,0.0,1.0,0.0,0.0,0.0,0.0,0.0
RODAN Technologies A/S,"Vassingerødvej 6, 3540 Lynge",Allerød,26.11.1982,50.0,Mellemstor,Aktieselskab,70701928,7.648,39154000.0,DKK,2024.0,0,0,27,1.0,0.0,1.0,0.0,0.0,0.0,0.0,0.0,0.0,0.0
Ztove ApS,"Landbrugsvej 10, 5260 Odense S",Odense,02.05.2017,Ikke oplyst,Ikke oplyst,Anpartsselskab,38613421,130.0,-1175000.0,DKK,2023.0,0,0,27,,0.0,0.0,0.0,0.0,0.0,1.0,0.0,0.0,0.0
MG Solar ApS,"Frederiksborgvej 399, 4000 Roskilde",Roskilde,12.09.2018,1.0,Mikro,Anpartsselskab,39853787,40.0,522000.0,DKK,2023.0,0,0,27,1.0,0.0,0.0,0.0,0.0,0.0,0.0,0.0,0.0,0.0
NEONSIGN ApS,"Symfonivej 35, 2730 Herlev",Herlev,01.01.1995,8.0,Mikro,Anpartsselskab,18307677,125.0,4212000.0,DKK,2024.0,0,0,27,,0.0,0.0,0.0,1.0,0.0,0.0,0.0,0.0,0.0
Claylight ApS,"Møllelodden 6, 2791 Dragør",Tårnby,20.11.2014,2.0,Mikro,Anpartsselskab,36439955,40.0,130000.0,DKK,2023.0,0,0,27,,0.0,0.0,0.0,0.0,0.0,0.0,0.0,1.0,0.0
OFS FITEL DENMARK ApS,"Priorparken 680, 2605 Brøndby",Brøndby,02.04.2000,205.0,Mellemstor,Anpartsselskab,25305639,26.0,161811000.0,DKK,2024.0,0,0,27,,0.0,0.0,0.0,0.0,0.0,0.0,0.0,0.0,1.0
Asger Light ApS,"Askevænget 8, 5690 Tommerup",Assens,01.02.2022,Ikke oplyst,Ikke oplyst,Anpartsselskab,43023365,40.0,-17000.0,DKK,2023.0,0,0,27,,0.0,0.0,0.0,1.0,0.0,0.0,0.0,0.0,0.0
NKT PHOTONICS A/S,"Bregnerødvej 144, 3460 Birkerød",Rudersdal,09.11.2000,319.0,Stor,Aktieselskab,10048265,16.0,35035000.0,DKK,2024.0,0,0,27,,0.0,0.0,0.0,0.0,0.0,0.0,0.0,0.0,1.0
HARTING ApS,"Lysholt Allé 8, 7100 Vejle",Vejle,24.05.2005,12.0,Lille,Anpartsselskab,28715994,125.0,13721000.0,DKK,2023.0,0,0,27,1.0,0.0,0.0,0.0,0.0,0.0,0.0,0.0,0.0,0.0
Danish Lighting ApS,"Havnevej 1, 4000 Roskilde",Roskilde,04.05.2017,Ikke oplyst,Ikke oplyst,Anpartsselskab,38618725,50.0,-120000.0,DKK,2023.0,0,0,27,1.0,0.0,0.0,0.0,0.0,0.0,0.0,0.0,0.0,0.0
IR Focus ApS,"Mosrosevej 17, 8541 Skødstrup",Århus,10.04.2015,Ikke oplyst,Ikke oplyst,Anpartsselskab,36711337,50.0,-55000.0,DKK,2023.0,0,0,27,1.0,0.0,0.0,0.0,0.0,0.0,0.0,0.0,0.0,0.0
MS Automation ApS,"Nejs Bjerg 65, 6310 Broager",Sønderborg,06.04.2020,2.0,Mikro,Anpartsselskab,41291737,40.0,874000.0,DKK,2024.0,0,0,27,,0.0,0.0,1.0,0.0,0.0,0.0,0.0,0.0,0.0
Danish Consultant ApS,"Harebakken 1, 8382 Hinnerup",Favrskov,01.09.2011,1.0,Mikro,Anpartsselskab,33878818,250.0,1522000.0,DKK,2024.0,0,0,27,1.0,0.0,0.0,0.0,0.0,0.0,0.0,0.0,0.0,0.0
FUJAS A/S,"Sivlandvænget 9 A, 5260 Odense S",Odense,19.12.2016,9.0,Mikro,Aktieselskab,38268635,500.0,6714000.0,DKK,2024.0,0,0,27,,0.0,0.0,1.0,0.0,0.0,0.0,0.0,0.0,0.0
Heraeus Covantics Denmark ApS,"Priorparken 611, 2605 Brøndby",Brøndby,24.03.2023,35.0,Lille,Anpartsselskab,43940899,40.0,-14370000.0,DKK,2023.0,0,0,27,,0.0,0.0,0.0,0.0,0.0,0.0,0.0,0.0,1.0
JT Service-Partner ApS,"Skæphøj 6, 8680 Ry",Skanderborg,19.10.2017,1.0,Mikro,Anpartsselskab,39039753,50.0,521000.0,DKK,2024.0,0,0,27,1.0,0.0,0.0,0.0,0.0,0.0,0.0,0.0,0.0,0.0
Nokalux ApS,"Arnold Nielsens Boulevard 77, 2650 Hvidovre",Hvidovre,30.08.2023,2.0,Mikro,Anpartsselskab,44280469,300.0,620000.0,DKK,2024.0,0,0,27,,0.0,0.0,0.0,1.0,0.0,0.0,0.0,0.0,0.0
iiON-Systems IOT ApS,"Mossøvej 2, 8240 Risskov",Århus,14.04.2016,1.0,Mikro,Anpartsselskab,37612340,130.0,955000.0,DKK,2023.0,0,0,27,1.0,0.0,0.0,0.0,0.0,0.0,0.0,0.0,0.0,0.0
THYRRESTRUP ELECTRONIC A/S,"Skovvænget 6, 4622 Havdrup",Solrød,29.06.2007,2.0,Mikro,Aktieselskab,30703006,500.0,-13000.0,DKK,2023.0,0,0,27,,1.0,0.0,0.0,0.0,0.0,0.0,0.0,0.0,0.0
Vision Illumination ApS,"Hammerbakken 16, 3460 Birkerød",Rudersdal,10.09.2021,3.0,Mikro,Anpartsselskab,42672696,40.0,-200000.0,DKK,2023.0,0,0,27,1.0,0.0,0.0,0.0,0.0,0.0,0.0,0.0,0.0,0.0
AVCONNECT ApS,"Alsikemarken 79, 2860 Søborg",Gladsaxe,07.05.2009,1.0,Mikro,Anpartsselskab,32150772,125.0,205000.0,DKK,2023.0,0,0,27,1.0,0.0,0.0,0.0,0.0,0.0,0.0,0.0,0.0,0.0
MIGATRONIC AUTOMATION A/S,"Knøsgårdvej 112, 9440 Aabybro",Jammerbugt,10.12.1985,33.0,Lille,Aktieselskab,10086876,1.0,24121000.0,DKK,2023.0,1,0,27,1.0,0.0,0.0,0.0,0.0,0.0,0.0,0.0,0.0,0.0
Sun To Cable ApS,"Paghs Alle 10, 6705 Esbjerg Ø",Esbjerg,22.12.2020,3.0,Mikro,Anpartsselskab,41972378,40.0,85000.0,DKK,2023.0,0,0,27,,0.0,0.0,0.0,0.0,0.0,0.0,0.0,1.0,0.0
POWERCON A/S,"Mariagervej 58 A, 9500 Hobro",Mariagerfjord,18.06.2009,211.0,Mellemstor,Aktieselskab,32270433,500.0,126264000.0,DKK,2024.0,0,0,27,,0.0,0.0,1.0,0.0,0.0,0.0,0.0,0.0,0.0
Dacoma ApS,"Abildvej 5 A, 5700 Svendborg",Svendborg,15.10.2018,1.0,Mikro,Anpartsselskab,39973359,64.0,1682000.0,DKK,2023.0,0,0,27,1.0,0.0,0.0,0.0,0.0,0.0,0.0,0.0,0.0,0.0
ELECTROCELL A/S,"Vennelystvej 1, 6880 Tarm",Ringkøbing-Skjern,07.09.2004,Ikke oplyst,Ikke oplyst,Aktieselskab,28105835,500.0,2214000.0,DKK,2024.0,0,0,27,1.0,0.0,0.0,0.0,0.0,0.0,0.0,0.0,0.0,0.0
Robots and Cobots ApS,"Rosbjergvej 22 N, 8220 Brabrand",Århus,03.08.2021,Ikke oplyst,Ikke oplyst,Anpartsselskab,42576085,40.0,28000.0,DKK,2023.0,0,0,27,,0.0,0.0,1.0,0.0,0.0,0.0,0.0,0.0,0.0
Saveeye ApS,"Skjoldsbjergvej 1, 8464 Galten",Skanderborg,08.01.2018,5.0,Mikro,Anpartsselskab,39223643,64.0,-1393000.0,DKK,2024.0,0,0,27,1.0,0.0,0.0,0.0,0.0,0.0,0.0,0.0,0.0,0.0
SENECO A/S,"Hasselager Centervej 25 1, 8260 Viby J",Århus,10.03.2014,8.0,Mikro,Aktieselskab,35680586,1.651,-7123000.0,DKK,2023.0,0,0,27,1.0,0.0,0.0,0.0,0.0,0.0,0.0,0.0,0.0,0.0
MARSALLE ELEKTRO ApS,"Marsalle 95, 8700 Horsens",Horsens,30.03.2011,4.0,Mikro,Anpartsselskab,33585535,80.0,1918000.0,DKK,2024.0,0,0,27,,1.0,0.0,0.0,0.0,0.0,0.0,0.0,0.0,0.0
Amina Denmark ApS,"Hagenæs 55, 4040 Jyllinge",Roskilde,26.04.2023,1.0,Mikro,Anpartsselskab,44033046,40.0,-133000.0,DKK,2024.0,0,0,27,1.0,0.0,0.0,0.0,0.0,0.0,0.0,0.0,0.0,0.0
SIGNUM ApS,"Moesgårdvej 14 B, 8270 Højbjerg",Århus,01.07.1999,Ikke oplyst,Ikke oplyst,Anpartsselskab,21794872,400.0,-11000.0,DKK,2023.0,0,0,27,,0.0,0.0,0.0,1.0,0.0,0.0,0.0,0.0,0.0
V. BRØNDUM A/S,"Sadolinsvej 14, 8600 Silkeborg",Silkeborg,06.07.1976,28.0,Lille,Aktieselskab,42039128,500.0,20418000.0,DKK,2024.0,0,0,27,,0.0,0.0,0.0,0.0,0.0,1.0,0.0,0.0,0.0
Wellondore ApS,"Amaliegade 6 2 tv, 1256 København K",København,05.02.2024,2.0,Mikro,Anpartsselskab,44624311,40.0,-9000.0,DKK,2024.0,0,0,27,1.0,0.0,0.0,0.0,0.0,0.0,0.0,0.0,0.0,0.0
AE Partner ApS,"Ellemosen 7, 8680 Ry",Skanderborg,12.12.2018,6.0,Mikro,Anpartsselskab,40099867,50.0,-30000.0,DKK,2023.0,0,0,27,,0.0,0.0,1.0,0.0,0.0,0.0,0.0,0.0,0.0
SELEKTRO GROUP A/S,"Erhvervsvej 33, 9632 Møldrup",Viborg,01.06.1991,47.0,Lille,Aktieselskab,15180498,500.0,28786000.0,DKK,2023.0,0,0,27,,0.0,0.0,1.0,0.0,0.0,0.0,0.0,0.0,0.0
Made4cnc ApS,"Helgavej 26, 5230 Odense M",Odense,20.01.2021,1.0,Mikro,Anpartsselskab,42046507,60.0,72000.0,DKK,2023.0,0,0,27,1.0,0.0,0.0,0.0,0.0,0.0,0.0,0.0,0.0,0.0
Soltra ApS,"Osvald Pedersens Vej 2 K, 6980 Tim",Ringkøbing-Skjern,18.12.2018,24.0,Lille,Anpartsselskab,40121447,50.0,25730000.0,DKK,2023.0,0,0,27,,1.0,0.0,0.0,0.0,0.0,0.0,0.0,0.0,0.0
RAVI Electronics ApS,"Mineralvej 2 A, 9220 Aalborg Øst",Aalborg,02.05.2015,20.0,Lille,Anpartsselskab,36731303,50.0,14576000.0,DKK,2024.0,0,0,27,1.0,0.0,0.0,0.0,0.0,0.0,0.0,0.0,0.0,0.0
SCANION ApS,"Skovgyden 16, 5540 Ullerslev",Nyborg,02.04.1990,2.0,Mikro,Anpartsselskab,14030581,125.0,544000.0,DKK,2024.0,0,0,27,1.0,0.0,0.0,0.0,0.0,0.0,0.0,0.0,0.0,0.0
AD CONTROL ApS,"Smedegade 38 B, 4200 Slagelse",Slagelse,04.08.2006,6.0,Mikro,Anpartsselskab,29769664,125.0,7800000.0,DKK,2024.0,0,0,27,,0.0,0.0,1.0,0.0,0.0,0.0,0.0,0.0,0.0
Oktogrid ApS,"Thoravej 24, 2400 København NV",København,18.01.2019,10.0,Lille,Anpartsselskab,40223126,93.0,1225000.0,DKK,2023.0,0,0,27,,1.0,0.0,0.0,0.0,0.0,0.0,0.0,0.0,0.0
InnoChiller Aps,"Nørregade 56, 6960 Hvide Sande",Ringkøbing-Skjern,12.04.2016,Ikke oplyst,Ikke oplyst,Anpartsselskab,37627666,1.4,134000.0,DKK,2024.0,0,0,27,,0.0,0.0,0.0,0.0,0.0,1.0,0.0,0.0,0.0
IMAGE HOUSE PANTOINSPECT A/S,"Titangade 9 C 1, 2200 København N",København,04.03.2013,12.0,Lille,Aktieselskab,35055223,2.323,17462000.0,DKK,2024.0,0,0,27,1.0,0.0,0.0,0.0,0.0,0.0,0.0,0.0,0.0,0.0
ESTRON A/S,"Industrivej 5, 8653 Them",Silkeborg,19.12.1994,29.0,Lille,Aktieselskab,18212099,500.0,39866000.0,DKK,2023.0,0,0,27,,0.0,1.0,0.0,0.0,0.0,0.0,0.0,0.0,0.0
DANSK INDUSTRI KOMPENSERING ApS,"Brogårdsvej 34, 8370 Hadsten",Favrskov,12.12.2008,5.0,Mikro,Anpartsselskab,31885094,250.0,4712000.0,DKK,2023.0,0,0,27,,1.0,0.0,0.0,0.0,0.0,0.0,0.0,0.0,0.0
AUTEK ApS,"Industrivænget 4 A, 3320 Skævinge",Hillerød,28.12.2010,1.0,Mikro,Anpartsselskab,33378181,80.0,1055000.0,DKK,2024.0,0,0,27,1.0,0.0,0.0,0.0,0.0,0.0,0.0,0.0,0.0,0.0
Veeking ApS,"Sønderborggade 1 4 tv, 2100 København Ø",København,18.12.2015,Ikke oplyst,Ikke oplyst,Anpartsselskab,37315923,50.0,-59000.0,DKK,2023.0,0,0,27,,1.0,0.0,0.0,0.0,0.0,0.0,0.0,0.0,0.0
BELDEN CEKAN A/S,"Videhøjvej 4, 8883 Gjern",Silkeborg,19.12.1979,45.0,Lille,Aktieselskab,89302528,500.0,6129000.0,DKK,2023.0,1,0,27,,0.0,0.0,0.0,0.0,1.0,0.0,0.0,0.0,0.0
NT Energy ApS,"Sdr Tingvej 10, 6630 Rødding",Vejen,03.02.2022,3.0,Mikro,Anpartsselskab,43029541,40.0,6538000.0,DKK,2024.0,0,0,27,1.0,0.0,0.0,0.0,0.0,0.0,0.0,0.0,0.0,0.0
J-light ApS,"Havbogårdsvej 1, 2680 Solrød Strand",Solrød,07.12.2017,Ikke oplyst,Ikke oplyst,Anpartsselskab,39144131,40.0,315000.0,DKK,2023.0,0,0,27,,0.0,0.0,0.0,1.0,0.0,0.0,0.0,0.0,0.0
KVA DIESEL ApS,"Borrisvej 10, 6900 Skjern",Ringkøbing-Skjern,01.04.2014,5.0,Mikro,Anpartsselskab,35818014,50.0,3376000.0,DKK,2023.0,0,0,27,,1.0,0.0,0.0,0.0,0.0,0.0,0.0,0.0,0.0
IQ-plug ApS,"Håndværkervej 4, 9560 Hadsund",Mariagerfjord,01.07.2020,Ikke oplyst,Ikke oplyst,Anpartsselskab,41485183,40.0,-1279000.0,DKK,2023.0,0,0,27,1.0,0.0,0.0,0.0,0.0,0.0,0.0,0.0,0.0,0.0
NTD OFFSHORE A/S,"Industrivej 2, 6900 Skjern",Ringkøbing-Skjern,02.07.2001,Ikke oplyst,Ikke oplyst,Aktieselskab,26132711,500.0,103000.0,DKK,2023.0,0,0,27,1.0,0.0,0.0,0.0,0.0,0.0,0.0,0.0,0.0,0.0
DANFYSIK A/S,"Gregersensvej 8, 2630 Taastrup",Høje-Taastrup,08.01.2009,93.0,Mellemstor,Aktieselskab,31934826,8.0,65800000.0,DKK,2024.0,0,0,27,,1.0,0.0,0.0,0.0,0.0,0.0,0.0,0.0,0.0
Maseliving ApS,"Glentehusene 6, 2620 Albertslund",Albertslund,01.01.2021,Ikke oplyst,Ikke oplyst,Anpartsselskab,42018961,40.0,87000.0,DKK,2023.0,0,0,27,,0.0,0.0,0.0,1.0,0.0,0.0,0.0,0.0,0.0
Vikinor A/S,"Vandtårnsvej 62 A 2 a, 2860 Søborg",Gladsaxe,12.02.2023,13.0,Lille,Aktieselskab,43854003,500.0,4255000.0,DKK,2023.0,0,0,27,1.0,0.0,0.0,0.0,0.0,0.0,0.0,0.0,0.0,0.0
RS Batteri ApS,"Thulstrupvej 5, 9500 Hobro",Mariagerfjord,18.04.2023,2.0,Mikro,Anpartsselskab,43993488,40.0,449000.0,DKK,2023.0,0,0,27,,0.0,0.0,0.0,0.0,0.0,0.0,0.0,1.0,0.0
A/S TOBIAS JENSEN PRODUCTION,"Metalgangen 9 C st, 2690 Karlslunde",Greve,26.03.1990,5.0,Mikro,Aktieselskab,14006249,500.0,3083000.0,DKK,2023.0,0,0,27,1.0,0.0,0.0,0.0,0.0,0.0,0.0,0.0,0.0,0.0
GEMINA TERMIX PRODUCTION A/S,"Navervej 15-17, 7451 Sunds",Herning,01.09.1987,135.0,Mellemstor,Aktieselskab,11169449,2.5,243587000.0,DKK,2023.0,0,0,27,,0.0,0.0,0.0,0.0,0.0,0.0,1.0,0.0,0.0
EC POWER A/S,"Samsøvej 25, 8382 Hinnerup",Favrskov,01.04.1996,66.0,Mellemstor,Aktieselskab,19228509,6.0,56854000.0,DKK,2023.0,1,0,27,,1.0,0.0,0.0,0.0,0.0,0.0,0.0,0.0,0.0
Concens A/S,"Oddesundvej 1, 6715 Esbjerg N",Esbjerg,19.03.2003,32.0,Lille,Aktieselskab,10132266,2.44,17352000.0,DKK,2023.0,0,0,27,,1.0,0.0,0.0,0.0,0.0,0.0,0.0,0.0,0.0
Kobba ApS,"Esbern Snares Gade 11 4 th, 1725 København V",København,31.03.2021,Ikke oplyst,Ikke oplyst,Anpartsselskab,42269085,41.0,-15000.0,DKK,2023.0,0,0,27,,0.0,0.0,0.0,1.0,0.0,0.0,0.0,0.0,0.0
HANS TØRSLEFF MANPOWER ApS,"Gammel Kongevej 161, 1850 Frederiksberg C",Frederiksberg,23.08.2007,4.0,Mikro,Anpartsselskab,30807960,125.0,995000.0,DKK,2023.0,0,0,27,1.0,0.0,0.0,0.0,0.0,0.0,0.0,0.0,0.0,0.0
PSQ Power ApS,"Ndr Dragørvej 170, 2791 Dragør",Tårnby,01.05.2015,3.0,Mikro,Anpartsselskab,36737115,50.0,3507000.0,DKK,2023.0,0,0,27,,0.0,0.0,1.0,0.0,0.0,0.0,0.0,0.0,0.0
COPENLIGHT ApS,"Kenny Drews Vej 93 2 th, 2450 København SV",København,11.07.2008,Ikke oplyst,Ikke oplyst,Anpartsselskab,31749484,125.0,-56000.0,DKK,2023.0,0,0,27,,0.0,0.0,0.0,1.0,0.0,0.0,0.0,0.0,0.0
Multichanger.dk ApS,"Læsøvej 10, 7000 Fredericia",Fredericia,17.12.2015,2.0,Mikro,Anpartsselskab,37321087,63.0,1991000.0,DKK,2024.0,0,0,27,1.0,0.0,0.0,0.0,0.0,0.0,0.0,0.0,0.0,0.0
Vandvagt Holding ApS,"Sejlhøjvej 3, 7700 Thisted",Thisted,09.01.1998,Ikke oplyst,Ikke oplyst,Anpartsselskab,20587733,125.0,42000.0,DKK,2023.0,0,0,27,1.0,0.0,0.0,0.0,0.0,0.0,0.0,0.0,0.0,0.0
FLEX ACOUSTICS ApS,"Ny Carlsberg Vej 27 4 th, 1760 København V",København,17.06.2005,1.0,Mikro,Anpartsselskab,28851049,229.0,2707000.0,DKK,2023.0,0,0,27,1.0,0.0,0.0,0.0,0.0,0.0,0.0,0.0,0.0,0.0
DANTRAFO A/S,"Fabriksvej 2, 7620 Lemvig",Lemvig,11.09.1984,60.0,Mellemstor,Aktieselskab,87208117,11.5,20807000.0,DKK,2023.0,1,0,27,,1.0,0.0,0.0,0.0,0.0,0.0,0.0,0.0,0.0
MEC ApS,"Industriparken 23, 2750 Ballerup",Ballerup,28.06.2007,44.0,Lille,Anpartsselskab,30551451,300.0,4271000.0,DKK,2024.0,0,0,27,,0.0,0.0,0.0,0.0,1.0,0.0,0.0,0.0,0.0
UV Medico A/S,"Søren Frichs Vej 50, 8230 Åbyhøj",Århus,16.08.2021,28.0,Lille,Aktieselskab,42602582,400.0,4946000.0,DKK,2023.0,0,0,27,,0.0,0.0,0.0,1.0,0.0,0.0,0.0,0.0,0.0
Smart Grid - X ApS,"Stormgade 50, 6700 Esbjerg",Esbjerg,01.11.2022,3.0,Mikro,Anpartsselskab,43622080,50.0,31000.0,DKK,2023.0,0,0,27,1.0,0.0,0.0,0.0,0.0,0.0,0.0,0.0,0.0,0.0
P700 Studio ApS,"Hallandsgade 6 A 5 tv, 2300 København S",København,11.05.2023,Ikke oplyst,Ikke oplyst,Anpartsselskab,44046903,40.0,7000.0,DKK,2023.0,0,0,27,,0.0,0.0,0.0,1.0,0.0,0.0,0.0,0.0,0.0
Prebi Handel ApS,"Haraldsvej 16, 8960 Randers SØ",Randers,21.12.1982,Ikke oplyst,Ikke oplyst,Anpartsselskab,70092816,900.0,-244000.0,DKK,2024.0,0,0,27,,0.0,0.0,0.0,1.0,0.0,0.0,0.0,0.0,0.0
FMA TEKNIK ApS,"Tjørnevej 22, 4140 Borup",Køge,12.06.2006,1.0,Mikro,Anpartsselskab,29629048,125.0,66000.0,DKK,2024.0,0,0,27,1.0,0.0,0.0,0.0,0.0,0.0,0.0,0.0,0.0,0.0
Zenziot ApS,"Føltvedvej 19, 9362 Gandrup",Aalborg,21.04.2015,1.0,Mikro,Anpartsselskab,36719389,50.0,956000.0,DKK,2023.0,0,0,27,1.0,0.0,0.0,0.0,0.0,0.0,0.0,0.0,0.0,0.0
VIEWNET SYSTEMS ApS,"Ingolf Nielsens Vej 20, 6400 Sønderborg",Sønderborg,19.03.2009,13.0,Lille,Anpartsselskab,32080901,300.0,11467000.0,DKK,2023.0,0,0,27,1.0,0.0,0.0,0.0,0.0,0.0,0.0,0.0,0.0,0.0
Cephei Energy ApS,"Gyvelbakken 7, 3460 Birkerød",Rudersdal,08.03.2023,Ikke oplyst,Ikke oplyst,Anpartsselskab,43915037,40.0,576000.0,DKK,2023.0,0,0,27,,0.0,0.0,0.0,1.0,0.0,0.0,0.0,0.0,0.0
ELEKTRODYN. HADSUND ApS,"Brohusvej 25, 9560 Hadsund",Mariagerfjord,09.12.1975,1.0,Mikro,Anpartsselskab,54573715,200.0,180000.0,DKK,2024.0,0,0,27,,1.0,0.0,0.0,0.0,0.0,0.0,0.0,0.0,0.0
RETEC AUTOMATION ApS,"Fjordagervej 38, 6100 Haderslev",Haderslev,04.05.2009,3.0,Mikro,Anpartsselskab,32146996,126.0,1349000.0,DKK,2023.0,0,0,27,,0.0,0.0,1.0,0.0,0.0,0.0,0.0,0.0,0.0
MacroCaps ApS,"A.P. Møllers Allé 39 A, 2791 Dragør",Tårnby,01.12.2016,5.0,Mikro,Anpartsselskab,38225170,369.0,-2461000.0,DKK,2024.0,0,0,27,1.0,0.0,0.0,0.0,0.0,0.0,0.0,0.0,0.0,0.0
NORDIC HEAT ApS,"Kratbjerg 240, 3480 Fredensborg",Fredensborg,10.12.2012,2.0,Mikro,Anpartsselskab,34880816,100.0,2130000.0,DKK,2023.0,0,0,27,1.0,0.0,0.0,0.0,0.0,0.0,0.0,0.0,0.0,0.0
RN SOLUTIONS ApS,"Hagensvej 14, 9530 Støvring",Rebild,17.03.2014,13.0,Lille,Anpartsselskab,35810838,148.0,5203000.0,DKK,2024.0,0,0,27,,0.0,0.0,0.0,1.0,0.0,0.0,0.0,0.0,0.0
TEOWGREEN ApS,"Sverkilstrupvejen 75, 3390 Hundested",Halsnæs,13.12.2011,Ikke oplyst,Ikke oplyst,Anpartsselskab,34080925,80.0,33000.0,DKK,2023.0,0,0,27,1.0,0.0,0.0,0.0,0.0,0.0,0.0,0.0,0.0,0.0
CSS Electronics ApS,"Søren Frichs Vej 38 K, 8230 Åbyhøj",Århus,14.04.2015,7.0,Mikro,Anpartsselskab,36711949,40.0,30053000.0,DKK,2024.0,0,0,27,1.0,0.0,0.0,0.0,0.0,0.0,0.0,0.0,0.0,0.0
Systemteknik af 2021 A/S,"Sundsholmen 3, 9400 Nørresundby",Aalborg,12.10.2021,37.0,Lille,Aktieselskab,42749419,833.0,21649000.0,DKK,2023.0,0,0,27,,0.0,0.0,1.0,0.0,0.0,0.0,0.0,0.0,0.0
MANAGER INVENTAR-TEKNIK ApS,"Produktionsvej 20, 2600 Glostrup",Glostrup,04.02.2000,1.0,Mikro,Anpartsselskab,25180852,390.0,2512000.0,DKK,2023.0,0,0,27,1.0,0.0,0.0,0.0,0.0,0.0,0.0,0.0,0.0,0.0
JH DEVELOPMENT ApS,"Damgårdsvej 38, 8660 Skanderborg",Skanderborg,28.06.2012,1.0,Mikro,Anpartsselskab,34603146,80.0,559000.0,DKK,2023.0,0,0,27,1.0,0.0,0.0,0.0,0.0,0.0,0.0,0.0,0.0,0.0
DAVID SUPER-LIGHT A/S,"Glarmestervej 43, 8722 Hedensted",Hedensted,01.05.1997,21.0,Lille,Aktieselskab,20053283,550.0,10857000.0,DKK,2024.0,1,0,27,,0.0,0.0,0.0,1.0,0.0,0.0,0.0,0.0,0.0
Simplewire ApS,"Store Kongensgade 110 H st, 1264 København K",København,25.04.2022,3.0,Mikro,Anpartsselskab,43244167,40.0,211000.0,DKK,2023.0,0,0,27,1.0,0.0,0.0,0.0,0.0,0.0,0.0,0.0,0.0,0.0
Holst Junior Holding ApS,"Lynge Stationsvej 43, 3540 Lynge",Allerød,25.11.2020,Ikke oplyst,Ikke oplyst,Anpartsselskab,41884975,40.0,,nan,2023.0,0,0,27,,0.0,0.0,0.0,0.0,0.0,1.0,0.0,0.0,0.0
MEKOPRINT A/S,"Hermesvej 2, 9530 Støvring",Rebild,01.05.1987,456.0,Stor,Aktieselskab,10825598,5.0,231377000.0,DKK,2024.0,1,1,27,,0.0,1.0,0.0,0.0,1.0,0.0,0.0,0.0,0.0
CTEK DENMARK ApS,"Rolighedsvej 7, 9240 Nibe",Aalborg,15.11.2013,4.0,Mikro,Anpartsselskab,35532633,80.0,2585000.0,DKK,2023.0,0,0,27,,1.0,0.0,0.0,0.0,0.0,0.0,0.0,0.0,0.0
ReliBond ApS,"Lindenborgvej 86, 4000 Roskilde",Roskilde,20.08.2015,7.0,Mikro,Anpartsselskab,36995114,106.0,1644000.0,DKK,2023.0,1,0,27,,0.0,0.0,0.0,0.0,1.0,0.0,0.0,0.0,0.0
RE-ELTEKNIK ApS,"Smedebakken 42, 7200 Grindsted",Billund,13.12.2004,7.0,Mikro,Anpartsselskab,28295960,125.0,4785000.0,DKK,2024.0,0,0,27,,0.0,0.0,1.0,0.0,0.0,0.0,0.0,0.0,0.0
Batteriservice ApS,"Tangmosevej 87 G, 4600 Køge",Køge,29.06.2015,4.0,Mikro,Anpartsselskab,36941715,50.0,1103000.0,DKK,2023.0,0,0,27,,0.0,0.0,0.0,0.0,0.0,0.0,0.0,1.0,0.0
ULSTED SOLENERGI ApS,"Houvej 137, 9370 Hals",Aalborg,01.05.2012,3.0,Mikro,Anpartsselskab,34487596,80.0,459000.0,DKK,2024.0,0,0,27,,0.0,0.0,1.0,0.0,0.0,0.0,0.0,0.0,0.0
O.J. ELECTRIC ApS,"Sandgårdvej 11 A, 7540 Haderup",Herning,17.05.2002,1.0,Mikro,Anpartsselskab,26639050,125.0,344000.0,DKK,2024.0,0,0,27,,0.0,0.0,1.0,0.0,0.0,0.0,0.0,0.0,0.0
N B AUTOMATIC ApS,"Mariagervej 4 A, 9560 Hadsund",Mariagerfjord,01.01.2000,4.0,Mikro,Anpartsselskab,25108213,125.0,1161000.0,DKK,2024.0,0,0,27,,0.0,0.0,1.0,0.0,0.0,0.0,0.0,0.0,0.0
DANPOWER ELECTRONICS ApS,"Møllevænget 18, 3200 Helsinge",Gribskov,29.05.2001,1.0,Mikro,Anpartsselskab,26063531,125.0,1228000.0,DKK,2023.0,0,0,27,1.0,0.0,0.0,0.0,0.0,0.0,0.0,0.0,0.0,0.0
VENSET A/S,"Industrivej 23, 6900 Skjern",Ringkøbing-Skjern,18.08.2004,Ikke oplyst,Ikke oplyst,Aktieselskab,27988091,500.0,4382000.0,DKK,2024.0,0,0,27,1.0,0.0,0.0,0.0,0.0,0.0,0.0,0.0,0.0,0.0
Otiom A/S,"Rådyret 48, 9530 Støvring",Rebild,17.12.2018,5.0,Mikro,Aktieselskab,40115420,400.0,8000.0,DKK,2024.0,0,0,27,1.0,0.0,0.0,0.0,0.0,0.0,0.0,0.0,0.0,0.0
CASI TECHNOLOGY A/S,"Rugvænget 30 1, 2630 Taastrup",Høje-Taastrup,13.10.2010,11.0,Lille,Aktieselskab,33247583,500.0,3470000.0,DKK,2024.0,0,0,27,1.0,0.0,0.0,0.0,0.0,0.0,0.0,0.0,0.0,0.0
SOLIPLEX ApS,"Sognevej 25, 2605 Brøndby",Brøndby,08.05.2012,Ikke oplyst,Ikke oplyst,Anpartsselskab,34575568,80.0,418000.0,DKK,2024.0,0,0,27,,0.0,0.0,0.0,1.0,0.0,0.0,0.0,0.0,0.0
DKT A/S,"Fanøvej 6, 4060 Kirke Såby",Lejre,04.12.1980,16.0,Lille,Aktieselskab,82151419,1.0,6849000.0,DKK,2023.0,0,0,27,,1.0,0.0,0.0,0.0,1.0,0.0,0.0,0.0,1.0
PRO-AUTOMATIC A/S,"Søndermarken 16, 6670 Holsted",Vejen,09.08.2000,261.0,Stor,Aktieselskab,25665740,1.0,157087000.0,DKK,2024.0,0,0,27,,0.0,0.0,1.0,0.0,0.0,0.0,0.0,0.0,0.0
ACTULUX A/S,"Porsborgparken 35, 9530 Støvring",Rebild,08.07.2005,89.0,Mellemstor,Aktieselskab,28892195,698.0,81521000.0,DKK,2023.0,0,0,27,1.0,0.0,0.0,0.0,0.0,0.0,0.0,0.0,0.0,0.0
WATTSUP POWER A/S,"Sydholmen 8, 2650 Hvidovre",Hvidovre,19.03.2014,10.0,Lille,Aktieselskab,35827048,1.0,5306000.0,DKK,2023.0,0,0,27,,1.0,0.0,0.0,0.0,0.0,0.0,0.0,0.0,0.0
DANTAET A/S,"Højmevej 36-38, 5250 Odense SV",Odense,01.01.1987,18.0,Lille,Aktieselskab,10701309,500.0,7814000.0,DKK,2024.0,0,0,27,,0.0,0.0,1.0,0.0,0.0,0.0,0.0,0.0,0.0
Aalborg Power Group ApS,"Skovvænget 7, 9240 Nibe",Aalborg,27.12.2022,Ikke oplyst,Ikke oplyst,Anpartsselskab,43745468,50.0,-14000.0,DKK,2024.0,0,0,27,,1.0,0.0,0.0,0.0,0.0,0.0,0.0,0.0,0.0
DANCRIMP A/S,"Hjortshøjvej 100 B, 8250 Egå",Århus,29.06.2006,4.0,Mikro,Aktieselskab,29635935,500.0,2908000.0,DKK,2023.0,0,0,27,,0.0,1.0,0.0,0.0,0.0,0.0,0.0,0.0,0.0
Semicon Power A/S,"Gydevang 4 B, 3450 Allerød",Allerød,27.06.2022,4.0,Mikro,Aktieselskab,43355015,400.0,2326000.0,DKK,2024.0,0,0,27,,0.0,0.0,1.0,0.0,0.0,0.0,0.0,0.0,0.0
Natdis ApS,"Brunbjerg 70, 6100 Haderslev",Haderslev,15.11.1998,10.0,Lille,Anpartsselskab,21586544,50.0,4217000.0,DKK,2024.0,0,0,27,,0.0,0.0,0.0,1.0,0.0,0.0,0.0,0.0,0.0
TI AUTOMATION A/S,"Farverivej 6, 6900 Skjern",Ringkøbing-Skjern,28.06.2001,29.0,Lille,Aktieselskab,26103797,500.0,12166000.0,DKK,2023.0,0,0,27,,0.0,0.0,1.0,0.0,0.0,0.0,0.0,0.0,0.0
Dansk Solenergi ApS,"Flensbjerg 8, 4960 Holeby",Lolland,17.04.2007,1.0,Mikro,Anpartsselskab,30503376,125.0,1122000.0,DKK,2023.0,0,0,27,,0.0,0.0,1.0,0.0,0.0,0.0,0.0,0.0,0.0
ZENROS ApS,"Fiskernesvej 6, 2670 Greve",Greve,01.01.2012,Ikke oplyst,Ikke oplyst,Anpartsselskab,34209642,1.3,-528000.0,DKK,2024.0,0,0,27,,1.0,0.0,0.0,0.0,0.0,0.0,0.0,0.0,0.0
Fischer Lighting ApS,"Skjulhøj Allé 46, 2720 Vanløse",København,17.06.2016,14.0,Lille,Anpartsselskab,37815322,50.0,7481000.0,DKK,2023.0,0,0,27,,0.0,0.0,0.0,1.0,0.0,0.0,0.0,0.0,0.0
TRICON ELECTRIC A/S,"Gejlhavegård 1, 6000 Kolding",Kolding,20.12.1991,98.0,Mellemstor,Aktieselskab,15763582,1.601,15084000.0,DKK,2024.0,0,0,27,,0.0,0.0,1.0,0.0,0.0,0.0,0.0,0.0,0.0
K-Logic ApS,"Gammel Strandvej 7 3 th, 9000 Aalborg",Aalborg,06.11.2017,Ikke oplyst,Ikke oplyst,Anpartsselskab,39069288,50.0,-1000.0,DKK,2023.0,0,0,27,,0.0,0.0,1.0,0.0,0.0,0.0,0.0,0.0,0.0
Led on technologies ApS,"Øvrevangen 2, 3230 Græsted",Gribskov,17.09.2021,2.0,Mikro,Anpartsselskab,42685836,40.0,594000.0,DKK,2023.0,0,0,27,,0.0,0.0,0.0,1.0,0.0,0.0,0.0,0.0,0.0
Nordic Firefly A/S,"Frederiksborgvej 399, 4000 Roskilde",Roskilde,07.03.2017,3.0,Mikro,Aktieselskab,38470299,543.0,882000.0,DKK,2024.0,0,0,27,,0.0,0.0,0.0,1.0,0.0,0.0,0.0,0.0,0.0
4Power ApS,"Erisvænget 47, 6710 Esbjerg V",Esbjerg,12.09.2022,Ikke oplyst,Ikke oplyst,Anpartsselskab,43503995,50.0,-34000.0,DKK,2023.0,0,0,27,,1.0,0.0,0.0,0.0,0.0,0.0,0.0,0.0,0.0
MATRONICS ApS,"Slogsgaden 5, 6372 Bylderup-Bov",Aabenraa,27.06.2008,26.0,Lille,Anpartsselskab,31594510,250.0,16058000.0,DKK,2023.0,0,0,27,,0.0,0.0,0.0,1.0,0.0,0.0,0.0,0.0,0.0
Easy PiSi ApS,"Christian D.IIs.Gade 6, 6400 Sønderborg",Sønderborg,08.05.2012,Ikke oplyst,Ikke oplyst,Anpartsselskab,34489726,80.0,4000.0,DKK,2023.0,0,0,27,1.0,0.0,0.0,0.0,0.0,0.0,0.0,0.0,0.0,0.0
BENDIXEN NEON ApS,"Finderupvej 118, 8800 Viborg",Viborg,01.02.1978,22.0,Lille,Anpartsselskab,83459816,220.0,8994000.0,DKK,2024.0,0,0,27,,0.0,0.0,0.0,1.0,0.0,0.0,0.0,0.0,0.0
Takiro ApS,"Hedemannsgade 3 1, 8000 Aarhus C",Århus,01.07.2018,Ikke oplyst,Ikke oplyst,Anpartsselskab,39724375,50.0,-9000.0,DKK,2023.0,0,0,27,1.0,0.0,0.0,0.0,0.0,0.0,0.0,0.0,0.0,0.0
Lystek ApS,"Cedervej 2 B st, 7400 Herning",Herning,12.02.2019,7.0,Mikro,Anpartsselskab,40252525,71.0,2238000.0,DKK,2023.0,0,0,27,,0.0,0.0,0.0,1.0,0.0,0.0,0.0,0.0,0.0
SPOTIES ApS,"Efterårsvej 11, 2920 Charlottenlund",Gentofte,25.09.2014,Ikke oplyst,Ikke oplyst,Anpartsselskab,36203668,50.0,,nan,2023.0,0,0,27,,0.0,0.0,0.0,1.0,0.0,0.0,0.0,0.0,0.0
VIMALIGHT ApS,"Højdyssevej 20, 4000 Roskilde",Roskilde,18.09.2018,1.0,Mikro,Anpartsselskab,39868660,40.0,548000.0,DKK,2024.0,0,0,27,,0.0,0.0,0.0,1.0,0.0,0.0,0.0,0.0,0.0
BLOCK DANMARK ApS,"Knud Højgaards Vej 9, 2860 Søborg",Gladsaxe,01.04.2001,1.0,Mikro,Anpartsselskab,26001447,126.0,1080000.0,DKK,2023.0,0,0,27,,1.0,0.0,0.0,0.0,0.0,0.0,0.0,0.0,0.0
Elcor Skovlunde Randers A/S,"Meterbuen 15, 2740 Skovlunde",Ballerup,17.12.1992,157.0,Mellemstor,Aktieselskab,16610178,2.24,137821000.0,DKK,2023.0,0,0,27,,0.0,0.0,1.0,0.0,0.0,0.0,0.0,0.0,0.0
Simutec ApS,"Tranbjergvej 7, 8310 Tranbjerg J",Århus,26.07.2021,Ikke oplyst,Ikke oplyst,Anpartsselskab,42561959,40.0,0.0,DKK,2023.0,0,0,27,1.0,0.0,0.0,0.0,0.0,0.0,0.0,0.0,0.0,0.0
VentriJect ApS,"Ryvangs Allé 81, 2900 Hellerup",Gentofte,07.03.2018,7.0,Mikro,Anpartsselskab,39424371,582.0,-4330000.0,DKK,2023.0,0,0,27,1.0,0.0,0.0,0.0,0.0,0.0,0.0,0.0,0.0,0.0
GØRTLER METALSMEDEN ApS,"Gammelgårdsvej 75 F, 3520 Farum",Furesø,25.06.1999,5.0,Mikro,Anpartsselskab,21799041,125.0,2600000.0,DKK,2023.0,0,0,27,,0.0,0.0,0.0,1.0,0.0,0.0,0.0,0.0,0.0
Coffee Greens ApS,"Henningsens Alle 42, 2900 Hellerup",Gentofte,14.02.2015,Ikke oplyst,Ikke oplyst,Anpartsselskab,36544392,550.0,31000.0,DKK,2023.0,0,0,27,,0.0,0.0,0.0,0.0,0.0,1.0,0.0,0.0,0.0
KENOX ApS,"Sygehusvej 20, 9460 Brovst",Jammerbugt,15.02.2022,Ikke oplyst,Ikke oplyst,Anpartsselskab,43063561,40.0,,nan,2023.0,0,0,27,1.0,0.0,0.0,0.0,0.0,0.0,0.0,0.0,0.0,0.0
VAC Consulting ApS,"Rolundvej 1, 5260 Odense S",Odense,11.08.2020,2.0,Mikro,Anpartsselskab,41584521,60.0,2285000.0,DKK,2023.0,0,0,27,1.0,0.0,0.0,0.0,0.0,0.0,0.0,0.0,0.0,0.0
AUDIOCURA ApS,"Sindalsvej 34, 8240 Risskov",Århus,09.04.2014,1.0,Mikro,Anpartsselskab,35834931,40.0,-218000.0,DKK,2023.0,0,0,27,1.0,0.0,0.0,0.0,0.0,0.0,0.0,0.0,0.0,0.0
IMPC SOLUTIONS ApS,"Nydamsvej 27, 6040 Egtved",Vejle,20.03.2001,11.0,Lille,Anpartsselskab,25958349,126.0,4534000.0,DKK,2023.0,0,0,27,1.0,0.0,0.0,0.0,0.0,0.0,0.0,0.0,0.0,0.0
Triarca A/S,"Bjørnkærvej 3, 8783 Hornsyld",Hedensted,30.04.2019,93.0,Mellemstor,Aktieselskab,40481672,400.0,45426000.0,DKK,2023.0,1,0,27,,0.0,0.0,1.0,0.0,0.0,0.0,0.0,0.0,0.0
SilkOcean ApS,"Fredrik Bajers Vej 300, 9220 Aalborg Øst",Aalborg,23.12.2022,Ikke oplyst,Ikke oplyst,Anpartsselskab,43731408,40.0,121000.0,DKK,2023.0,0,0,27,1.0,0.0,0.0,0.0,0.0,0.0,0.0,0.0,0.0,0.0
INNOVAID A/S,"Bakketoften 3, 8541 Skødstrup",Århus,01.08.2009,7.0,Mikro,Aktieselskab,32363466,500.0,2260000.0,DKK,2024.0,0,0,27,1.0,0.0,0.0,0.0,0.0,0.0,0.0,0.0,0.0,0.0
Luminex A/S,"Lundagervej 45 A, 8723 Løsning",Hedensted,27.04.2016,16.0,Lille,Aktieselskab,37646458,1.0,12682000.0,DKK,2023.0,0,0,27,,0.0,0.0,0.0,1.0,0.0,0.0,0.0,0.0,0.0
Exalight EU ApS,"Hejreskovvej 15 A, 3490 Kvistgård",Helsingør,21.03.2018,Ikke oplyst,Ikke oplyst,Anpartsselskab,39429470,50.0,1145000.0,DKK,2023.0,0,0,27,,0.0,0.0,0.0,1.0,0.0,0.0,0.0,0.0,0.0
SKILTESTEDET ApS,"Mådevej 19, 6700 Esbjerg",Esbjerg,17.08.2005,17.0,Lille,Anpartsselskab,28977115,125.0,5834000.0,DKK,2023.0,0,0,27,,0.0,0.0,0.0,1.0,0.0,0.0,0.0,0.0,0.0
BANKE ApS,"Mellemvej 20, 6430 Nordborg",Sønderborg,19.02.2010,27.0,Lille,Anpartsselskab,32773974,125.0,11232000.0,DKK,2023.0,0,0,27,1.0,0.0,0.0,0.0,0.0,0.0,0.0,0.0,0.0,0.0
Germflare ApS,"Øvrevangen 2, 3230 Græsted",Gribskov,11.04.2019,Ikke oplyst,Ikke oplyst,Anpartsselskab,40445684,50.0,-398000.0,DKK,2023.0,0,0,27,,0.0,0.0,0.0,1.0,0.0,0.0,0.0,0.0,0.0
FYNS TAVLE TEKNIK ApS,"Havnegade 11, 5000 Odense C",Odense,17.05.2001,8.0,Mikro,Anpartsselskab,26044189,126.0,3950000.0,DKK,2024.0,0,0,27,,0.0,0.0,1.0,0.0,0.0,0.0,0.0,0.0,0.0
DWC INTERNATIONAL SALES ApS,"Møllegade 2 A, 9750 Østervrå",Frederikshavn,29.12.2000,Ikke oplyst,Ikke oplyst,Anpartsselskab,25811798,125.0,-13000.0,DKK,2023.0,0,0,27,,1.0,0.0,0.0,0.0,0.0,0.0,0.0,0.0,0.0
ALUMI LIGHTDESIGN ApS,"Islandsvej 5, 8700 Horsens",Horsens,26.05.2014,1.0,Mikro,Anpartsselskab,35859578,50.0,-447000.0,DKK,2024.0,0,0,27,,0.0,0.0,0.0,1.0,0.0,0.0,0.0,0.0,0.0
Frichs Pyrolysis ApS,"Egeskovvej 3, 8700 Horsens",Horsens,11.11.2019,25.0,Lille,Anpartsselskab,40922865,291.0,4862000.0,DKK,2023.0,0,0,27,,1.0,0.0,0.0,0.0,0.0,0.0,0.0,0.0,0.0
Effection A/S,"Måløv Teknikerby 2, 2760 Måløv",Ballerup,01.01.1991,203.0,Mellemstor,Aktieselskab,15134488,1.0,116517000.0,DKK,2023.0,0,0,27,,0.0,0.0,0.0,1.0,0.0,0.0,0.0,0.0,0.0
KK WIND SOLUTIONS A/S,"Bøgildvej 3, 7430 Ikast",Ikast-Brande,29.12.1969,694.0,Stor,Aktieselskab,25746716,10.0,582254000.0,DKK,2023.0,0,0,27,1.0,1.0,0.0,0.0,0.0,0.0,0.0,0.0,0.0,0.0
ALVA Project A/S,"Stamholmen 71, 2650 Hvidovre",Hvidovre,13.06.2012,Ikke oplyst,Ikke oplyst,Aktieselskab,34595690,2.0,118000.0,DKK,2023.0,0,0,27,1.0,0.0,0.0,0.0,0.0,0.0,0.0,0.0,0.0,0.0
BROTHER. BROTHER & SONS ApS,"Raffinaderivej 10, 2300 København S",København,29.07.1999,17.0,Lille,Anpartsselskab,24222799,165.0,4212000.0,DKK,2024.0,0,0,27,,0.0,0.0,0.0,1.0,0.0,0.0,0.0,0.0,0.0
Holtab Danmark A/S,"Haderslevvej 36, 6000 Kolding",Kolding,06.09.2022,4.0,Mikro,Aktieselskab,43493264,400.0,11877000.0,DKK,2023.0,0,0,27,,1.0,0.0,0.0,0.0,0.0,0.0,0.0,0.0,0.0
DAUGAARD ELEKTRONIK ApS,"Bygmestervej 14, 5750 Ringe",Faaborg-Midtfyn,04.06.1982,6.0,Mikro,Anpartsselskab,71082628,300.0,2283000.0,DKK,2024.0,0,0,27,,0.0,0.0,1.0,0.0,0.0,0.0,0.0,0.0,0.0
GLASBLÆSERIET A/S,"Avedøreholmen 86 L, 2650 Hvidovre",Hvidovre,15.04.2002,1.0,Mikro,Aktieselskab,26576016,500.0,267000.0,DKK,2023.0,0,0,27,,0.0,0.0,0.0,1.0,0.0,0.0,0.0,0.0,0.0
KK-CONNECTION ApS,"Røjklitvej 28, 6950 Ringkøbing",Ringkøbing-Skjern,14.01.2008,1.0,Mikro,Anpartsselskab,31176425,125.0,703000.0,DKK,2024.0,0,0,27,,0.0,0.0,1.0,0.0,0.0,0.0,0.0,0.0,0.0
TRUSTED A/S,"Ballevej 2 A, 8600 Silkeborg",Silkeborg,01.12.1999,16.0,Lille,Aktieselskab,25106792,2.3,25651000.0,DKK,2023.0,0,0,27,1.0,0.0,0.0,0.0,0.0,0.0,0.0,0.0,0.0,0.0
Unelco ApS,"Trundholmvejen 4, 4573 Højby",Odsherred,24.04.2015,1.0,Mikro,Anpartsselskab,36724404,50.0,5000.0,DKK,2024.0,0,0,27,1.0,0.0,0.0,0.0,0.0,0.0,0.0,0.0,0.0,0.0
NILAN A/S,"Nilanvej 2, 8722 Hedensted",Hedensted,26.06.1987,168.0,Mellemstor,Aktieselskab,11773397,1.0,76495000.0,DKK,2024.0,0,0,27,,0.0,0.0,0.0,0.0,0.0,0.0,1.0,0.0,0.0
Alsin & Arvak ApS,"Falkevej 18, 8766 Nørre Snede",Ikast-Brande,27.01.2020,Ikke oplyst,Ikke oplyst,Anpartsselskab,41112220,40.0,43000.0,DKK,2024.0,0,0,27,1.0,0.0,0.0,0.0,0.0,0.0,0.0,0.0,0.0,0.0
A.K.S. MONTRONICS A/S,"Stamholmen 71-73, 2650 Hvidovre",Hvidovre,29.09.2003,Ikke oplyst,Ikke oplyst,Aktieselskab,27361676,980.0,385000.0,DKK,2023.0,0,0,27,,0.0,1.0,0.0,0.0,0.0,0.0,0.0,0.0,0.0
Vital22 ApS,"Seinhuusvej 20, 4672 Klippinge",Stevns,19.05.2021,Ikke oplyst,Ikke oplyst,Anpartsselskab,42401730,44.0,0.0,DKK,2023.0,0,0,27,,1.0,0.0,0.0,0.0,0.0,0.0,0.0,0.0,0.0
