Juridisk navn,Adresse,Kommune,Startdato,Antal ansatte,Størrelse,Selskabsform,CVR-nr,Selskabskapital,Bruttofortjeneste,Valuta,År for beregning,Kunde,Coating kunde,NACE-2,Forarbejdning og færdigbearbejdning af træ,Udsavning og høvling af træ,Fremstilling af bygningstømmer og snedkeriartikler i øvrigt,"Fremstilling af andre trævarer og varer af kork, strå og flettematerialer",Fremstilling af døre og vinduer af træ,Færdigbearbejdning af trævarer,Fremstilling af sammensatte parketstave,Fremstilling af fast brændsel på basis af vegetabilsk biomasse,Fremstilling af træemballage,Fremstilling af finerplader og træbaserede plader
KOMPAN A/S,"C.F. Tietgens Boulevard 32 C, 5220 Odense SØ",Odense,07.06.1984,178.0,Mellemstor,Aktieselskab,40559817,59.1,614608000.0,DKK,2023.0,0,0,16,,0.0,1.0,0.0,0.0,0.0,0.0,0.0,0.0,0.0
Jans Tagrenovering ApS,"Koustedvej 28, 8990 Fårup",Randers,23.02.2021,Ikke oplyst,Ikke oplyst,Anpartsselskab,42173290,40.0,209000.0,DKK,2023.0,0,0,16,,1.0,0.0,0.0,0.0,0.0,0.0,0.0,0.0,0.0
SCANDIWOOD A/S INTERNATIONAL,"Mads Clausens Vej 11, 9800 Hjørring",Hjørring,01.06.1993,3.0,Mikro,Aktieselskab,17076043,500.0,4357000.0,DKK,2024.0,0,0,16,,0.0,0.0,0.0,0.0,1.0,0.0,0.0,0.0,0.0
Werner Holding 2015 ApS,"Herredsbjerg 18, 5683 Haarby",Assens,15.04.2015,Ikke oplyst,Ikke oplyst,Anpartsselskab,36717572,50.0,260000.0,DKK,2023.0,0,0,16,,0.0,0.0,1.0,0.0,0.0,0.0,0.0,0.0,0.0
TRELLEBORG HELÅRSHUSE-FRITIDSHUSE A/S,"Birkerød Kongevej 191, 3460 Birkerød",Rudersdal,29.01.1973,8.0,Mikro,Aktieselskab,49744013,500.0,8365000.0,DKK,2023.0,0,0,16,,1.0,0.0,0.0,0.0,0.0,0.0,0.0,0.0,0.0
Danbox Living ApS,"Niels P Thomsens Vej 6, 7500 Holstebro",Holstebro,05.11.2017,25.0,Lille,Anpartsselskab,39069814,50.0,7260000.0,DKK,2023.0,0,0,16,,0.0,1.0,0.0,0.0,0.0,0.0,0.0,0.0,0.0
F. JUNCKERS INDUSTRIER A/S,"Værftsvej 4, 4600 Køge",Køge,24.02.1932,253.0,Stor,Aktieselskab,66920216,65.336,88752000.0,DKK,2023.0,1,0,16,,0.0,0.0,0.0,0.0,0.0,1.0,0.0,0.0,0.0
VESTDØREN ApS,"Vestergårdsvej 1, 6893 Hemmet",Ringkøbing-Skjern,02.04.2001,2.0,Mikro,Anpartsselskab,25982789,125.0,1046000.0,DKK,2024.0,0,0,16,,0.0,0.0,0.0,1.0,0.0,0.0,0.0,0.0,0.0
VTI A/S,"Nr Bjertvej 24, 7830 Vinderup",Holstebro,09.11.1990,117.0,Mellemstor,Aktieselskab,14642080,6.0,37671000.0,DKK,2024.0,1,0,16,,0.0,1.0,0.0,0.0,0.0,0.0,0.0,0.0,0.0
PER MADSEN ApS,"Klaksvej 13, 4262 Sandved",Næstved,06.11.2002,1.0,Mikro,Anpartsselskab,26859247,125.0,-63000.0,DKK,2024.0,0,0,16,,1.0,0.0,0.0,0.0,0.0,0.0,0.0,0.0,0.0
TMML ApS,"Nørretoftevej 14 B, 3200 Helsinge",Gribskov,15.04.2019,Ikke oplyst,Ikke oplyst,Anpartsselskab,40458549,50.0,-9000.0,DKK,2024.0,0,0,16,,0.0,0.0,0.0,0.0,0.0,0.0,1.0,0.0,0.0
Habitree ApS,"Frederiksdalvej 2, 8940 Randers SV",Randers,27.03.2020,Ikke oplyst,Ikke oplyst,Anpartsselskab,41274611,150.0,54000.0,DKK,2023.0,0,0,16,,0.0,0.0,1.0,0.0,0.0,0.0,0.0,0.0,0.0
JENSENS TRÆ- OG LISTER A/S,"Lyngvej 31 B, 4573 Højby",Odsherred,20.05.2005,3.0,Mikro,Aktieselskab,28712448,500.0,1251000.0,DKK,2023.0,0,0,16,,1.0,0.0,0.0,0.0,0.0,0.0,0.0,0.0,0.0
SMARTWOOD A/S,"Frejasvej 102, 8600 Silkeborg",Silkeborg,04.07.2013,2.0,Mikro,Aktieselskab,35397582,500.0,3160000.0,DKK,2023.0,0,0,16,,0.0,1.0,0.0,0.0,0.0,0.0,0.0,0.0,0.0
DANKET A/S,"Ole Rømers Vej 6, 7000 Fredericia",Fredericia,04.11.1981,7.0,Mikro,Aktieselskab,52167019,500.0,3082000.0,DKK,2024.0,0,0,16,,0.0,1.0,0.0,0.0,0.0,0.0,0.0,0.0,0.0
PT CONSTRUCTIONS ApS,"Vandværksvej 25 B, 8620 Kjellerup",Silkeborg,02.06.1997,3.0,Mikro,Anpartsselskab,20093145,125.0,2428000.0,DKK,2024.0,0,0,16,,0.0,0.0,0.0,0.0,0.0,0.0,0.0,1.0,0.0
JELD-WEN DANMARK A/S,"Danmarksvej 9, 9670 Løgstør",Vesthimmerland,01.01.1991,500.0,Stor,Aktieselskab,15134739,25.0,323116000.0,DKK,2023.0,1,0,16,,0.0,0.0,0.0,1.0,0.0,0.0,0.0,0.0,0.0
Gilleleje Indramning ApS,"A W Holmsvej 1 B, 3250 Gilleleje",Gribskov,23.08.1988,Ikke oplyst,Ikke oplyst,Anpartsselskab,12475373,500.0,60000.0,DKK,2023.0,0,0,16,,1.0,0.0,0.0,0.0,0.0,0.0,0.0,0.0,0.0
Nysumlund.ApS,"Nysumvej 20, 9610 Nørager",Rebild,30.10.2017,1.0,Mikro,Anpartsselskab,39044420,40.0,76000.0,DKK,2023.0,0,0,16,,0.0,0.0,0.0,1.0,0.0,0.0,0.0,0.0,0.0
Rammefabrikken Rødovre ApS,"Mose Alle 7 A, 2610 Rødovre",Rødovre,23.06.2017,3.0,Mikro,Anpartsselskab,38742426,50.0,1030000.0,DKK,2023.0,0,0,16,,0.0,0.0,1.0,0.0,0.0,0.0,0.0,0.0,0.0
EXCELLENT-HUSE ApS,"Vester Borupvej 20, 9830 Tårs",Hjørring,13.04.2005,15.0,Lille,Anpartsselskab,28682867,155.0,7158000.0,DKK,2024.0,0,0,16,,0.0,1.0,0.0,0.0,0.0,0.0,0.0,0.0,0.0
FANØ TØMRER & SNEDKER ApS,"Vangled 71, 6720 Fanø",Fanø,07.12.2010,5.0,Mikro,Anpartsselskab,33371888,80.0,1859000.0,DKK,2023.0,0,0,16,,0.0,1.0,0.0,0.0,0.0,0.0,0.0,0.0,0.0
Tine K Home A/S,"M.P. Allerups Vej 45 G, 5220 Odense SØ",Odense,23.06.2017,30.0,Lille,Aktieselskab,38748343,500.0,13370000.0,DKK,2023.0,0,0,16,,0.0,0.0,1.0,0.0,0.0,0.0,0.0,0.0,0.0
SNEDKERIET ROSKILDE ApS,"Håndværkervej 52, 4000 Roskilde",Roskilde,08.09.2011,4.0,Mikro,Anpartsselskab,33885180,80.0,2001000.0,DKK,2024.0,0,0,16,,0.0,1.0,0.0,0.0,0.0,0.0,0.0,0.0,0.0
POUL WURTZ ApS,"Tyregårdvej 2, 7550 Sørvad",Herning,25.09.1985,Ikke oplyst,Ikke oplyst,Anpartsselskab,10134498,125.0,0.0,DKK,2024.0,0,0,16,,0.0,0.0,1.0,0.0,0.0,0.0,0.0,0.0,0.0
W N T K ApS,"Tuemosevej 1, 4850 Stubbekøbing",Guldborgsund,02.01.2015,Ikke oplyst,Ikke oplyst,Anpartsselskab,35873538,40.0,92000.0,DKK,2023.0,0,0,16,,0.0,0.0,0.0,0.0,0.0,0.0,0.0,0.0,1.0
Tiny Choice ApS,"Gl. Skolevej 1 1, 7400 Herning",Herning,06.07.2023,Ikke oplyst,Ikke oplyst,Anpartsselskab,44168359,40.0,-13000.0,DKK,2023.0,0,0,16,1.0,0.0,0.0,0.0,0.0,0.0,0.0,0.0,0.0,0.0
PALSGAARD SPÆR A/S,"Palsgårdvej 5, 7362 Hampen",Silkeborg,16.08.2005,242.0,Mellemstor,Aktieselskab,28971109,4.052,140996000.0,DKK,2023.0,0,0,16,,0.0,1.0,0.0,0.0,0.0,0.0,0.0,0.0,0.0
BOFURN ApS,"Skægkærvej 25, 8600 Silkeborg",Silkeborg,14.01.2013,1.0,Mikro,Anpartsselskab,34904219,80.0,266000.0,DKK,2023.0,0,0,16,,0.0,0.0,1.0,0.0,0.0,0.0,0.0,0.0,0.0
Scapes & Monkeys ApS,"Tingstedvej 6, 2640 Hedehusene",Høje-Taastrup,05.05.2023,2.0,Mikro,Anpartsselskab,44041332,40.0,624000.0,DKK,2023.0,0,0,16,,0.0,1.0,0.0,0.0,0.0,0.0,0.0,0.0,0.0
Schreibers Packaging A/S,"Torvegade 97, 7160 Tørring",Hedensted,12.07.2019,17.0,Lille,Aktieselskab,40667253,500.0,4130000.0,DKK,2023.0,0,0,16,,0.0,0.0,0.0,0.0,0.0,0.0,0.0,1.0,0.0
F.H. af 16.08.2017 ApS,"Hansensvej 11, 4200 Slagelse",Slagelse,16.08.2017,Ikke oplyst,Ikke oplyst,Anpartsselskab,38860224,40.0,14000.0,DKK,2024.0,0,0,16,,0.0,0.0,0.0,0.0,1.0,0.0,0.0,0.0,0.0
Anpartsselskabet af 7-11-2018,"Østerskovvej 7, 6500 Vojens",Haderslev,07.11.2018,Ikke oplyst,Ikke oplyst,Anpartsselskab,40004025,50.0,-5000.0,DKK,2023.0,0,0,16,,0.0,0.0,0.0,1.0,0.0,0.0,0.0,0.0,0.0
TØMRERFIRMAET E. KRISTENSEN OG SØN. ELLIDSHØJ ApS,"Ellidshøjvej 59, 9230 Svenstrup J",Aalborg,27.06.1975,Ikke oplyst,Ikke oplyst,Anpartsselskab,53650228,200.0,31000.0,DKK,2024.0,0,0,16,,0.0,0.0,0.0,1.0,0.0,0.0,0.0,0.0,0.0
BRANDBJERG SAVVÆRK A/S,"Brandbjergvej 10, 7300 Jelling",Vejle,06.12.2010,2.0,Mikro,Aktieselskab,33360789,500.0,1083000.0,DKK,2024.0,0,0,16,,0.0,1.0,0.0,0.0,0.0,0.0,0.0,0.0,0.0
Næste Holding ApS,"Finervej 7, 4621 Gadstrup",Roskilde,26.03.2019,Ikke oplyst,Ikke oplyst,Anpartsselskab,40382143,40.0,16000.0,DKK,2024.0,0,0,16,,0.0,0.0,0.0,1.0,0.0,0.0,0.0,0.0,0.0
TOMMERUP VINDUET A/S,"Kirkebjerg 15, 5690 Tommerup",Assens,22.06.1990,3.0,Mikro,Aktieselskab,14354247,510.0,1515000.0,DKK,2023.0,0,0,16,,0.0,0.0,0.0,1.0,0.0,0.0,0.0,0.0,0.0
DORF BØDKERI ApS,"Kvisselholtvej 22, 9330 Dronninglund",Brønderslev-Dronninglund,17.06.2003,3.0,Mikro,Anpartsselskab,27207359,200.0,2056000.0,DKK,2024.0,0,0,16,,0.0,0.0,0.0,0.0,0.0,0.0,0.0,1.0,0.0
TØNDER EMBALLAGE ApS,"Ndr Landevej 2 B, 6270 Tønder",Tønder,01.11.1991,8.0,Mikro,Anpartsselskab,15553049,200.0,3548000.0,DKK,2023.0,0,0,16,,0.0,0.0,0.0,0.0,0.0,0.0,0.0,1.0,0.0
MADERA ApS,"Nyholmvej 2, 7361 Ejstrupholm",Ikast-Brande,05.06.2008,4.0,Mikro,Anpartsselskab,30506588,125.0,2486000.0,DKK,2023.0,0,0,16,,0.0,1.0,0.0,0.0,0.0,0.0,0.0,0.0,0.0
ACHIEVERS HOLDING ApS,"Sortbærvej 93, 8600 Silkeborg",Silkeborg,21.11.2007,Ikke oplyst,Ikke oplyst,Anpartsselskab,31083699,125.0,-20000.0,DKK,2024.0,0,0,16,,1.0,0.0,0.0,0.0,0.0,0.0,0.0,0.0,0.0
JYTAS A/S,"Århusvej 211, 8464 Galten",Skanderborg,01.03.1998,113.0,Mellemstor,Aktieselskab,20763647,6.2,75335000.0,DKK,2023.0,0,0,16,,0.0,1.0,0.0,0.0,0.0,0.0,0.0,0.0,0.0
Bødkeriet A/S,"Idomvej 70, 7500 Holstebro",Holstebro,26.06.2017,27.0,Lille,Aktieselskab,38748882,500.0,15831000.0,DKK,2023.0,0,0,16,,0.0,0.0,0.0,0.0,0.0,0.0,0.0,1.0,0.0
HTM COMPONENT ApS,"Sandvigvej 3-5, 7400 Herning",Herning,01.01.1993,25.0,Lille,Anpartsselskab,16707503,650.0,8832000.0,DKK,2024.0,0,0,16,,0.0,0.0,0.0,0.0,0.0,0.0,0.0,0.0,1.0
Brabrand Fineringscentral ApS,"J.P. Larsens Vej 17 A, 8220 Brabrand",Århus,27.06.2017,4.0,Mikro,Anpartsselskab,38747703,50.0,987000.0,DKK,2024.0,0,0,16,,0.0,0.0,0.0,0.0,0.0,0.0,0.0,0.0,1.0
DK Elements A/S,"Stenderupvej 183, 6092 Sønder Stenderup",Kolding,09.12.2022,19.0,Lille,Aktieselskab,43727699,625.0,-2002000.0,DKK,2023.0,0,0,16,,0.0,1.0,0.0,0.0,0.0,0.0,0.0,0.0,0.0
Lignum ApS,"Fruens Bøge Allé 22, 5250 Odense SV",Odense,12.01.2017,Ikke oplyst,Ikke oplyst,Anpartsselskab,38328654,50.0,1000.0,DKK,2024.0,0,0,16,,0.0,0.0,0.0,0.0,1.0,0.0,0.0,0.0,0.0
Thy-Maskinsnedkeri ApS,"Vestermarken 8, 7950 Erslev",Morsø,04.11.2019,Ikke oplyst,Ikke oplyst,Anpartsselskab,40907882,40.0,208000.0,DKK,2023.0,0,0,16,,0.0,0.0,0.0,0.0,1.0,0.0,0.0,0.0,0.0
ADAPTEO A/S,"Greve Main 33, 2670 Greve",Greve,02.04.1969,43.0,Lille,Aktieselskab,11033911,11.0,242863000.0,DKK,2023.0,0,0,16,,0.0,1.0,0.0,0.0,0.0,0.0,0.0,0.0,0.0
MADSEN VINDUER & DØRE ApS,"Industrivej 31, 9310 Vodskov",Aalborg,11.06.1986,16.0,Lille,Anpartsselskab,10271940,201.0,6115000.0,DKK,2024.0,0,0,16,,0.0,0.0,0.0,1.0,0.0,0.0,0.0,0.0,0.0
FRØSLEV TRÆ A/S,"Jens P. L. Petersens Vej 1, 6330 Padborg",Aabenraa,01.06.1990,146.0,Mellemstor,Aktieselskab,14248331,500.0,17355000.0,DKK,2023.0,0,0,16,,1.0,0.0,0.0,0.0,0.0,0.0,0.0,0.0,0.0
Planet Living A/S,"Ørstedsvej 55, 6760 Ribe",Esbjerg,23.04.2019,2.0,Mikro,Aktieselskab,40485813,30.0,2366000.0,DKK,2023.0,0,0,16,,0.0,1.0,0.0,0.0,0.0,0.0,0.0,0.0,0.0
BYGHOLM MASKINSNEDKERI A/S,"Vågøvej 6, 8700 Horsens",Horsens,20.05.1977,25.0,Lille,Aktieselskab,81124728,510.0,10101000.0,DKK,2024.0,0,0,16,,0.0,0.0,0.0,1.0,0.0,0.0,0.0,0.0,0.0
RUPINI A/S,"Vilvordevej 47 A, 2920 Charlottenlund",Gentofte,06.07.1987,Ikke oplyst,Ikke oplyst,Aktieselskab,10920590,500.0,-5000.0,DKK,2024.0,0,0,16,,0.0,0.0,0.0,0.0,0.0,0.0,0.0,0.0,1.0
Vindunor A/S,"Ålborgvej 86, 9800 Hjørring",Hjørring,03.12.2020,178.0,Mellemstor,Aktieselskab,41920785,11.0,102623000.0,DKK,2024.0,0,0,16,,0.0,0.0,0.0,1.0,0.0,0.0,0.0,0.0,0.0
ODENSE TRÆFORARBEJDNING ApS,"Gøteborggade 12, 5000 Odense C",Odense,29.11.2013,9.0,Mikro,Anpartsselskab,25146964,80.0,3499000.0,DKK,2023.0,0,0,16,1.0,0.0,0.0,0.0,0.0,0.0,0.0,0.0,0.0,0.0
TIM TRÆINDUSTRI A/S,"Svensgaardvej 11, 6980 Tim",Ringkøbing-Skjern,15.06.1979,5.0,Mikro,Aktieselskab,86737612,500.0,4939000.0,DKK,2024.0,0,0,16,,0.0,0.0,0.0,0.0,0.0,0.0,0.0,1.0,0.0
Dahl Jensen ApS,"Audebovej 16, 4300 Holbæk",Holbæk,08.11.2022,1.0,Mikro,Anpartsselskab,43632337,40.0,122000.0,DKK,2024.0,0,0,16,,1.0,0.0,0.0,0.0,0.0,0.0,0.0,0.0,0.0
KIRKE HØRUP SAVVÆRK OG PALLEFABRIK A/S,"Kirke Hørupvej 19, 6470 Sydals",Sønderborg,22.12.1993,3.0,Mikro,Aktieselskab,17501976,501.0,342000.0,DKK,2024.0,0,0,16,,1.0,0.0,0.0,0.0,0.0,0.0,0.0,1.0,0.0
Varming Savværk ApS,"Varming Vesterby 2 C, 6760 Ribe",Esbjerg,13.05.2020,13.0,Lille,Anpartsselskab,41401109,40.0,3862000.0,DKK,2023.0,0,0,16,,1.0,0.0,0.0,1.0,0.0,0.0,0.0,0.0,0.0
THORS DESIGN ApS,"Møltrupvej 29, 7480 Vildbjerg",Herning,01.06.1997,8.0,Mikro,Anpartsselskab,20177330,150.0,3286000.0,DKK,2024.0,0,0,16,1.0,0.0,0.0,0.0,0.0,0.0,0.0,0.0,0.0,0.0
SUPPLY CHAIN TURNAROUND Aps,"Fortgård Alle 56, 2770 Kastrup",Tårnby,26.08.2019,Ikke oplyst,Ikke oplyst,Anpartsselskab,40746110,50.0,-2000.0,DKK,2023.0,0,0,16,,0.0,0.0,1.0,0.0,0.0,0.0,0.0,0.0,0.0
Guldborg Legepladser ApS,"Ulvevej 25, 4622 Havdrup",Solrød,25.08.2021,9.0,Mikro,Anpartsselskab,42624713,40.0,4323000.0,DKK,2024.0,0,0,16,,0.0,0.0,1.0,0.0,0.0,0.0,0.0,0.0,0.0
SERRIDSLEV TRÆINDUSTRI A/S,"Nebelvej 37, 8700 Horsens",Horsens,08.09.2006,8.0,Mikro,Aktieselskab,29849900,600.0,21526000.0,DKK,2023.0,0,0,16,,0.0,1.0,0.0,0.0,0.0,0.0,0.0,0.0,0.0
Nordsjælland Designmontering ApS,"Fredskovvej 7, 2840 Holte",Rudersdal,20.10.2016,1.0,Mikro,Anpartsselskab,38122908,40.0,-432000.0,DKK,2023.0,0,0,16,,0.0,1.0,0.0,0.0,0.0,0.0,0.0,0.0,0.0
Ryborg Tømrer ApS,"Hedeskovvej 20, 8520 Lystrup",Århus,18.05.2022,2.0,Mikro,Anpartsselskab,43268457,40.0,866000.0,DKK,2024.0,0,0,16,,0.0,1.0,0.0,0.0,0.0,0.0,0.0,0.0,0.0
PERFECTUM ApS,"Voldbjergvej 16 st tv, 8240 Risskov",Århus,14.07.2012,Ikke oplyst,Ikke oplyst,Anpartsselskab,34617317,80.0,-842000.0,DKK,2023.0,0,0,16,,1.0,0.0,0.0,0.0,0.0,0.0,0.0,0.0,0.0
O.H. INDUSTRI A/S,"Smedevej 17, 7430 Ikast",Ikast-Brande,01.11.1987,126.0,Mellemstor,Aktieselskab,11567436,1.0,65920000.0,DKK,2023.0,0,0,16,,0.0,0.0,0.0,1.0,0.0,0.0,0.0,0.0,0.0
JYDSK BLINDRAMMEFABRIK A/S,"Møgelhøj 12, 8520 Lystrup",Århus,28.06.1999,25.0,Lille,Aktieselskab,21788988,600.0,17336000.0,DKK,2023.0,0,0,16,,0.0,1.0,0.0,0.0,0.0,0.0,0.0,0.0,0.0
RINGSTED SPÆRFABRIK A/S,"Balstrupvej 107 B, 4100 Ringsted",Ringsted,22.08.2003,3.0,Mikro,Aktieselskab,27324363,1.0,20325000.0,DKK,2023.0,0,0,16,,0.0,1.0,0.0,0.0,0.0,0.0,0.0,0.0,0.0
dnora A/S,"Industrivej 17, 3200 Helsinge",Gribskov,19.04.2021,Ikke oplyst,Ikke oplyst,Aktieselskab,42317748,400.0,32000.0,DKK,2024.0,0,0,16,,0.0,1.0,0.0,0.0,0.0,0.0,0.0,0.0,0.0
LB-DØRE OG VINDUER ApS,"Saksholmvej 26, 4733 Tappernøje",Næstved,17.12.2002,6.0,Mikro,Anpartsselskab,26915201,125.0,1937000.0,DKK,2024.0,0,0,16,,0.0,0.0,0.0,1.0,0.0,0.0,0.0,0.0,0.0
A.V. JEPPESEN TØMRER- OG SNEDKER- MESTRE A/S,"Mandal Alle 4, 5500 Middelfart",Middelfart,01.09.1989,18.0,Lille,Aktieselskab,13437874,500.0,7702000.0,DKK,2024.0,0,0,16,,0.0,1.0,0.0,0.0,0.0,0.0,0.0,0.0,0.0
Grønagergård Savværk A/S,"Sminge Møllevej 20, 8883 Gjern",Silkeborg,28.06.2018,60.0,Mellemstor,Aktieselskab,39715155,500.0,36925000.0,DKK,2023.0,0,0,16,,1.0,0.0,0.0,0.0,0.0,0.0,0.0,0.0,0.0
Steenager Service ApS,"Møldrupvej 50, 9510 Arden",Mariagerfjord,10.01.2019,Ikke oplyst,Ikke oplyst,Anpartsselskab,40166955,50.0,13000.0,DKK,2023.0,0,0,16,,1.0,0.0,0.0,0.0,0.0,0.0,0.0,0.0,0.0
JYSK SPÆRFABRIK A/S,"Dons Byvej 41, 6051 Almind",Kolding,14.06.1995,23.0,Lille,Aktieselskab,18598396,700.0,15871000.0,DKK,2023.0,0,0,16,,0.0,1.0,0.0,0.0,0.0,0.0,0.0,0.0,0.0
DAVINDE SAVVÆRK A/S,"Udlodgyden 24, 5220 Odense SØ",Odense,01.05.1972,35.0,Lille,Aktieselskab,38299417,500.0,19601000.0,DKK,2024.0,0,0,16,,1.0,0.0,0.0,0.0,0.0,0.0,0.0,0.0,0.0
KEHLET AF 2008 ApS,"Bøgebjergvej 6, 8740 Brædstrup",Horsens,23.01.1992,Ikke oplyst,Ikke oplyst,Anpartsselskab,15874899,200.0,-11000.0,DKK,2024.0,0,0,16,,0.0,1.0,0.0,0.0,0.0,0.0,0.0,0.0,0.0
Aros Savværk ApS,"Gråskegårdevej 6 A, 8400 Ebeltoft",Syddjurs,03.05.2021,4.0,Mikro,Anpartsselskab,42366293,40.0,3436000.0,DKK,2023.0,0,0,16,,1.0,0.0,0.0,0.0,0.0,0.0,0.0,0.0,0.0
HENRIK OHLSEN ApS,"Adelgade 3, 8660 Skanderborg",Skanderborg,20.11.2009,6.0,Mikro,Anpartsselskab,32569129,125.0,2047000.0,DKK,2024.0,0,0,16,,0.0,0.0,1.0,0.0,0.0,0.0,0.0,0.0,0.0
LINOLIE DØRE OG VINDUER ApS,"Vestergade 33, 7570 Vemb",Holstebro,13.04.2012,28.0,Lille,Anpartsselskab,34474958,50.0,19131000.0,DKK,2024.0,0,0,16,,0.0,0.0,0.0,1.0,0.0,0.0,0.0,0.0,0.0
Nørregårdsminde ApS,"Knudsbøllevej 15, 5700 Svendborg",Svendborg,15.09.2021,Ikke oplyst,Ikke oplyst,Anpartsselskab,42683221,40.0,17000.0,DKK,2023.0,0,0,16,,0.0,0.0,0.0,1.0,0.0,0.0,0.0,0.0,0.0
BREDAHL KRISTENSEN ApS,"Tørslevvej 35, 3630 Jægerspris",Frederikssund,13.06.1977,29.0,Lille,Anpartsselskab,81891613,200.0,19137000.0,DKK,2023.0,0,0,16,,0.0,1.0,0.0,0.0,0.0,0.0,0.0,0.0,0.0
MIDTLAK ApS,"Rømersvej 13, 7430 Ikast",Ikast-Brande,12.01.2005,5.0,Mikro,Anpartsselskab,28323522,240.0,-633000.0,DKK,2023.0,0,0,16,1.0,0.0,0.0,0.0,0.0,0.0,0.0,0.0,0.0,0.0
ILSØE INDUSTRILAKERING ApS,"Store Valbyvej 260, 4000 Roskilde",Roskilde,26.06.2012,7.0,Mikro,Anpartsselskab,34600945,160.0,3143000.0,DKK,2024.0,0,0,16,1.0,0.0,0.0,0.0,0.0,0.0,0.0,0.0,0.0,0.0
AN-EMBALLAGE ApS,"Herredsvejen 205, 9500 Hobro",Mariagerfjord,01.03.2007,7.0,Mikro,Anpartsselskab,30350081,144.0,4137000.0,DKK,2024.0,0,0,16,,0.0,0.0,0.0,0.0,0.0,0.0,0.0,1.0,0.0
Hydro Inject ApS,"Olaf Ryes Gade 7 K 2 th, 6000 Kolding",Kolding,25.09.2020,1.0,Mikro,Anpartsselskab,41748583,40.0,1296000.0,DKK,2023.0,0,0,16,,0.0,0.0,0.0,1.0,0.0,0.0,0.0,0.0,0.0
Liciter ApS,"Meklenborggade 2 3 th, 2300 København S",København,31.10.2022,1.0,Mikro,Anpartsselskab,43612921,40.0,193000.0,DKK,2023.0,0,0,16,,0.0,1.0,0.0,0.0,0.0,0.0,0.0,0.0,0.0
GRANBY PACK A/S,"Holmen 5, 4800 Nykøbing F",Guldborgsund,18.12.1977,68.0,Mellemstor,Aktieselskab,82861513,600.0,41006000.0,DKK,2023.0,0,0,16,,0.0,0.0,0.0,0.0,0.0,0.0,0.0,1.0,0.0
DESIGNMODUL A/S,"Kornmarken 17, 6040 Egtved",Vejle,02.12.2003,26.0,Lille,Aktieselskab,27471722,500.0,20374000.0,DKK,2024.0,0,0,16,,0.0,1.0,0.0,0.0,0.0,0.0,0.0,0.0,0.0
VESTJYSK MODELSNEDKERI ApS,"Isefjordsvej 5, 6715 Esbjerg N",Esbjerg,29.04.1991,4.0,Mikro,Anpartsselskab,15233044,126.0,1147000.0,DKK,2023.0,0,0,16,,0.0,0.0,0.0,0.0,1.0,0.0,0.0,0.0,0.0
JYDERUP DYVELFABRIK A/S,"Ringstedvej 70, 4370 Store Merløse",Holbæk,30.11.1973,5.0,Mikro,Aktieselskab,49778317,500.0,2718000.0,DKK,2024.0,0,0,16,,1.0,0.0,1.0,0.0,0.0,0.0,0.0,0.0,0.0
Syddjurs tække- og tømrerfirma ApS,"Pindstrupvej 31, 8410 Rønde",Syddjurs,15.07.2015,Ikke oplyst,Ikke oplyst,Anpartsselskab,36967544,50.0,489000.0,DKK,2024.0,0,0,16,,0.0,1.0,0.0,0.0,0.0,0.0,0.0,0.0,0.0
BYENSdesign København ApS,"Overbys Allé 7, 2500 Valby",København,21.12.2016,Ikke oplyst,Ikke oplyst,Anpartsselskab,38275747,50.0,312000.0,DKK,2024.0,0,0,16,,0.0,0.0,1.0,0.0,0.0,0.0,0.0,0.0,0.0
Partner Pack ApS,"Stadionvej 16 A, 6800 Varde",Varde,18.12.2018,13.0,Lille,Anpartsselskab,40105077,417.0,3800000.0,DKK,2024.0,0,0,16,,0.0,0.0,0.0,0.0,0.0,0.0,0.0,1.0,0.0
Smokepins ApS,"Tornhøjvej 92, 8260 Viby J",Århus,09.03.2017,1.0,Mikro,Anpartsselskab,38488643,53.0,192000.0,DKK,2023.0,0,0,16,,0.0,0.0,1.0,0.0,0.0,0.0,0.0,0.0,0.0
Lolland Savværk Aps,"Vesterborgvej 3, 4953 Vesterborg",Lolland,11.10.2021,6.0,Mikro,Anpartsselskab,42747882,140.0,763000.0,DKK,2024.0,0,0,16,,0.0,0.0,0.0,0.0,1.0,0.0,0.0,0.0,0.0
MM BIOENERGI ApS,"Mosegårdsvej 3, 5683 Haarby",Assens,28.06.2007,12.0,Lille,Anpartsselskab,30512448,125.0,8490000.0,DKK,2024.0,0,0,16,,1.0,0.0,0.0,0.0,0.0,0.0,0.0,0.0,0.0
H.E. Industries ApS,"Tønnesens Vej 6, 6760 Ribe",Esbjerg,15.04.2019,2.0,Mikro,Anpartsselskab,40460098,50.0,761000.0,DKK,2024.0,0,0,16,,0.0,1.0,0.0,0.0,0.0,0.0,0.0,0.0,0.0
EPP Finans ApS,"Voldbjergvej 16 2 th, 8240 Risskov",Århus,02.05.2016,Ikke oplyst,Ikke oplyst,Anpartsselskab,37660434,100.0,26000.0,DKK,2023.0,0,0,16,,1.0,0.0,0.0,0.0,1.0,0.0,0.0,0.0,0.0
SVEND KAAGH EMBALLAGE ApS,"Agerskovvej 18, 8362 Hørning",Skanderborg,28.02.1995,2.0,Mikro,Anpartsselskab,18427591,1.24,232000.0,DKK,2024.0,0,0,16,,0.0,0.0,0.0,0.0,0.0,0.0,0.0,1.0,0.0
DANSK EKSPORT EMBALLAGE ApS,"Pajdamsvej 1 A, 6683 Føvling",Vejen,02.02.2009,49.0,Lille,Anpartsselskab,31860520,125.0,14494000.0,DKK,2023.0,0,0,16,,0.0,0.0,0.0,0.0,0.0,0.0,0.0,1.0,0.0
Moelven Danmark Sales A/S,"Vestergade 49, 8600 Silkeborg",Silkeborg,08.03.2022,4.0,Mikro,Aktieselskab,43115693,400.0,3441000.0,DKK,2023.0,0,0,16,,0.0,1.0,0.0,0.0,0.0,0.0,0.0,0.0,0.0
Rolfsted Vinduer ApS,"Stokløkken 6, 5863 Ferritslev Fyn",Faaborg-Midtfyn,02.05.2019,5.0,Mikro,Anpartsselskab,40503730,50.0,2588000.0,DKK,2023.0,0,0,16,,0.0,0.0,0.0,1.0,0.0,0.0,0.0,0.0,0.0
Midtvest Brænde ApS,"Ørnhøjvej 28, 6971 Spjald",Ringkøbing-Skjern,13.12.2021,1.0,Mikro,Anpartsselskab,42899089,40.0,178000.0,DKK,2024.0,0,0,16,,1.0,0.0,0.0,0.0,0.0,0.0,0.0,0.0,0.0
VESTPALL ApS,"Sdr. Viumvej 4 A, 6893 Hemmet",Ringkøbing-Skjern,04.10.2007,29.0,Lille,Anpartsselskab,30904028,250.0,11951000.0,DKK,2023.0,0,0,16,,0.0,0.0,0.0,0.0,0.0,0.0,0.0,1.0,0.0
Bystrup Maskinsnedkeri ApS,"Gotlandsvej 8, 5700 Svendborg",Svendborg,03.03.2005,2.0,Mikro,Anpartsselskab,28501641,125.0,1292000.0,DKK,2024.0,0,0,16,,0.0,1.0,0.0,0.0,0.0,0.0,0.0,0.0,0.0
Midgaard ApS,"Storegade 66, 4780 Stege",Vordingborg,10.09.2023,Ikke oplyst,Ikke oplyst,Anpartsselskab,44291584,40.0,186000.0,DKK,2023.0,0,0,16,,0.0,1.0,0.0,0.0,0.0,0.0,0.0,0.0,0.0
HORN BORDPLADER A/S,"Farvervej 40, 7490 Aulum",Herning,19.12.2000,96.0,Mellemstor,Aktieselskab,25798902,1.0,43299000.0,DKK,2024.0,0,0,16,,0.0,0.0,1.0,0.0,0.0,0.0,0.0,0.0,0.0
HEM Denmark A/S,"Brøndumvej 79, 7800 Skive",Skive,01.03.1989,26.0,Lille,Aktieselskab,12873581,500.0,26860000.0,DKK,2024.0,0,0,16,,1.0,0.0,0.0,0.0,0.0,0.0,0.0,0.0,0.0
CHR. PANBO A/S,"Egelund 5, 6200 Aabenraa",Aabenraa,30.09.1993,8.0,Mikro,Aktieselskab,17292374,500.0,4812000.0,DKK,2023.0,0,0,16,,0.0,1.0,0.0,0.0,0.0,0.0,0.0,0.0,0.0
EBK-FLISHUGNING ApS,"Terpvej 44, 8641 Sorring",Silkeborg,30.01.2012,1.0,Mikro,Anpartsselskab,34219885,150.0,608000.0,DKK,2024.0,0,0,16,,0.0,0.0,0.0,0.0,0.0,0.0,1.0,0.0,0.0
VESTJYSK TRÆEMBALLAGE ApS,"Drejervej 11, 7490 Aulum",Herning,29.12.2003,35.0,Lille,Anpartsselskab,26994837,210.0,2721000.0,DKK,2023.0,0,0,16,,0.0,0.0,0.0,0.0,0.0,0.0,0.0,1.0,0.0
Hæstrup Træindustri ApS,"Otto Jakobsens Vej 5, 9800 Hjørring",Hjørring,26.05.2016,6.0,Mikro,Anpartsselskab,37762873,650.0,2689000.0,DKK,2024.0,0,0,16,,0.0,0.0,0.0,0.0,0.0,1.0,0.0,0.0,0.0
Københavns Savværk ApS,"Ved Slusen 34, 2300 København S",København,12.10.2021,Ikke oplyst,Ikke oplyst,Anpartsselskab,42758353,40.0,2000.0,DKK,2023.0,0,0,16,,1.0,0.0,0.0,0.0,0.0,0.0,0.0,0.0,0.0
SUPERWOOD A/S,"Palsgårdvej 3, 7362 Hampen",Silkeborg,24.01.2002,29.0,Lille,Aktieselskab,26434602,1.0,16565000.0,DKK,2024.0,0,0,16,,1.0,0.0,0.0,0.0,0.0,0.0,0.0,0.0,0.0
Vestervang Pilestrø ApS,"Vanggårdsvej 25, 9700 Brønderslev",Brønderslev-Dronninglund,10.04.2018,4.0,Mikro,Anpartsselskab,39475839,50.0,661000.0,DKK,2023.0,0,0,16,,0.0,0.0,1.0,0.0,0.0,0.0,0.0,0.0,0.0
Starup Wood ApS,"Smedebakken 28, 7200 Grindsted",Billund,04.01.2016,3.0,Mikro,Anpartsselskab,37350087,50.0,2727000.0,DKK,2023.0,0,0,16,,0.0,0.0,0.0,0.0,1.0,0.0,0.0,0.0,0.0
FRONTEGO A/S,"Furvej 2, 7900 Nykøbing M",Morsø,29.06.1999,31.0,Lille,Aktieselskab,21833649,600.0,23370000.0,DKK,2023.0,0,0,16,,0.0,0.0,0.0,1.0,0.0,0.0,0.0,0.0,0.0
Livestock feed tests Denmark ApS,"Pebersmarkvej 31, 6372 Bylderup-Bov",Aabenraa,23.08.2017,2.0,Mikro,Anpartsselskab,38876686,50.0,978000.0,DKK,2023.0,0,0,16,,1.0,0.0,0.0,0.0,0.0,0.0,0.0,0.0,0.0
PVH Production A/S,"Industrivej 53, 6760 Ribe",Esbjerg,23.11.2016,30.0,Lille,Aktieselskab,38207369,1.35,42401000.0,DKK,2024.0,0,0,16,,0.0,0.0,1.0,0.0,0.0,0.0,0.0,0.0,0.0
BM Byggeindustri A/S,"Lupinvej 18, 9500 Hobro",Mariagerfjord,28.11.2017,171.0,Mellemstor,Aktieselskab,39122014,3.0,83994000.0,DKK,2024.0,0,0,16,,0.0,1.0,0.0,0.0,0.0,0.0,0.0,0.0,0.0
OUTLINE VINDUER A/S,"Fabriksvej 4, 9640 Farsø",Vesthimmerland,29.11.2005,291.0,Stor,Aktieselskab,29189110,57.0,276529000.0,DKK,2023.0,0,0,16,,0.0,0.0,0.0,1.0,0.0,0.0,0.0,0.0,0.0
S.W. LIMTRÆ ApS,"Lysningen 3, 9480 Løkken",Hjørring,24.04.1979,Ikke oplyst,Ikke oplyst,Anpartsselskab,87369528,125.0,0.0,DKK,2023.0,0,0,16,,0.0,0.0,0.0,0.0,0.0,0.0,0.0,0.0,1.0
BurntWood ApS,"Mondrupsvej 8, 8260 Viby J",Århus,02.04.2020,1.0,Mikro,Anpartsselskab,41275634,40.0,1852000.0,DKK,2023.0,0,0,16,,0.0,0.0,0.0,1.0,0.0,0.0,0.0,0.0,0.0
NIC Denmark A/S,"Elmevej 16, 7870 Roslev",Skive,11.04.2014,23.0,Lille,Aktieselskab,35829563,500.0,7697000.0,DKK,2023.0,0,0,16,,0.0,0.0,0.0,1.0,0.0,0.0,0.0,0.0,0.0
PRÆMAL A/S,"Transformervej 27, 2860 Søborg",Gladsaxe,15.12.1974,12.0,Lille,Aktieselskab,50985113,500.0,2828000.0,DKK,2023.0,0,0,16,,1.0,0.0,0.0,0.0,0.0,0.0,0.0,0.0,0.0
Taasinge Elementer A/S,"Bjernemarksvej 54, 5700 Svendborg",Svendborg,03.03.2011,97.0,Mellemstor,Aktieselskab,33510691,1.08,43010000.0,DKK,2023.0,0,0,16,,0.0,1.0,0.0,0.0,0.0,0.0,0.0,0.0,0.0
Bøgely Maskinsnedkeri 2022 ApS,"Borupvej 60 E, 3320 Skævinge",Hillerød,13.12.2021,4.0,Mikro,Anpartsselskab,42902152,40.0,3048000.0,DKK,2024.0,0,0,16,,1.0,0.0,0.0,0.0,0.0,0.0,0.0,0.0,0.0
A. SAABY-JENSEN & SØN ApS,"Olufsvej 6 B, 2100 København Ø",København,15.10.1975,2.0,Mikro,Anpartsselskab,56176810,125.0,474000.0,DKK,2023.0,0,0,16,,0.0,1.0,0.0,0.0,0.0,0.0,0.0,0.0,0.0
NYSTED SAVVÆRK & TRÆHANDEL A/S,"Ny Østergade 9, 4880 Nysted",Guldborgsund,30.10.1956,Ikke oplyst,Ikke oplyst,Aktieselskab,24412113,500.0,-109000.0,DKK,2023.0,0,0,16,,1.0,0.0,0.0,0.0,0.0,0.0,0.0,0.0,0.0
Kenneth Jepsen Ugilt Consult A/S,"Mosbjergvej 135 A, 9870 Sindal",Hjørring,10.07.2019,Ikke oplyst,Ikke oplyst,Aktieselskab,40652299,2.5,892000.0,DKK,2023.0,0,0,16,,0.0,1.0,0.0,0.0,0.0,0.0,0.0,0.0,0.0
JACOB BACH Snedkermester ApS,"Himmelbjergvej 9, 8680 Ry",Skanderborg,09.05.2022,2.0,Mikro,Anpartsselskab,43249169,40.0,1936000.0,DKK,2024.0,0,0,16,,0.0,0.0,0.0,1.0,0.0,0.0,0.0,0.0,0.0
Danish Anti Fire ApS,"Sandvadsvej 2, 4600 Køge",Køge,03.03.2017,4.0,Mikro,Anpartsselskab,38464302,50.0,5248000.0,DKK,2023.0,0,0,16,1.0,0.0,0.0,0.0,0.0,0.0,0.0,0.0,0.0,0.0
RANDBØL SAVVÆRK ApS,"Rygbjergvej 4, 7183 Randbøl",Vejle,30.06.1995,7.0,Mikro,Anpartsselskab,18637006,200.0,4158000.0,DKK,2023.0,0,0,16,,1.0,0.0,0.0,0.0,0.0,0.0,0.0,0.0,0.0
Universalhuse ApS,"Magnoliavej 2, 5250 Odense SV",Odense,20.06.2014,2.0,Mikro,Anpartsselskab,35892559,50.0,674000.0,DKK,2024.0,0,0,16,,0.0,1.0,0.0,0.0,0.0,0.0,0.0,0.0,0.0
DIANAFLEX ApS,"Tersløsevej 1, 4293 Dianalund",Sorø,13.06.1990,1.0,Mikro,Anpartsselskab,14249893,125.0,352000.0,DKK,2024.0,0,0,16,,0.0,1.0,0.0,0.0,0.0,0.0,0.0,0.0,0.0
FCL Entreprise ApS,"Hallenslevvej 5 A, 4270 Høng",Kalundborg,04.08.2022,Ikke oplyst,Ikke oplyst,Anpartsselskab,43429396,40.0,,nan,2023.0,0,0,16,,0.0,1.0,0.0,0.0,0.0,0.0,0.0,0.0,0.0
Frøslev Projekt A/S,"Herstedøstervej 27-29 1 1, 2620 Albertslund",Albertslund,01.01.1988,7.0,Mikro,Aktieselskab,11932371,5.0,12505000.0,DKK,2023.0,0,0,16,,0.0,1.0,0.0,0.0,0.0,0.0,0.0,0.0,0.0
Conrum A/S,"Amerikavej 1, 7000 Fredericia",Fredericia,20.05.1992,176.0,Mellemstor,Aktieselskab,16148040,1.1,224218000.0,DKK,2024.0,0,0,16,,0.0,1.0,0.0,0.0,0.0,0.0,0.0,0.0,0.0
Drejerinden og Værkstedsfejeren ApS,"Ejlbyvej 53, 5471 Søndersø",Nordfyns,09.02.2021,3.0,Mikro,Anpartsselskab,42104744,40.0,78000.0,DKK,2023.0,0,0,16,,0.0,0.0,1.0,0.0,0.0,0.0,0.0,0.0,0.0
THY TRAPPER A/S,"Industrivej 17, 7700 Thisted",Thisted,30.11.1982,14.0,Lille,Aktieselskab,71264319,1.0,1817000.0,DKK,2024.0,0,0,16,,0.0,1.0,0.0,0.0,0.0,0.0,0.0,0.0,0.0
Paw's Tømrerfirma ApS,"Brundvej 3, 7700 Thisted",Thisted,01.11.2018,1.0,Mikro,Anpartsselskab,40010742,50.0,2326000.0,DKK,2023.0,0,0,16,,0.0,1.0,0.0,0.0,0.0,0.0,0.0,0.0,0.0
MyElla ApS,"Skudehavnsvej 15 A, 2150 Nordhavn",København,07.03.2018,2.0,Mikro,Anpartsselskab,39392712,50.0,366000.0,DKK,2023.0,0,0,16,,0.0,0.0,1.0,0.0,0.0,0.0,0.0,0.0,0.0
UNIK-FUNKIS A/S,"Livøvej 10 B, 8800 Viborg",Viborg,01.01.1986,87.0,Mellemstor,Aktieselskab,10123135,3.183,42154000.0,DKK,2024.0,0,0,16,,0.0,0.0,0.0,1.0,0.0,0.0,0.0,0.0,0.0
A/S Metalcentret,"Ejby Industrivej 100, 2600 Glostrup",Glostrup,25.04.1978,23.0,Lille,Aktieselskab,83983515,1.55,18105000.0,DKK,2024.0,0,0,16,,0.0,0.0,0.0,0.0,0.0,0.0,0.0,1.0,0.0
KASTRUP A/S,"Mosebyvej 40, 7500 Holstebro",Holstebro,20.06.2000,250.0,Stor,Aktieselskab,25473434,3.0,44384000.0,DKK,2024.0,0,0,16,,0.0,0.0,0.0,1.0,0.0,0.0,0.0,0.0,0.0
KOLOMORE ApS,"Skærgårdsvænget 7, 5500 Middelfart",Middelfart,20.05.2016,4.0,Mikro,Anpartsselskab,37704741,50.0,3915000.0,DKK,2024.0,0,0,16,,0.0,0.0,0.0,0.0,1.0,0.0,0.0,0.0,0.0
AKTIV LEG ApS,"Boldingvej 5, 7250 Hejnsvig",Billund,22.02.2000,6.0,Mikro,Anpartsselskab,25222199,126.0,3824000.0,DKK,2024.0,0,0,16,,0.0,1.0,0.0,0.0,0.0,0.0,0.0,0.0,0.0
KORSGAARD ApS,"Gl. Refsvej 11 B, 7760 Hurup Thy",Thisted,12.11.2002,Ikke oplyst,Ikke oplyst,Anpartsselskab,26880955,135.0,-29000.0,DKK,2023.0,0,0,16,,0.0,0.0,0.0,0.0,1.0,0.0,0.0,0.0,0.0
Ørum Savværk ApS,"Bjørnbækvej 17, 9320 Hjallerup",Brønderslev-Dronninglund,01.04.2023,1.0,Mikro,Anpartsselskab,43965298,40.0,430000.0,DKK,2023.0,0,0,16,,1.0,0.0,0.0,0.0,0.0,0.0,0.0,0.0,0.0
Simpel design ApS,"Danmarksgade 8 K, 4690 Haslev",Faxe,19.08.2022,1.0,Mikro,Anpartsselskab,43475274,40.0,167000.0,DKK,2024.0,0,0,16,,0.0,1.0,0.0,0.0,0.0,0.0,0.0,0.0,0.0
HusCompagniet Production A/S,"Skagerrakvej 8, 6715 Esbjerg N",Esbjerg,01.05.1996,100.0,Mellemstor,Aktieselskab,19270742,50.094,42341000.0,DKK,2023.0,0,0,16,,0.0,1.0,0.0,0.0,0.0,0.0,0.0,0.0,0.0
EDITION COPENHAGEN A/S,"Strandgade 66-70, 1401 København K",København,10.05.1986,11.0,Lille,Aktieselskab,10278678,500.0,18916000.0,DKK,2024.0,0,0,16,,0.0,1.0,0.0,0.0,0.0,0.0,0.0,0.0,0.0
GREEN HOUSE ApS,"Vester Fjordvej 4, 9280 Storvorde",Aalborg,12.06.2006,11.0,Lille,Anpartsselskab,29614288,175.0,7314000.0,DKK,2023.0,0,0,16,,0.0,1.0,0.0,0.0,0.0,0.0,0.0,0.0,0.0
WOODPACK DENMARK A/S,"Sønderfenne 5, 6630 Rødding",Vejen,23.07.1990,23.0,Lille,Aktieselskab,14324941,500.0,15550000.0,DKK,2024.0,0,0,16,,0.0,0.0,0.0,0.0,0.0,0.0,0.0,1.0,0.0
Træværkeriet ApS,"Entreprenørvejen 61, 8550 Ryomgård",Syddjurs,10.12.2015,Ikke oplyst,Ikke oplyst,Anpartsselskab,37293741,50.0,109000.0,DKK,2023.0,0,0,16,1.0,0.0,0.0,0.0,0.0,0.0,0.0,0.0,0.0,0.0
DAN STRAW A/S,"Industrivej 11, 6780 Skærbæk",Tønder,19.11.2007,Ikke oplyst,Ikke oplyst,Aktieselskab,31067197,500.0,340000.0,DKK,2024.0,0,0,16,,0.0,0.0,1.0,0.0,0.0,0.0,0.0,0.0,0.0
J.P.A. JENSEN & SØN ApS,"A R Kjærbysvej 2, 6280 Højer",Tønder,29.12.2006,7.0,Mikro,Anpartsselskab,30178971,125.0,2545000.0,DKK,2023.0,0,0,16,,0.0,0.0,0.0,1.0,0.0,0.0,0.0,0.0,0.0
KRONE VINDUER A/S,"Ålborgvej 576, 9760 Vrå",Hjørring,26.08.2005,175.0,Mellemstor,Aktieselskab,28979967,8.5,77652000.0,DKK,2023.0,0,0,16,,0.0,0.0,0.0,1.0,0.0,0.0,0.0,0.0,0.0
DLT GROUP A/S,"Lundborgvej 25, 8800 Viborg",Viborg,01.06.1993,49.0,Lille,Aktieselskab,17078186,1.0,49223000.0,DKK,2023.0,0,0,16,,0.0,0.0,1.0,0.0,0.0,0.0,0.0,0.0,0.0
Skanderborg Brændesalg ApS,"Præstevejen 8, 8660 Skanderborg",Skanderborg,21.09.2021,Ikke oplyst,Ikke oplyst,Anpartsselskab,42696439,40.0,35000.0,DKK,2024.0,0,0,16,,0.0,0.0,1.0,0.0,0.0,0.0,0.0,0.0,0.0
ScandiWood Production Denmark ApS,"Mads Clausens Vej 11, 9800 Hjørring",Hjørring,10.05.2022,2.0,Mikro,Anpartsselskab,43252259,40.0,-39000.0,DKK,2024.0,0,0,16,,0.0,0.0,0.0,0.0,1.0,0.0,0.0,0.0,0.0
NÆSBY TRÆINDUSTRI ApS,"Bogensevej 39, 5270 Odense N",Odense,24.01.1995,Ikke oplyst,Ikke oplyst,Anpartsselskab,18332078,200.0,-4000.0,DKK,2023.0,0,0,16,,0.0,0.0,0.0,0.0,0.0,0.0,0.0,1.0,0.0
G.S.V. MATERIELUDLEJNING A/S,"Baldersbuen 5, 2640 Hedehusene",Høje-Taastrup,30.12.1964,591.0,Stor,Aktieselskab,51457528,15.329,,nan,2023.0,0,0,16,,0.0,1.0,0.0,0.0,0.0,0.0,0.0,0.0,0.0
BSK ApS,"Flintagerløkken 6, 5250 Odense SV",Odense,06.05.2023,Ikke oplyst,Ikke oplyst,Anpartsselskab,44041278,40.0,0.0,DKK,2023.0,0,0,16,,0.0,0.0,0.0,1.0,0.0,0.0,0.0,0.0,0.0
LILLEBÆK & CO.. VEST EMBALLERING ApS,"Ambolten 29, 6000 Kolding",Kolding,09.07.1982,3.0,Mikro,Anpartsselskab,71173216,200.0,1937000.0,DKK,2023.0,0,0,16,,0.0,0.0,0.0,0.0,0.0,0.0,0.0,1.0,0.0
Bf-shelterbyg ApS,"Brogårdvej 8, 7330 Brande",Ikast-Brande,17.09.2020,3.0,Mikro,Anpartsselskab,41682884,45.0,1210000.0,DKK,2024.0,0,0,16,,0.0,1.0,0.0,0.0,0.0,0.0,0.0,0.0,0.0
Alba Snedkeri og Tegnestue Aps,"Ved Slusen 34, 2300 København S",København,15.12.2022,7.0,Mikro,Anpartsselskab,43710265,50.0,2368000.0,DKK,2023.0,0,0,16,,0.0,1.0,0.0,0.0,0.0,0.0,0.0,0.0,0.0
RAMMEFABRIKKEN L. HANSEN'S EFTF. ApS.,"Gammel Kongevej 39, 1610 København V",København,03.09.1985,4.0,Mikro,Anpartsselskab,79014419,125.0,1443000.0,DKK,2024.0,0,0,16,,0.0,1.0,0.0,0.0,0.0,0.0,0.0,0.0,0.0
VTI Machines ApS,"Nr Bjertvej 24, 7830 Vinderup",Holstebro,17.01.2020,Ikke oplyst,Ikke oplyst,Anpartsselskab,41086122,40.0,0.0,DKK,2024.0,0,0,16,,0.0,0.0,0.0,0.0,0.0,0.0,0.0,0.0,1.0
inshopdk ApS,"Juliesmindevej 8, 4180 Sorø",Sorø,10.12.2020,4.0,Mikro,Anpartsselskab,41930535,100.0,1145000.0,DKK,2024.0,0,0,16,,0.0,0.0,1.0,0.0,0.0,0.0,0.0,0.0,0.0
AP ENERGI A/S,"Storstrømsvej 63, 4840 Nørre Alslev",Guldborgsund,09.10.2008,3.0,Mikro,Aktieselskab,30531191,500.0,368000.0,DKK,2023.0,0,0,16,,0.0,0.0,0.0,0.0,0.0,0.0,1.0,0.0,0.0
A/S ØSTBIRK BYGNINGSINDUSTRI,"Ryvej 21, 8752 Østbirk",Horsens,30.10.1950,514.0,Stor,Aktieselskab,45557219,10.1,311595000.0,DKK,2023.0,1,1,16,,0.0,0.0,0.0,1.0,0.0,0.0,0.0,0.0,0.0
Vestergaard Bioenergi 2 ApS,"Voldbjergvej 2, 8240 Risskov",Århus,27.02.2018,Ikke oplyst,Ikke oplyst,Anpartsselskab,39369796,50.0,-1698000.0,DKK,2023.0,0,0,16,,0.0,0.0,1.0,0.0,0.0,0.0,0.0,0.0,0.0
IKAST DESIGN DOORS A/S,"Nedre Hestlundvej 1 B, 7430 Ikast",Ikast-Brande,21.02.2008,10.0,Lille,Aktieselskab,31272254,501.0,4973000.0,DKK,2024.0,0,0,16,,0.0,0.0,0.0,1.0,0.0,0.0,0.0,0.0,0.0
J-B BYG ApS,"Vrejlevvej 49, 9760 Vrå",Hjørring,29.08.2011,1.0,Mikro,Anpartsselskab,33876416,80.0,114000.0,DKK,2023.0,0,0,16,,0.0,0.0,1.0,0.0,0.0,0.0,0.0,0.0,0.0
Con-Redo ApS,"Hovvejen 3, 7323 Give",Vejle,23.04.2019,Ikke oplyst,Ikke oplyst,Anpartsselskab,40470352,40.0,-16000.0,DKK,2023.0,0,0,16,,0.0,1.0,0.0,0.0,0.0,0.0,0.0,0.0,0.0
CETONIA A/S,"Hedemølle Industrivej 1, 8850 Bjerringbro",Viborg,26.04.2005,56.0,Mellemstor,Aktieselskab,28693079,1.3,9183000.0,DKK,2024.0,0,0,16,,0.0,0.0,0.0,1.0,0.0,0.0,0.0,0.0,0.0
C. KRAG ApS,"Åløkkevej 9, 5560 Aarup",Assens,20.12.1974,1.0,Mikro,Anpartsselskab,50781615,200.0,773000.0,DKK,2024.0,0,0,16,,0.0,0.0,1.0,0.0,0.0,0.0,0.0,0.0,0.0
North Trade House A/S,"Over Silstrupvej 2, 6933 Kibæk",Herning,01.05.1989,4.0,Mikro,Aktieselskab,13137390,500.0,2855000.0,DKK,2024.0,0,0,16,,0.0,0.0,0.0,0.0,1.0,0.0,0.0,0.0,0.0
Fårbæk Biomasse ApS,"Karupvej 30, 7470 Karup J",Viborg,23.09.2022,Ikke oplyst,Ikke oplyst,Anpartsselskab,43543377,40.0,-6000.0,DKK,2023.0,0,0,16,1.0,0.0,0.0,0.0,0.0,0.0,0.0,0.0,0.0,0.0
Replant Art ApS,"Langelinie Allé 17, 2100 København Ø",København,03.05.2021,Ikke oplyst,Ikke oplyst,Anpartsselskab,42356751,40.0,295000.0,DKK,2023.0,0,0,16,,0.0,0.0,0.0,0.0,1.0,0.0,0.0,0.0,0.0
Dansk Træelement A/S,"Ole Rømers Vej 29, 6760 Ribe",Esbjerg,02.06.2023,10.0,Lille,Aktieselskab,44104377,400.0,-5000.0,DKK,2023.0,0,0,16,,0.0,1.0,0.0,0.0,0.0,0.0,0.0,0.0,0.0
J P H TRAPPER A/S,"Foldingbrovej 47, 6650 Brørup",Vejen,30.06.1978,9.0,Mikro,Aktieselskab,87612619,600.0,3787000.0,DKK,2024.0,0,0,16,,0.0,1.0,0.0,0.0,0.0,0.0,0.0,0.0,0.0
NORLUND A/S,"Conradsminde 23, 9610 Nørager",Rebild,03.05.2000,43.0,Lille,Aktieselskab,25357752,2.1,21349000.0,DKK,2024.0,1,0,16,,1.0,0.0,0.0,0.0,0.0,0.0,0.0,0.0,0.0
JARNES A/S,"Håndværkervej 34, 9320 Hjallerup",Brønderslev-Dronninglund,15.11.1974,21.0,Lille,Aktieselskab,50737616,500.0,9270000.0,DKK,2023.0,0,0,16,,0.0,0.0,1.0,0.0,0.0,0.0,0.0,0.0,0.0
KasseFabrikanten ApS,"Klokkestøbervej 10 C, 8800 Viborg",Viborg,12.05.2021,5.0,Mikro,Anpartsselskab,42381527,40.0,368000.0,DKK,2023.0,0,0,16,,0.0,0.0,0.0,0.0,0.0,0.0,0.0,1.0,0.0
Frameless Wood ApS,"Jernbanegade 8 2, 6000 Kolding",Kolding,16.07.2020,Ikke oplyst,Ikke oplyst,Anpartsselskab,41525207,40.0,20000.0,DKK,2023.0,0,0,16,,0.0,0.0,1.0,0.0,0.0,0.0,0.0,0.0,0.0
PRE-TRÆ. HOLSTEBRO A/S,"Nybo Høje 10-14, 7500 Holstebro",Holstebro,20.11.1985,29.0,Lille,Aktieselskab,10049377,1.0,8092000.0,DKK,2024.0,0,0,16,,0.0,1.0,0.0,0.0,0.0,0.0,0.0,0.0,0.0
Roust Element A/S,"Tinggårdsvej 8, 6818 Årre",Varde,24.09.2013,156.0,Mellemstor,Aktieselskab,35480188,2.0,74133000.0,DKK,2023.0,0,0,16,,0.0,1.0,0.0,0.0,0.0,0.0,0.0,0.0,0.0
TINGSTED SAVVÆRK & EMBALLAGE ApS,"Segenvej 22, 3700 Rønne",Bornholm,22.11.2004,8.0,Mikro,Anpartsselskab,28279965,125.0,4078000.0,DKK,2024.0,0,0,16,,0.0,0.0,0.0,0.0,0.0,0.0,0.0,1.0,0.0
rêve vert ApS,"Rådhusvej 1, 2920 Charlottenlund",Gentofte,03.01.2023,Ikke oplyst,Ikke oplyst,Anpartsselskab,43756354,40.0,-151000.0,DKK,2023.0,0,0,16,,0.0,0.0,1.0,0.0,0.0,0.0,0.0,0.0,0.0
MM MØBLER ApS,"Dominovej 30 st 2, 7500 Holstebro",Holstebro,01.10.1986,3.0,Mikro,Anpartsselskab,10404746,145.0,1677000.0,DKK,2024.0,0,0,16,1.0,0.0,0.0,0.0,0.0,0.0,0.0,0.0,0.0,0.0
Them Savværk ApS,"Julsøvej 37 B, 8600 Silkeborg",Silkeborg,20.02.2022,Ikke oplyst,Ikke oplyst,Anpartsselskab,43069713,40.0,-154000.0,DKK,2023.0,0,0,16,,1.0,0.0,0.0,0.0,0.0,0.0,0.0,0.0,0.0
DAMGAARD TIMBER ApS,"Scheelsvej 5, 4733 Tappernøje",Næstved,28.09.2000,5.0,Mikro,Anpartsselskab,25644573,125.0,2285000.0,DKK,2023.0,0,0,16,,0.0,0.0,0.0,0.0,0.0,0.0,0.0,1.0,0.0
VITTRUP TRÆEMB. & TRANSPORT A/S,"Strandparken 2, 9640 Farsø",Vesthimmerland,29.03.2010,2.0,Mikro,Aktieselskab,32300898,500.0,676000.0,DKK,2023.0,0,0,16,,0.0,0.0,0.0,0.0,0.0,0.0,0.0,1.0,0.0
MARTINS TØMRERFORRETNING ApS,"Åvej 1, 8240 Risskov",Århus,25.03.2011,1.0,Mikro,Anpartsselskab,33582277,83.0,514000.0,DKK,2024.0,0,0,16,,0.0,1.0,0.0,0.0,0.0,0.0,0.0,0.0,0.0
WoodByLaa ApS,"Gyldenrisdalen 2, 8930 Randers NØ",Randers,04.02.2019,2.0,Mikro,Anpartsselskab,40228799,50.0,422000.0,DKK,2023.0,0,0,16,,0.0,0.0,0.0,0.0,0.0,0.0,1.0,0.0,0.0
WOODWELL ApS,"Industriskellet 2, 8700 Horsens",Horsens,15.05.1984,2.0,Mikro,Anpartsselskab,76062110,200.0,702000.0,DKK,2024.0,0,0,16,,1.0,0.0,0.0,0.0,0.0,0.0,0.0,0.0,0.0
Bjerring Hede Invest ApS,"Voldbjergvej 2 st, 8240 Risskov",Århus,06.04.2018,Ikke oplyst,Ikke oplyst,Anpartsselskab,39497670,50.0,1682000.0,DKK,2023.0,0,0,16,,1.0,0.0,0.0,0.0,0.0,0.0,0.0,0.0,0.0
Oksbøl Savværk 2020 ApS,"Borrevej 31, 6840 Oksbøl",Varde,15.06.2020,12.0,Lille,Anpartsselskab,41436123,2.2,4307000.0,DKK,2023.0,0,0,16,,1.0,0.0,0.0,0.0,0.0,0.0,0.0,0.0,0.0
Vildbjerg Træ og Design ApS,"Smækbjergvej 10, 7480 Vildbjerg",Herning,08.02.2021,4.0,Mikro,Anpartsselskab,42105546,40.0,126000.0,DKK,2023.0,0,0,16,,0.0,0.0,1.0,0.0,0.0,0.0,0.0,0.0,0.0
PEDER ØSTERGAARD & SØN TRANSPORT A/S,"Kjeldsigvej 2, 7430 Ikast",Ikast-Brande,26.08.1996,16.0,Lille,Aktieselskab,19458539,500.0,18698000.0,DKK,2024.0,0,0,16,,1.0,0.0,0.0,0.0,0.0,0.0,0.0,0.0,0.0
TØMRER- & SNEDKERFIRMA ARNE DANIELSEN A/S,"Borupvej 1, 7330 Brande",Ikast-Brande,03.01.2002,51.0,Mellemstor,Aktieselskab,26398762,500.0,15325000.0,DKK,2023.0,0,0,16,,0.0,0.0,0.0,1.0,0.0,0.0,0.0,0.0,0.0
Træmore ApS,"Koholtvej 49, 4941 Bandholm",Lolland,24.08.2023,2.0,Mikro,Anpartsselskab,44269376,40.0,313000.0,DKK,2024.0,0,0,16,,0.0,0.0,1.0,0.0,0.0,0.0,0.0,0.0,0.0
Havnens hænder ApS,"Refshalevej 165 C, 1432 København K",København,02.05.2019,3.0,Mikro,Anpartsselskab,40489312,67.0,1047000.0,DKK,2024.0,0,0,16,,0.0,1.0,0.0,0.0,0.0,0.0,0.0,0.0,0.0
BØLLEMOSEN DØRE & VINDUER A/S,"Nyborgvej 33, 5772 Kværndrup",Faaborg-Midtfyn,28.04.2006,9.0,Mikro,Aktieselskab,29521948,500.0,3692000.0,DKK,2024.0,0,0,16,,0.0,0.0,0.0,1.0,0.0,0.0,0.0,0.0,0.0
CNC-Works ApS,"Tinghøjvej 6, 3650 Ølstykke",Egedal,25.11.2020,Ikke oplyst,Ikke oplyst,Anpartsselskab,41885238,40.0,-24000.0,DKK,2023.0,0,0,16,,1.0,0.0,0.0,0.0,0.0,0.0,0.0,0.0,0.0
FLEX-LINE DK ApS,"Drammelstrupvej 2, 8961 Allingåbro",Norddjurs,25.06.2001,3.0,Mikro,Anpartsselskab,26098386,125.0,1515000.0,DKK,2023.0,0,0,16,,0.0,0.0,0.0,1.0,0.0,0.0,0.0,0.0,0.0
K W CASES A/S,"Navergangen 12, 2690 Karlslunde",Greve,01.05.1987,5.0,Mikro,Aktieselskab,10806577,500.0,3149000.0,DKK,2024.0,0,0,16,,0.0,0.0,0.0,0.0,0.0,0.0,0.0,1.0,0.0
Massive Douglas Denmark/ReBlock ApS,"Østerløkke 1 A, 6091 Bjert",Kolding,01.03.2019,Ikke oplyst,Ikke oplyst,Anpartsselskab,40307923,40.0,133000.0,DKK,2023.0,0,0,16,,0.0,0.0,1.0,0.0,0.0,0.0,0.0,0.0,0.0
HORNBAEK A/S,"Bogensevej 7, 8940 Randers SV",Randers,25.03.1982,48.0,Lille,Aktieselskab,31416213,14.0,36765000.0,DKK,2024.0,0,0,16,1.0,0.0,0.0,0.0,0.0,0.0,0.0,0.0,0.0,0.0
CASE-IT ApS,"Grenåvej 26, 8960 Randers SØ",Randers,10.01.2006,5.0,Mikro,Anpartsselskab,29244235,125.0,3932000.0,DKK,2023.0,0,0,16,,0.0,0.0,0.0,0.0,0.0,0.0,0.0,1.0,0.0
Ramme Træpiller ApS,"Krogsgårdvej 2, 6990 Ulfborg",Holstebro,15.06.2015,Ikke oplyst,Ikke oplyst,Anpartsselskab,36923520,50.0,275000.0,DKK,2024.0,0,0,16,,0.0,0.0,0.0,0.0,0.0,0.0,1.0,0.0,0.0
N.K. Skovservice ApS,"Gedhusvej 4, 7451 Sunds",Herning,30.06.2017,2.0,Mikro,Anpartsselskab,38767747,50.0,391000.0,DKK,2023.0,0,0,16,,1.0,0.0,0.0,0.0,0.0,0.0,0.0,0.0,0.0
Obbekjær Vinduer A/S,"Gl Landevej 14, 6760 Ribe",Esbjerg,01.04.1987,35.0,Lille,Aktieselskab,10627206,500.0,21059000.0,DKK,2024.0,0,0,16,,0.0,0.0,0.0,1.0,0.0,0.0,0.0,0.0,0.0
Snedkermester Gunner Gjermandsen ApS,"Hovdiget 16, 8722 Hedensted",Hedensted,20.11.2022,Ikke oplyst,Ikke oplyst,Anpartsselskab,43656333,40.0,496000.0,DKK,2023.0,0,0,16,,0.0,0.0,1.0,0.0,0.0,0.0,0.0,0.0,0.0
Holbæk Elementfabrik ApS,"Roholmsvej 8, 2620 Albertslund",Albertslund,14.12.2018,1.0,Mikro,Anpartsselskab,40127313,50.0,-363000.0,DKK,2023.0,0,0,16,,0.0,1.0,0.0,0.0,0.0,0.0,0.0,0.0,0.0
SK LAGER ApS,"Kokmose 2, 6000 Kolding",Kolding,01.06.2011,8.0,Mikro,Anpartsselskab,33752377,80.0,1910000.0,DKK,2023.0,0,0,16,,0.0,0.0,0.0,0.0,0.0,0.0,0.0,1.0,0.0
JYSK TAVLEMONTAGE ApS,"Vestergade 38, 8990 Fårup",Randers,20.04.2001,2.0,Mikro,Anpartsselskab,26004691,200.0,383000.0,DKK,2023.0,0,0,16,,0.0,0.0,1.0,0.0,0.0,0.0,0.0,0.0,0.0
U.D. VINDUER A/S,"Vestergade 22, 8860 Ulstrup",Favrskov,01.07.1982,40.0,Lille,Aktieselskab,70696916,500.0,15649000.0,DKK,2023.0,0,0,16,,0.0,0.0,0.0,1.0,0.0,0.0,0.0,0.0,0.0
Esben Duedahl Ejendomme ApS,"Jørgasvej 9, 7120 Vejle Øst",Vejle,01.07.2018,Ikke oplyst,Ikke oplyst,Anpartsselskab,39703742,50.0,51000.0,DKK,2023.0,0,0,16,,1.0,0.0,0.0,0.0,0.0,0.0,0.0,0.0,0.0
HJALLERUP TRÆ OG SPÆRFABRIK A/S,"Håndværkervej 36, 9320 Hjallerup",Brønderslev-Dronninglund,29.09.1997,9.0,Mikro,Aktieselskab,20419245,2.31,3735000.0,DKK,2023.0,0,0,16,,0.0,1.0,0.0,0.0,0.0,0.0,0.0,0.0,0.0
HANS LARSENS SAVVÆRK & TRÆLAST A/S,"Lillevang 3, 3650 Ølstykke",Egedal,10.03.2000,5.0,Mikro,Aktieselskab,25261771,500.0,1698000.0,DKK,2023.0,0,0,16,,1.0,0.0,0.0,0.0,0.0,0.0,0.0,0.0,0.0
LUNDUM SAVVÆRK ApS,"Torpvej 59, 8700 Horsens",Horsens,25.06.1997,Ikke oplyst,Ikke oplyst,Anpartsselskab,20119888,200.0,4000.0,DKK,2024.0,0,0,16,,1.0,0.0,0.0,0.0,0.0,0.0,0.0,0.0,0.0
A/S OTTO B. CHRISTENSEN. ØRSØ,"Dorfvej 4, 9330 Dronninglund",Brønderslev-Dronninglund,12.02.1973,4.0,Mikro,Aktieselskab,40684611,600.0,1274000.0,DKK,2024.0,0,0,16,,0.0,0.0,0.0,1.0,0.0,0.0,0.0,0.0,0.0
Hyphen-- ApS,"Farvervej 40, 7490 Aulum",Herning,30.06.2022,4.0,Mikro,Anpartsselskab,43363662,53.0,169000.0,DKK,2024.0,0,0,16,,0.0,0.0,0.0,0.0,1.0,0.0,0.0,0.0,0.0
HJALLERUP TRÆINDUSTRI ApS,"Toppen 4, 7950 Erslev",Morsø,11.10.1996,3.0,Mikro,Anpartsselskab,19632644,125.0,2566000.0,DKK,2024.0,0,0,16,,0.0,1.0,0.0,0.0,0.0,0.0,0.0,0.0,0.0
Luxvinduer ApS,"Jernbanegade 4 1, 5000 Odense C",Odense,15.09.2017,Ikke oplyst,Ikke oplyst,Anpartsselskab,38944924,50.0,-113000.0,DKK,2023.0,0,0,16,,0.0,0.0,0.0,1.0,0.0,0.0,0.0,0.0,0.0
VJTE ApS,"Drejervej 11, 7490 Aulum",Herning,27.05.2019,Ikke oplyst,Ikke oplyst,Anpartsselskab,40547371,50.0,648000.0,DKK,2023.0,0,0,16,,0.0,0.0,0.0,0.0,0.0,0.0,0.0,1.0,0.0
Vestkvisten ApS,"Toldhusvej 12, 6900 Skjern",Ringkøbing-Skjern,29.11.2021,2.0,Mikro,Anpartsselskab,42887447,50.0,1308000.0,DKK,2024.0,0,0,16,,0.0,1.0,0.0,0.0,0.0,0.0,0.0,0.0,0.0
CELA ApS,"Foldingbrovej 1 A, 6670 Holsted",Vejen,13.11.2001,1.0,Mikro,Anpartsselskab,26335396,80.0,1053000.0,DKK,2023.0,0,0,16,,1.0,0.0,0.0,0.0,0.0,0.0,0.0,0.0,0.0
BV-Trappen A/S,"Følhøjvej 3, 7752 Snedsted",Thisted,07.01.2016,34.0,Lille,Aktieselskab,37349127,500.0,20412000.0,DKK,2023.0,0,0,16,,0.0,0.0,0.0,0.0,1.0,0.0,0.0,0.0,0.0
HANS HENNING NIELSEN A/S,"Gammelgårdsvej 75, 3520 Farum",Furesø,01.04.1984,55.0,Mellemstor,Aktieselskab,73640210,500.0,27834000.0,DKK,2023.0,0,0,16,,0.0,0.0,1.0,0.0,0.0,0.0,0.0,0.0,0.0
G & C INTERIORS A/S,"Ellekær 2-4, 2730 Herlev",Herlev,15.10.1976,11.0,Lille,Aktieselskab,59452819,6.0,3558000.0,DKK,2024.0,0,0,16,,0.0,0.0,0.0,0.0,1.0,0.0,0.0,0.0,0.0
VAHLE A/S,"Fabriksvej 5, 8544 Mørke",Syddjurs,04.06.2012,42.0,Lille,Aktieselskab,34587051,1.0,19141000.0,DKK,2024.0,0,0,16,,0.0,0.0,0.0,1.0,0.0,0.0,0.0,0.0,0.0
LAPITO ApS,"Kappelev Alle 2, 2670 Greve",Greve,18.11.2013,Ikke oplyst,Ikke oplyst,Anpartsselskab,25132831,80.0,-215000.0,DKK,2023.0,1,0,16,,0.0,0.0,1.0,0.0,0.0,0.0,0.0,0.0,0.0
JYDSK RAMME- OG LISTEFABRIK ApS,"Absalonsgade 31 B st, 8000 Aarhus C",Århus,29.12.1978,4.0,Mikro,Anpartsselskab,85206818,200.0,2061000.0,DKK,2024.0,0,0,16,,0.0,1.0,0.0,0.0,0.0,0.0,0.0,0.0,0.0
FREJLEV SNEDKERVÆRKSTED ApS,"Nørrevej 37, 4892 Kettinge",Guldborgsund,02.08.2010,1.0,Mikro,Anpartsselskab,33072287,80.0,143000.0,DKK,2023.0,0,0,16,,0.0,0.0,0.0,1.0,0.0,0.0,0.0,0.0,0.0
HELIMESH A/S,"Bavne Alle 2 E, 8370 Hadsten",Favrskov,10.08.2009,1.0,Mikro,Aktieselskab,32361749,500.0,583000.0,DKK,2024.0,0,0,16,,0.0,0.0,0.0,1.0,0.0,0.0,0.0,0.0,0.0
Alushop ApS,"Hvedemarken 2, 3650 Ølstykke",Egedal,17.12.2021,Ikke oplyst,Ikke oplyst,Anpartsselskab,42925047,40.0,0.0,DKK,2023.0,0,0,16,,0.0,1.0,0.0,0.0,0.0,0.0,0.0,0.0,0.0
Rigvi ApS,"Vilstrup Næsvej 71, 6100 Haderslev",Haderslev,28.02.2019,Ikke oplyst,Ikke oplyst,Anpartsselskab,40297731,50.0,181000.0,DKK,2024.0,0,0,16,,1.0,0.0,0.0,0.0,0.0,0.0,0.0,0.0,0.0
Skive Savværk ApS,"Herningvej 34, 7800 Skive",Skive,10.03.2021,Ikke oplyst,Ikke oplyst,Anpartsselskab,42217255,40.0,50000.0,DKK,2023.0,0,0,16,,1.0,0.0,0.0,0.0,0.0,0.0,0.0,0.0,0.0
P. A. SAVVÆRK. KORINTH A/S,"Kaj Lykkesvej 13, 5600 Faaborg",Faaborg-Midtfyn,28.11.1979,31.0,Lille,Aktieselskab,87124118,500.0,18392000.0,DKK,2024.0,0,0,16,,1.0,0.0,0.0,0.0,0.0,0.0,0.0,0.0,0.0
KAGERUP SAVVÆRK A/S,"Kagerup Stationsvej 59, 3200 Helsinge",Gribskov,04.11.1908,2.0,Mikro,Aktieselskab,43967711,500.0,-8000.0,DKK,2023.0,0,0,16,,1.0,0.0,0.0,0.0,0.0,0.0,0.0,0.0,0.0
WoodsUp ApS,"Vibevej 20, 4040 Jyllinge",Roskilde,11.07.2016,Ikke oplyst,Ikke oplyst,Anpartsselskab,37869376,50.0,201000.0,DKK,2024.0,0,0,16,,0.0,0.0,0.0,0.0,1.0,0.0,0.0,0.0,0.0
TOP-WOOD INDUSTRI ApS,"Fabriksvej 20, 9550 Mariager",Mariagerfjord,15.06.1987,Ikke oplyst,Ikke oplyst,Anpartsselskab,11125247,299.0,231000.0,DKK,2023.0,0,0,16,,0.0,1.0,0.0,0.0,0.0,0.0,0.0,0.0,0.0
KÅG ApS,"Voldbjergvej 16 2 th, 8240 Risskov",Århus,26.06.2007,Ikke oplyst,Ikke oplyst,Anpartsselskab,30896580,1.645,1256000.0,DKK,2023.0,0,0,16,,1.0,0.0,0.0,0.0,0.0,0.0,1.0,0.0,0.0
PL OVERFLADEBEHANDLING ApS,"Nedre Vej 104, 8930 Randers NØ",Randers,13.10.2004,1.0,Mikro,Anpartsselskab,28148240,125.0,505000.0,DKK,2024.0,0,0,16,1.0,0.0,0.0,0.0,0.0,0.0,0.0,0.0,0.0,0.0
FRESE & CO. ApS,"H.C. Ørsteds Vej 39 A, 1879 Frederiksberg C",Frederiksberg,30.06.2016,2.0,Mikro,Anpartsselskab,37874175,50.0,1462000.0,DKK,2024.0,0,0,16,,0.0,1.0,0.0,0.0,0.0,0.0,0.0,0.0,0.0
Rancase ApS,"Pramvej 5 C, 8940 Randers SV",Randers,23.12.2021,Ikke oplyst,Ikke oplyst,Anpartsselskab,42929174,40.0,284000.0,DKK,2024.0,0,0,16,,0.0,0.0,0.0,0.0,0.0,0.0,0.0,1.0,0.0
TAGE LAURSEN ApS,"Fyrrely 17, 7451 Sunds",Herning,28.06.2001,16.0,Lille,Anpartsselskab,26107105,50.0,7049000.0,DKK,2023.0,0,0,16,,0.0,0.0,0.0,1.0,0.0,0.0,0.0,0.0,0.0
CAPELLA LOUNGE APS,"Vilhelmsro 305, 3480 Fredensborg",Fredensborg,22.12.2006,7.0,Mikro,Anpartsselskab,30176693,125.0,1635000.0,DKK,2024.0,0,0,16,,0.0,1.0,0.0,0.0,0.0,0.0,0.0,0.0,0.0
Larrys ApS,"Hillerødgade 158, 2400 København NV",København,24.06.2016,1.0,Mikro,Anpartsselskab,37834807,50.0,310000.0,DKK,2023.0,0,0,16,,0.0,0.0,1.0,0.0,0.0,0.0,0.0,0.0,0.0
Jørgensen & Jørgensen ApS,"Ravnsbjergvej 42, 4560 Vig",Odsherred,14.06.2017,1.0,Mikro,Anpartsselskab,38713671,50.0,914000.0,DKK,2024.0,0,0,16,,0.0,1.0,0.0,0.0,0.0,0.0,0.0,0.0,0.0
ST. HJØLLUND SAVVÆRK ApS,"Lykkegårdsvej 299, 8472 Sporup",Favrskov,29.08.2005,Ikke oplyst,Ikke oplyst,Anpartsselskab,28979266,125.0,1593000.0,DKK,2023.0,0,0,16,,1.0,0.0,0.0,0.0,0.0,0.0,0.0,0.0,0.0
VRØGUM-SVARRE A/S,"Industrivej 1, 6840 Oksbøl",Varde,17.02.2011,42.0,Lille,Aktieselskab,33500238,500.0,21214000.0,DKK,2023.0,0,0,16,,0.0,0.0,0.0,1.0,0.0,0.0,0.0,0.0,0.0
I-Wood Denmark ApS,"Fabriksvej 4, 6973 Ørnhøj",Herning,01.11.2016,14.0,Lille,Anpartsselskab,38152416,90.0,8581000.0,DKK,2023.0,0,0,16,,0.0,0.0,0.0,0.0,0.0,0.0,0.0,0.0,1.0
VINDELEV BLINDRAMMEFABRIK ApS,"Banevej 6, 7160 Tørring",Hedensted,11.06.1992,10.0,Lille,Anpartsselskab,16157775,210.0,1855000.0,DKK,2023.0,0,0,16,,0.0,0.0,1.0,0.0,0.0,0.0,0.0,0.0,0.0
Hammer og Høvl ApS,"Humlebækvej 31, 3480 Fredensborg",Fredensborg,14.02.2018,1.0,Mikro,Anpartsselskab,39336065,50.0,127000.0,DKK,2023.0,0,0,16,,1.0,0.0,0.0,0.0,0.0,0.0,0.0,0.0,0.0
BYGGEFIRMAET OVE JENSEN A/S,"Rørhaven 3, 7100 Vejle",Vejle,01.07.2004,22.0,Lille,Aktieselskab,27927327,500.0,13040000.0,DKK,2023.0,0,0,16,,0.0,1.0,0.0,0.0,0.0,0.0,0.0,0.0,0.0
Fog & Venø A/S,"Buntmagervej 5, 7490 Aulum",Herning,01.09.2011,76.0,Mellemstor,Aktieselskab,33880464,5.0,56586000.0,DKK,2024.0,0,0,16,,0.0,0.0,1.0,0.0,0.0,0.0,0.0,0.0,0.0
DENFI SPORT ApS,"Lillevangsvej 6, 3700 Rønne",Bornholm,01.10.2007,4.0,Mikro,Anpartsselskab,30904559,125.0,4406000.0,DKK,2024.0,0,0,16,,0.0,0.0,0.0,0.0,0.0,0.0,0.0,1.0,0.0
Jensens Brændefirma ApS,"Ahornvej 20, 6800 Varde",Varde,02.01.2019,14.0,Lille,Anpartsselskab,40139176,67.0,1594000.0,DKK,2024.0,0,0,16,,0.0,0.0,1.0,0.0,0.0,0.0,0.0,0.0,0.0
TØMRERMESTER IVAN ØSTERGAARD JENSEN A/S,"Urbakkevej 12 A, 8450 Hammel",Favrskov,16.12.1991,8.0,Mikro,Aktieselskab,15853387,500.0,3820000.0,DKK,2024.0,0,0,16,,0.0,0.0,0.0,0.0,0.0,0.0,0.0,1.0,0.0
FYNS PRODUKTION ApS,"Gl. Byvej 46, 5792 Årslev",Faaborg-Midtfyn,01.06.1985,Ikke oplyst,Ikke oplyst,Anpartsselskab,10053838,200.0,121000.0,DKK,2024.0,0,0,16,,0.0,0.0,0.0,0.0,1.0,0.0,0.0,0.0,0.0
VM FLAG & STÆNGER A/S,"Stenbro Allè 5, 6650 Brørup",Vejen,15.04.1984,7.0,Mikro,Aktieselskab,73707218,500.0,3083000.0,DKK,2023.0,0,0,16,,0.0,0.0,1.0,0.0,0.0,0.0,0.0,0.0,0.0
SØNDERBY TRÆINDUSTRI ApS,"Gludvej 38, 7130 Juelsminde",Hedensted,06.02.1997,6.0,Mikro,Anpartsselskab,19887545,160.0,1126000.0,DKK,2023.0,0,0,16,,0.0,0.0,0.0,0.0,1.0,0.0,0.0,0.0,0.0
NIMA HALM ApS,"Bruuns Plantage Vej 1, 8970 Havndal",Randers,11.08.2008,Ikke oplyst,Ikke oplyst,Anpartsselskab,31624312,125.0,4438000.0,DKK,2024.0,0,0,16,,0.0,0.0,0.0,0.0,0.0,0.0,1.0,0.0,0.0
Planet Produktion A/S,"Ørstedsvej 55, 6760 Ribe",Esbjerg,03.12.2020,38.0,Lille,Aktieselskab,41917318,7.6,13954000.0,DKK,2023.0,0,0,16,,0.0,1.0,0.0,0.0,0.0,0.0,0.0,0.0,0.0
Hjemmelavede ApS,"Borupvej 35, 4140 Borup",Køge,03.09.2021,Ikke oplyst,Ikke oplyst,Anpartsselskab,42654043,40.0,-120000.0,DKK,2023.0,0,0,16,,0.0,1.0,0.0,0.0,0.0,0.0,0.0,0.0,0.0
Freseriet ApS,"Møngevej 39, 3210 Vejby",Gribskov,13.07.2016,2.0,Mikro,Anpartsselskab,37874353,50.0,518000.0,DKK,2024.0,0,0,16,,1.0,0.0,0.0,0.0,0.0,0.0,0.0,0.0,0.0
AL EMBALLAGE A/S,"Solvang 25, 3450 Allerød",Allerød,01.05.1988,Ikke oplyst,Ikke oplyst,Aktieselskab,12342640,500.0,-223000.0,DKK,2024.0,0,0,16,,0.0,0.0,0.0,0.0,0.0,0.0,0.0,1.0,0.0
INTERNATIONAL HOUSE OF DENMARK ApS,"Snerlevej 4, 4000 Roskilde",Roskilde,01.04.2000,5.0,Mikro,Anpartsselskab,25293517,125.0,8000.0,DKK,2023.0,0,0,16,,0.0,0.0,0.0,1.0,0.0,0.0,0.0,0.0,0.0
J K PAVILLONER ApS,"Nydamsvej 3, 6040 Egtved",Vejle,13.11.1995,18.0,Lille,Anpartsselskab,18912333,200.0,12853000.0,DKK,2024.0,0,0,16,,0.0,1.0,0.0,0.0,0.0,0.0,0.0,0.0,0.0
JYSK TRÆFLIS ApS,"Gammelbyvej 33, 7323 Give",Vejle,19.04.2007,7.0,Mikro,Anpartsselskab,30577221,125.0,12208000.0,DKK,2024.0,0,0,16,,1.0,0.0,0.0,0.0,0.0,0.0,0.0,0.0,0.0
LILLEBÆK & CO.. ØST. EMBALLERING ApS,"Havremarken 2, 3650 Ølstykke",Egedal,01.09.1977,7.0,Mikro,Anpartsselskab,82060812,200.0,4050000.0,DKK,2023.0,0,0,16,,0.0,0.0,0.0,0.0,0.0,0.0,0.0,1.0,0.0
SANDER BYGGE OG MONTAGE ApS,"Kærvej 4 F, 8700 Horsens",Horsens,11.03.2014,Ikke oplyst,Ikke oplyst,Anpartsselskab,35681299,50.0,305000.0,DKK,2023.0,0,0,16,,0.0,1.0,0.0,0.0,0.0,0.0,0.0,0.0,0.0
SpaceDome EU ApS,"Herningvej 68, 7540 Haderup",Herning,21.08.2020,Ikke oplyst,Ikke oplyst,Anpartsselskab,41610905,40.0,-22000.0,DKK,2023.0,0,0,16,,0.0,1.0,0.0,0.0,0.0,0.0,0.0,0.0,0.0
BambooX ApS,"Strandkvanen 10 F 1 6, 4600 Køge",Køge,19.09.2022,Ikke oplyst,Ikke oplyst,Anpartsselskab,43528823,40.0,27000.0,DKK,2024.0,0,0,16,,0.0,0.0,1.0,0.0,0.0,0.0,0.0,0.0,0.0
PA Kunst og Design ApS,"Højvang 16, 9530 Støvring",Rebild,30.09.2020,1.0,Mikro,Anpartsselskab,41741597,40.0,9000.0,DKK,2024.0,0,0,16,,0.0,0.0,1.0,0.0,0.0,0.0,0.0,0.0,0.0
WIKING GULVE A/S,"Hesthøjvej 16, 7870 Roslev",Skive,28.06.2012,24.0,Lille,Aktieselskab,32323995,500.0,12532000.0,DKK,2024.0,0,0,16,,0.0,0.0,0.0,0.0,0.0,1.0,0.0,0.0,0.0
KG List ApS,"Vejlsøvej 51, 8600 Silkeborg",Silkeborg,04.12.2019,1.0,Mikro,Anpartsselskab,40991670,40.0,1389000.0,DKK,2023.0,0,0,16,,1.0,0.0,0.0,0.0,0.0,0.0,0.0,0.0,0.0
SGS Media ApS,"Vægterparken 210, 2770 Kastrup",Tårnby,23.06.2017,1.0,Mikro,Anpartsselskab,38737708,50.0,207000.0,DKK,2024.0,0,0,16,,0.0,0.0,0.0,0.0,0.0,0.0,1.0,0.0,0.0
NYGAARD TRADING ApS,"Hejdesvej 3 D, 4100 Ringsted",Ringsted,30.06.1975,1.0,Mikro,Anpartsselskab,24245446,200.0,245000.0,DKK,2024.0,0,0,16,,0.0,1.0,0.0,0.0,0.0,0.0,0.0,0.0,0.0
Stråsø Savværk ApS,"Industriarealet 2, 6990 Ulfborg",Holstebro,20.07.2015,3.0,Mikro,Anpartsselskab,36968036,40.0,517000.0,DKK,2024.0,0,0,16,,1.0,0.0,0.0,0.0,0.0,0.0,0.0,0.0,0.0
LISTEFABRIKKEN I. C. A/S,"Industrivej 4, 9881 Bindslev",Hjørring,01.02.1989,9.0,Mikro,Aktieselskab,12829574,700.0,6996000.0,DKK,2023.0,0,0,16,,0.0,1.0,0.0,0.0,0.0,0.0,0.0,0.0,0.0
J.P.J. TRÆEMBALLAGE ApS,"Norgesvej 5, 9560 Hadsund",Mariagerfjord,22.05.1997,7.0,Mikro,Anpartsselskab,20046643,500.0,8676000.0,DKK,2023.0,0,0,16,,0.0,0.0,0.0,0.0,0.0,0.0,0.0,1.0,0.0
Kloster-Pillen ApS,"Klostergade 2, 7770 Vestervig",Thisted,26.06.2023,Ikke oplyst,Ikke oplyst,Anpartsselskab,44142708,40.0,643000.0,DKK,2024.0,0,0,16,,0.0,0.0,1.0,0.0,0.0,0.0,0.0,0.0,0.0
LOCA ApS,"Islandsgade 18, 4690 Haslev",Faxe,15.02.1987,7.0,Mikro,Anpartsselskab,10647533,500.0,3059000.0,DKK,2024.0,0,0,16,,0.0,0.0,1.0,0.0,0.0,0.0,0.0,0.0,0.0
VELUX A/S,"Ådalsvej 99, 2970 Hørsholm",Hørsholm,26.06.1970,1545.0,Stor,Aktieselskab,30003519,110.0,1328000000.0,DKK,2024.0,1,1,16,,0.0,0.0,0.0,1.0,0.0,0.0,0.0,0.0,0.0
DANSK TRÆEMBALLAGE A/S,"Banevej 3, 5600 Faaborg",Faaborg-Midtfyn,21.12.1987,428.0,Stor,Aktieselskab,11826687,20.0,176060000.0,DKK,2023.0,1,0,16,,1.0,0.0,0.0,0.0,0.0,0.0,1.0,1.0,0.0
Hornsyld Træbriketter ApS,"Industrivænget 11, 8783 Hornsyld",Hedensted,24.06.2019,1.0,Mikro,Anpartsselskab,40603131,300.0,-453000.0,DKK,2023.0,0,0,16,,0.0,0.0,0.0,0.0,0.0,0.0,1.0,0.0,0.0
Spa og Sauna ApS,"Hingebjergvej 11, 7500 Holstebro",Holstebro,18.02.2019,1.0,Mikro,Anpartsselskab,40269630,50.0,338000.0,DKK,2024.0,0,0,16,,0.0,1.0,0.0,0.0,0.0,0.0,0.0,0.0,0.0
NORDIC WOODFIBRE A/S,"Industrivej 16, 4652 Hårlev",Stevns,13.01.1988,11.0,Lille,Aktieselskab,11938132,2.95,11425000.0,DKK,2024.0,0,0,16,,0.0,0.0,0.0,0.0,0.0,0.0,0.0,0.0,1.0
Unwasted ApS,"Marienlystvej 53, 7800 Skive",Skive,03.11.2021,1.0,Mikro,Anpartsselskab,42806242,40.0,-138000.0,DKK,2024.0,0,0,16,,0.0,0.0,0.0,0.0,0.0,0.0,0.0,0.0,1.0
TOPPENBERG H.O.K. A/S,"Sundsholmen 9, 9400 Nørresundby",Aalborg,01.07.1986,62.0,Mellemstor,Aktieselskab,10323002,500.0,31514000.0,DKK,2024.0,0,0,16,,0.0,0.0,0.0,0.0,0.0,0.0,0.0,1.0,0.0
LACUNA A/S,"Industrivej 2, 5550 Langeskov",Kerteminde,08.06.2007,21.0,Lille,Aktieselskab,30545249,1.673,13647000.0,DKK,2023.0,0,0,16,,0.0,0.0,0.0,1.0,0.0,0.0,0.0,0.0,0.0
SHELTERBYG ApS,"Teglværksvej 3, 7540 Haderup",Herning,02.07.2008,4.0,Mikro,Anpartsselskab,31593425,125.0,3399000.0,DKK,2024.0,0,0,16,,0.0,1.0,0.0,0.0,0.0,0.0,0.0,0.0,0.0
HL 2025 ApS,"Nydamsvej 12 B, 8362 Hørning",Skanderborg,15.05.1975,3.0,Mikro,Anpartsselskab,53913415,200.0,924000.0,DKK,2023.0,0,0,16,,0.0,1.0,0.0,0.0,0.0,0.0,0.0,0.0,0.0
BrugStammen ApS,"Højvejen 36, 3120 Dronningmølle",Gribskov,20.09.2022,Ikke oplyst,Ikke oplyst,Anpartsselskab,43525298,40.0,12000.0,DKK,2023.0,0,0,16,,1.0,0.0,0.0,0.0,0.0,0.0,0.0,0.0,0.0
KD HARDWOOD ApS,"Selkærvej 24, 8585 Glesborg",Norddjurs,19.12.2006,1.0,Mikro,Anpartsselskab,29827303,125.0,20000.0,DKK,2024.0,0,0,16,,1.0,0.0,0.0,0.0,0.0,0.0,0.0,0.0,0.0
Nordiccraft ApS,"Farvervej 39, 8800 Viborg",Viborg,26.09.2022,Ikke oplyst,Ikke oplyst,Anpartsselskab,43561227,40.0,-160000.0,DKK,2023.0,0,0,16,,0.0,0.0,0.0,0.0,0.0,0.0,1.0,0.0,0.0
SYDFYNS TRÆLEGETØJ ApS,"Reventlowsgade 28 2 th, 1651 København V",København,08.06.2007,7.0,Mikro,Anpartsselskab,30606523,250.0,5034000.0,DKK,2023.0,0,0,16,,0.0,0.0,1.0,0.0,0.0,0.0,0.0,0.0,0.0
HANS HENRIK PHILIPP ApS,"Kogsvej 64, 6780 Skærbæk",Tønder,07.12.2012,6.0,Mikro,Anpartsselskab,34886105,100.0,3019000.0,DKK,2023.0,0,0,16,,0.0,0.0,0.0,0.0,0.0,0.0,1.0,0.0,0.0
Mavind ApS,"Långawten 16, 8643 Ans By",Silkeborg,05.03.1998,1.0,Mikro,Anpartsselskab,20714492,51.0,185000.0,DKK,2023.0,0,0,16,,0.0,0.0,0.0,1.0,0.0,0.0,0.0,0.0,0.0
REXCON system ApS,"Lundagervej 25 F, 8722 Hedensted",Hedensted,22.09.2016,1.0,Mikro,Anpartsselskab,38039040,92.0,-277000.0,DKK,2023.0,0,0,16,,0.0,1.0,0.0,0.0,0.0,0.0,0.0,0.0,0.0
Damgaards Tømrer & Snedker ApS,"Lundagervej 20, 6830 Nørre Nebel",Varde,12.02.2014,Ikke oplyst,Ikke oplyst,Anpartsselskab,35661735,50.0,-41000.0,DKK,2024.0,0,0,16,,0.0,1.0,0.0,0.0,0.0,0.0,0.0,0.0,0.0
FTM INC. ApS,"Holtevej 7, 4880 Nysted",Guldborgsund,24.03.1976,1.0,Mikro,Anpartsselskab,23134012,150.0,177000.0,DKK,2023.0,0,0,16,,0.0,0.0,1.0,0.0,0.0,0.0,0.0,0.0,0.0
TØMRER- OG SNEDKERVÆRKSTEDET. LØSNING A/S,"Odinsvej 19, 8722 Hedensted",Hedensted,01.11.1987,20.0,Lille,Aktieselskab,11561942,500.0,12123000.0,DKK,2024.0,0,0,16,,0.0,0.0,0.0,1.0,0.0,0.0,0.0,0.0,0.0
HERSKIND SAVVÆRK ApS,"Lyngballevej 15, 8464 Galten",Skanderborg,03.04.1992,33.0,Lille,Anpartsselskab,16012572,297.0,14347000.0,DKK,2024.0,1,0,16,,1.0,0.0,0.0,0.0,0.0,0.0,0.0,0.0,0.0
Thy Træelement ApS,"Fabriksvej 2, 7760 Hurup Thy",Thisted,12.12.2017,4.0,Mikro,Anpartsselskab,39174464,50.0,126000.0,DKK,2024.0,0,0,16,,0.0,0.0,0.0,1.0,0.0,0.0,0.0,0.0,0.0
Gudenå Savværk ApS,"Volshøjvej 25, 8850 Bjerringbro",Viborg,20.12.2021,Ikke oplyst,Ikke oplyst,Anpartsselskab,42922056,40.0,-102000.0,DKK,2023.0,0,0,16,1.0,0.0,0.0,0.0,0.0,0.0,0.0,0.0,0.0,0.0
Vipo Vinduer A/S,"Haandværkervej 3, 7770 Vestervig",Thisted,29.03.1977,11.0,Lille,Aktieselskab,80529228,500.0,7205000.0,DKK,2024.0,0,0,16,,0.0,0.0,0.0,1.0,0.0,0.0,0.0,0.0,0.0
SNEDKERIET STAGETORN ApS,"Vinkelvej 16, 3600 Frederikssund",Frederikssund,13.01.2015,8.0,Mikro,Anpartsselskab,36487720,50.0,2955000.0,DKK,2023.0,0,0,16,,0.0,1.0,0.0,0.0,0.0,0.0,0.0,0.0,0.0
Mink & Fausing ApS,"Lundevej 17, 5882 Vejstrup",Svendborg,23.07.2020,Ikke oplyst,Ikke oplyst,Anpartsselskab,41553189,50.0,12000.0,DKK,2023.0,0,0,16,,0.0,0.0,0.0,0.0,1.0,0.0,0.0,0.0,0.0
ROYAL WOOD ApS,"Skånevej 16, 9670 Løgstør",Vesthimmerland,07.08.2006,1.0,Mikro,Anpartsselskab,29770670,125.0,2842000.0,DKK,2023.0,0,0,16,1.0,0.0,0.0,0.0,0.0,0.0,0.0,0.0,0.0,0.0
Mas-Multiservice ApS,"Tårnbyhøj Alle 16, 2770 Kastrup",Tårnby,17.04.2018,1.0,Mikro,Anpartsselskab,39503581,50.0,286000.0,DKK,2023.0,0,0,16,,0.0,1.0,0.0,0.0,0.0,0.0,0.0,0.0,0.0
Svanekister ApS,"Togårdsvej 20, 4750 Lundby",Vordingborg,14.11.2023,14.0,Lille,Anpartsselskab,44439123,40.0,2137000.0,DKK,2024.0,0,0,16,,0.0,0.0,1.0,0.0,0.0,0.0,0.0,0.0,0.0
JP RAMMER ApS,"Håndværkervej 8, 8643 Ans By",Silkeborg,21.10.2014,17.0,Lille,Anpartsselskab,36416106,50.0,2503000.0,DKK,2023.0,0,0,16,,0.0,0.0,1.0,0.0,0.0,0.0,0.0,0.0,0.0
MALERFIRMA PER ISHØJ A/S,"Nøddevang 8, 3550 Slangerup",Frederikssund,30.09.1977,1.0,Mikro,Aktieselskab,83497610,500.0,227000.0,DKK,2023.0,0,0,16,1.0,0.0,0.0,0.0,0.0,0.0,0.0,0.0,0.0,0.0
BRDR. KRüGER TRÆDREJERI A/S,"Walgerholm 20-22, 3500 Værløse",Furesø,21.06.2004,40.0,Lille,Aktieselskab,26988500,500.0,19212000.0,DKK,2023.0,0,0,16,,0.0,0.0,1.0,0.0,0.0,0.0,0.0,0.0,0.0
MARITIME WOOD CRAFT ApS,"H C Christensensvej 2, 5960 Marstal",Ærø,15.04.2012,Ikke oplyst,Ikke oplyst,Anpartsselskab,34476896,1.0,-339000.0,DKK,2024.0,0,0,16,1.0,0.0,0.0,0.0,0.0,0.0,0.0,0.0,0.0,0.0
Bondeskovgaard Savværk ApS,"Hestehavevej 40, 4320 Lejre",Lejre,29.06.2023,9.0,Mikro,Anpartsselskab,44152312,40.0,4531000.0,DKK,2023.0,0,0,16,,1.0,0.0,0.0,0.0,0.0,0.0,0.0,0.0,0.0
Kvik Sand ApS,"Cannerslundvej 9, 9490 Pandrup",Jammerbugt,07.12.2016,Ikke oplyst,Ikke oplyst,Anpartsselskab,38239147,50.0,125000.0,DKK,2024.0,0,0,16,,0.0,0.0,0.0,1.0,0.0,0.0,0.0,0.0,0.0
DOORFLEX A/S,"Industriområdet 101, 8732 Hovedgård",Horsens,02.04.2019,13.0,Lille,Aktieselskab,40407545,500.0,9099000.0,DKK,2024.0,0,0,16,,0.0,0.0,0.0,1.0,0.0,0.0,0.0,0.0,0.0
Mjolnir ApS,"Stenildvadparken 38, 9600 Aars",Vesthimmerland,29.11.2021,4.0,Mikro,Anpartsselskab,42867594,40.0,260000.0,DKK,2023.0,0,0,16,,0.0,0.0,1.0,0.0,0.0,0.0,0.0,0.0,0.0
FLEX MODUL A/S,"Parallelvej 5, 7830 Vinderup",Holstebro,01.07.1994,84.0,Mellemstor,Aktieselskab,17919075,2.063,-28533000.0,DKK,2024.0,0,0,16,,0.0,1.0,0.0,0.0,0.0,0.0,0.0,0.0,0.0
FLEXWOOD A/S,"Storstrømsvej 92, 4840 Nørre Alslev",Guldborgsund,10.03.1982,5.0,Mikro,Aktieselskab,89892619,1.0,3555000.0,DKK,2024.0,0,0,16,,0.0,0.0,0.0,1.0,0.0,0.0,0.0,0.0,0.0
STIGSNÆS BIOPILLE FABRIK ApS,"Søborggårdsvej 70, 3250 Gilleleje",Gribskov,18.11.2010,Ikke oplyst,Ikke oplyst,Anpartsselskab,33267541,80.0,-52000.0,DKK,2023.0,0,0,16,,0.0,0.0,1.0,0.0,0.0,0.0,0.0,0.0,0.0
RØ-HOLDING ApS,"Kirkeplads 4, 3770 Allinge",Bornholm,10.11.1999,4.0,Mikro,Anpartsselskab,25043308,125.0,1827000.0,DKK,2024.0,0,0,16,,1.0,0.0,0.0,0.0,0.0,0.0,0.0,0.0,0.0
KPK DØRE OG VINDUER A/S,"Rogalandsvej 3, 7900 Nykøbing M",Morsø,01.11.1991,241.0,Mellemstor,Aktieselskab,15646101,1.2,260392000.0,DKK,2023.0,0,0,16,,0.0,0.0,0.0,1.0,0.0,0.0,0.0,0.0,0.0
HORN Vinduer og Døre ApS,"Brandshøjevej 3, 6430 Nordborg",Sønderborg,19.08.2015,1.0,Mikro,Anpartsselskab,37030856,40.0,,nan,2023.0,0,0,16,,0.0,0.0,0.0,1.0,0.0,0.0,0.0,0.0,0.0
BØJSØ DØRE & VINDUER A/S,"Højagervej 5-7, 6623 Vorbasse",Billund,01.06.1988,46.0,Lille,Aktieselskab,12224494,504.0,17584000.0,DKK,2023.0,0,0,16,,0.0,0.0,0.0,1.0,0.0,0.0,0.0,0.0,0.0
Orebo savværk & møbelsnedkeri A/S,"Orebovej 15, 4295 Stenlille",Sorø,12.07.1989,17.0,Lille,Aktieselskab,13171238,400.0,5960000.0,DKK,2023.0,0,0,16,,0.0,0.0,1.0,0.0,0.0,0.0,0.0,0.0,0.0
LØGSTRUP TRÆINDUSTRI ApS,"Hovedgaden 11, 8831 Løgstrup",Viborg,22.12.1999,16.0,Lille,Anpartsselskab,25161033,200.0,6723000.0,DKK,2024.0,0,0,16,,1.0,0.0,0.0,0.0,0.0,0.0,0.0,0.0,0.0
Atelier Hjorth - Rohde ApS,"Svanholmsvej 1 B, 1905 Frederiksberg C",Frederiksberg,22.02.2021,1.0,Mikro,Anpartsselskab,42149055,40.0,498000.0,DKK,2023.0,0,0,16,,0.0,0.0,1.0,0.0,0.0,0.0,0.0,0.0,0.0
Tune Listefabrik & Maskinsnedkeri ApS,"Metalvej 9, 4000 Roskilde",Roskilde,01.10.1991,3.0,Mikro,Anpartsselskab,15513632,125.0,1253000.0,DKK,2024.0,0,0,16,,0.0,0.0,0.0,0.0,0.0,1.0,0.0,0.0,0.0
Aarhus Lister ApS,"Forteledet 4, 8240 Risskov",Århus,21.01.2022,1.0,Mikro,Anpartsselskab,43002341,40.0,158000.0,DKK,2023.0,0,0,16,,0.0,1.0,0.0,0.0,0.0,0.0,0.0,0.0,0.0
ST. HJØLLUND ApS,"Lærkevej 4, 7362 Hampen",Silkeborg,29.08.1968,Ikke oplyst,Ikke oplyst,Anpartsselskab,63506117,125.0,114000.0,DKK,2024.0,0,0,16,1.0,0.0,0.0,0.0,0.0,0.0,0.0,0.0,0.0,0.0
Solcellecarporte Danmark ApS,"Rue Hed 50, 5462 Morud",Nordfyns,25.01.2022,2.0,Mikro,Anpartsselskab,43007394,40.0,92000.0,DKK,2023.0,0,0,16,,0.0,1.0,0.0,0.0,0.0,0.0,0.0,0.0,0.0
IDÉ-DØREN A/S,"Højris Alle 85, 7430 Ikast",Ikast-Brande,14.10.1982,1.0,Mikro,Aktieselskab,69509819,600.0,565000.0,DKK,2023.0,0,0,16,,0.0,1.0,0.0,0.0,0.0,0.0,0.0,0.0,0.0
Hansen Trædrejeri ApS,"Høsten Teglværksvej 2, 4690 Haslev",Faxe,30.03.2016,1.0,Mikro,Anpartsselskab,37576387,40.0,19000.0,DKK,2023.0,0,0,16,,0.0,0.0,0.0,0.0,1.0,0.0,0.0,0.0,0.0
CMC HOLDING VEJLE A/S,"Brønsvigvej 3, 7120 Vejle Øst",Vejle,29.08.2005,Ikke oplyst,Ikke oplyst,Aktieselskab,27962823,500.0,-40000.0,DKK,2024.0,0,0,16,,0.0,0.0,1.0,0.0,0.0,0.0,0.0,0.0,0.0
DANCONNECTION ApS,"Mortensensvej 30 B, 8963 Auning",Norddjurs,29.06.2001,Ikke oplyst,Ikke oplyst,Anpartsselskab,26145775,80.0,334000.0,DKK,2023.0,0,0,16,,0.0,0.0,1.0,0.0,0.0,0.0,0.0,0.0,0.0
WOODCON A/S,"Løvevej 40, 8654 Bryrup",Silkeborg,01.11.2011,34.0,Lille,Aktieselskab,34044473,2.8,17163000.0,DKK,2024.0,0,0,16,,0.0,1.0,0.0,0.0,0.0,0.0,0.0,0.0,0.0
IDEALCOMBI A/S,"Nørre Alle 51, 7760 Hurup Thy",Thisted,09.10.1981,436.0,Stor,Aktieselskab,25829328,833.0,119475000.0,DKK,2024.0,0,0,16,,0.0,0.0,0.0,1.0,0.0,0.0,0.0,0.0,0.0
TREHØJE DØRE A/S,"Fabriksvej 6, 6973 Ørnhøj",Herning,20.12.1985,88.0,Mellemstor,Aktieselskab,79045918,900.0,19688000.0,DKK,2024.0,0,0,16,,0.0,0.0,0.0,1.0,0.0,0.0,0.0,0.0,0.0
LILLEHEDEN A/S,"Hovedvejen 114, 9850 Hirtshals",Hjørring,18.06.1930,76.0,Mellemstor,Aktieselskab,24077713,3.0,49601000.0,DKK,2023.0,0,0,16,,0.0,1.0,0.0,0.0,0.0,0.0,0.0,0.0,0.0
Danish Woodlands ApS,"Mariagervej 3, 9560 Hadsund",Mariagerfjord,03.11.2022,Ikke oplyst,Ikke oplyst,Anpartsselskab,43619071,100.0,-65000.0,DKK,2023.0,0,0,16,,1.0,0.0,0.0,0.0,0.0,0.0,0.0,0.0,0.0
TJELE TRÆEMBALLAGE ApS,"Skovgaardsvej 26 st 6, 8800 Viborg",Viborg,06.02.2011,Ikke oplyst,Ikke oplyst,Anpartsselskab,33497520,80.0,31000.0,DKK,2024.0,0,0,16,,0.0,0.0,1.0,0.0,0.0,0.0,0.0,0.0,0.0
TRAPPEMANDEN ApS,"Slangerupvej 5, 3550 Slangerup",Frederikssund,12.12.2005,11.0,Lille,Anpartsselskab,29201188,125.0,5995000.0,DKK,2023.0,0,0,16,,0.0,1.0,0.0,0.0,0.0,0.0,0.0,0.0,0.0
FELDBORG SAVVÆRK & PALLEFABRIK A/S,"Teglværksvej 3, 7540 Haderup",Herning,22.06.2004,28.0,Lille,Aktieselskab,27919189,500.0,21696000.0,DKK,2023.0,0,0,16,,1.0,0.0,0.0,0.0,0.0,0.0,0.0,1.0,0.0
Hoei Denmark A/S,"Navervej 21, 8382 Hinnerup",Favrskov,22.08.2019,11.0,Lille,Aktieselskab,40736166,400.0,3770000.0,DKK,2024.0,0,0,16,,0.0,0.0,1.0,0.0,0.0,0.0,0.0,0.0,0.0
DANISH MOULDING SERVICE A/S,"Tinghøjen 7, 7860 Spøttrup",Skive,26.02.2003,2.0,Mikro,Aktieselskab,27050387,500.0,1212000.0,DKK,2023.0,0,0,16,1.0,0.0,0.0,0.0,0.0,1.0,0.0,0.0,0.0,0.0
VESTERBY TRÆTEKNIK A/S,"Thorsvej 12-14, 6862 Tistrup",Varde,01.08.1988,20.0,Lille,Aktieselskab,12371330,6.0,15581000.0,DKK,2024.0,0,0,16,,0.0,0.0,0.0,0.0,0.0,0.0,0.0,0.0,1.0
HERNING MASSIVTRÆ A/S,"Cedervej 6, 7400 Herning",Herning,14.06.2000,15.0,Lille,Aktieselskab,25449363,5.0,6671000.0,DKK,2024.0,0,0,16,,0.0,1.0,0.0,0.0,0.0,0.0,0.0,0.0,0.0
QUINTUS ADMINISTRATION ApS,"Rørmoseparken 7, 3450 Allerød",Allerød,14.12.1982,Ikke oplyst,Ikke oplyst,Anpartsselskab,70033828,200.0,20000.0,DKK,2023.0,0,0,16,,0.0,0.0,1.0,0.0,0.0,0.0,0.0,0.0,0.0
Stege Skibs & Bådebyggeri ApS,"Gedservej 99, 4800 Nykøbing F",Guldborgsund,16.08.2018,10.0,Lille,Anpartsselskab,39790122,40.0,3179000.0,DKK,2023.0,0,0,16,,0.0,1.0,0.0,0.0,0.0,0.0,0.0,0.0,0.0
' OVE RAABJERG LARSEN - TØMRER OG SNEDKER ApS ',"Marienlystvej 45, 7800 Skive",Skive,01.04.1991,1.0,Mikro,Anpartsselskab,15116676,200.0,-220000.0,DKK,2024.0,0,0,16,,0.0,1.0,0.0,0.0,0.0,0.0,0.0,0.0,0.0
PFP A/S,"Astrupvej 1, 8620 Kjellerup",Silkeborg,26.06.1985,70.0,Mellemstor,Aktieselskab,10010691,500.0,24781000.0,DKK,2023.0,0,0,16,,0.0,0.0,0.0,0.0,0.0,0.0,0.0,0.0,1.0
Datoselskabet af 7. januar 2025 A/S,"Himmerlandsvej 3, 9670 Løgstør",Vesthimmerland,12.12.2022,1.0,Mikro,Aktieselskab,43699687,500.0,-2369000.0,DKK,2023.0,0,0,16,,0.0,1.0,0.0,0.0,0.0,0.0,0.0,0.0,0.0
MR TRÆEMBALLAGE A/S,"Venusvej 3, 6000 Kolding",Kolding,16.12.1994,8.0,Mikro,Aktieselskab,18246937,500.0,4646000.0,DKK,2024.0,0,0,16,,0.0,0.0,0.0,0.0,0.0,0.0,0.0,1.0,0.0
OUTRUP VINDUER & DØRE A/S,"Outrupstræde 31, 7900 Nykøbing M",Morsø,23.06.1983,187.0,Mellemstor,Aktieselskab,72381211,1.0,115554000.0,DKK,2023.0,0,0,16,,0.0,0.0,0.0,1.0,0.0,0.0,0.0,0.0,0.0
MEGA OVERFLADE-TEKNIK ApS,"Bjergevej 31 B, 7280 Sønder Felding",Herning,01.01.1987,9.0,Mikro,Anpartsselskab,10661706,400.0,9883000.0,DKK,2024.0,0,0,16,1.0,0.0,0.0,0.0,0.0,0.0,0.0,0.0,0.0,0.0
PLANET HUSE A/S,"Ørstedsvej 55-59, 6760 Ribe",Esbjerg,01.07.1990,44.0,Lille,Aktieselskab,14345507,10.0,27720000.0,DKK,2023.0,0,0,16,,0.0,1.0,0.0,0.0,0.0,0.0,0.0,0.0,0.0
HERNING FINERCENTRAL A/S,"Allingevej 2-4, 7400 Herning",Herning,26.02.2007,2.0,Mikro,Aktieselskab,30282140,500.0,541000.0,DKK,2024.0,0,0,16,,0.0,0.0,0.0,0.0,0.0,0.0,0.0,0.0,1.0
Silkeborg Skov- og Naturpleje ApS,"Slåenbakken 9, 8600 Silkeborg",Silkeborg,14.07.2021,2.0,Mikro,Anpartsselskab,42561797,40.0,1677000.0,DKK,2023.0,0,0,16,,1.0,0.0,0.0,0.0,0.0,0.0,0.0,0.0,0.0
DANA VINDUER A/S,"Industriparken 12, 7400 Herning",Herning,03.04.2009,27.0,Lille,Aktieselskab,32093450,1.5,15544000.0,DKK,2023.0,0,0,16,,0.0,0.0,0.0,1.0,0.0,0.0,0.0,0.0,0.0
L. J. INVEST ApS,"Lærkevej 8, 7620 Lemvig",Lemvig,13.12.1984,Ikke oplyst,Ikke oplyst,Anpartsselskab,76624917,200.0,-33000.0,DKK,2023.0,0,0,16,,0.0,1.0,0.0,0.0,0.0,0.0,0.0,0.0,0.0
FINERGRUPPEN ApS,"Christianshedevej 32, 7441 Bording",Ikast-Brande,23.09.2004,3.0,Mikro,Anpartsselskab,28114028,125.0,1719000.0,DKK,2023.0,0,0,16,,0.0,0.0,0.0,0.0,0.0,0.0,0.0,0.0,1.0
PT Emballage ApS,"Alsvænget 2, 7000 Fredericia",Fredericia,11.12.2020,1.0,Mikro,Anpartsselskab,41940565,40.0,1201000.0,DKK,2023.0,0,0,16,,0.0,0.0,0.0,0.0,0.0,0.0,0.0,1.0,0.0
Rundlins Byggefirma ApS,"Stenkløvervej 6, 8830 Tjele",Viborg,18.06.2019,1.0,Mikro,Anpartsselskab,40593055,40.0,766000.0,DKK,2024.0,0,0,16,,0.0,1.0,0.0,0.0,0.0,0.0,0.0,0.0,0.0
SAMM-SALL ApS,"Borupvej 1 A, 7330 Brande",Ikast-Brande,15.05.2002,4.0,Mikro,Anpartsselskab,26632544,125.0,3057000.0,DKK,2023.0,0,0,16,,0.0,1.0,0.0,0.0,0.0,0.0,0.0,0.0,0.0
BSA Norstech ApS,"Starupvej 225, 8340 Malling",Århus,10.11.2017,2.0,Mikro,Anpartsselskab,39085208,150.0,3516000.0,DKK,2023.0,1,0,16,,0.0,0.0,0.0,0.0,1.0,0.0,0.0,0.0,0.0
QUATTRO HOUSE DENMARK ApS,"Råddamsvej 9, 4700 Næstved",Næstved,30.06.2006,4.0,Mikro,Anpartsselskab,29635722,300.0,4811000.0,DKK,2023.0,0,0,16,,0.0,1.0,0.0,0.0,0.0,0.0,0.0,0.0,0.0
DBP Engrosbiler ApS,"Holger Brodthagensvej 10, 4800 Nykøbing F",Guldborgsund,13.07.2010,Ikke oplyst,Ikke oplyst,Anpartsselskab,33064098,80.0,-35000.0,DKK,2024.0,0,0,16,,0.0,0.0,0.0,0.0,0.0,0.0,1.0,0.0,0.0
DINESEN FLOORS A/S,"Klovtoftvej 2, 6630 Rødding",Vejen,05.03.1971,90.0,Mellemstor,Aktieselskab,33920717,501.0,64653000.0,DKK,2024.0,0,0,16,,1.0,0.0,0.0,0.0,0.0,0.0,0.0,0.0,0.0
okbyg ApS,"Gyvelvej 12, 5560 Aarup",Assens,24.02.2022,3.0,Mikro,Anpartsselskab,43083155,40.0,568000.0,DKK,2023.0,0,0,16,,0.0,1.0,0.0,0.0,0.0,0.0,0.0,0.0,0.0
NY NÆSTVED MODELINDUSTRI ApS,"Appenæs Bygade 32, 4700 Næstved",Næstved,10.05.2006,2.0,Mikro,Anpartsselskab,29533075,125.0,1123000.0,DKK,2024.0,0,0,16,,0.0,0.0,1.0,0.0,0.0,0.0,0.0,0.0,0.0
GURIT WIND SYSTEMS A/S,"Ribovej 5, 6950 Ringkøbing",Ringkøbing-Skjern,03.07.2012,32.0,Lille,Aktieselskab,34607109,10.0,60432000.0,DKK,2023.0,0,0,16,1.0,0.0,0.0,0.0,0.0,0.0,0.0,0.0,0.0,0.0
Tripplex ApS,"Hovedgaden 501, 2640 Hedehusene",Høje-Taastrup,19.02.2021,9.0,Mikro,Anpartsselskab,42142395,41.0,-999000.0,DKK,2023.0,0,0,16,,0.0,1.0,0.0,0.0,0.0,0.0,0.0,0.0,0.0
HVIDBJERG VINDUET A/S,"Østergade 24, 7790 Thyholm",Struer,01.01.1993,178.0,Mellemstor,Aktieselskab,17010344,5.0,41339000.0,DKK,2023.0,0,0,16,,0.0,0.0,0.0,1.0,0.0,0.0,0.0,0.0,0.0
Hemp Eco Systems Scandinavia ApS,"Nationernes Alle 1, 3000 Helsingør",Helsingør,23.03.2023,Ikke oplyst,Ikke oplyst,Anpartsselskab,43950495,60.0,-198000.0,DKK,2023.0,0,0,16,,0.0,1.0,0.0,0.0,0.0,0.0,0.0,0.0,0.0
Incado A/S,"Kvaglundvej 83, 6705 Esbjerg Ø",Esbjerg,01.01.2000,20.0,Lille,Aktieselskab,25473795,1.0,9260000.0,DKK,2024.0,0,0,16,,0.0,0.0,1.0,0.0,0.0,0.0,0.0,0.0,0.0
KEFLICO A/S,"Juelstrupparken 24, 9530 Støvring",Rebild,12.03.1969,61.0,Mellemstor,Aktieselskab,23980010,10.0,37231000.0,DKK,2023.0,0,0,16,,0.0,0.0,0.0,0.0,0.0,0.0,0.0,0.0,1.0
CRATEIT ApS,"Stenhuggervej 28, 5230 Odense M",Odense,03.05.2021,4.0,Mikro,Anpartsselskab,42356786,69.0,-581000.0,DKK,2023.0,0,0,16,,0.0,0.0,1.0,0.0,0.0,0.0,0.0,0.0,0.0
NYMOSEGÅRD TRÆULD ApS,"Tanghusvej 18, 8620 Kjellerup",Silkeborg,05.07.2010,3.0,Mikro,Anpartsselskab,33056036,80.0,694000.0,DKK,2023.0,0,0,16,,1.0,0.0,0.0,0.0,0.0,0.0,0.0,0.0,0.0
ANNEBERGS LIMTRÆ A/S,"Lundtangvej 16 B, 6830 Nørre Nebel",Varde,01.05.1996,20.0,Lille,Aktieselskab,19371530,750.0,15372000.0,DKK,2023.0,0,0,16,,0.0,1.0,0.0,0.0,0.0,0.0,0.0,0.0,0.0
HVALSØ SAVVÆRK A/S,"Bentsensvej 4, 4330 Hvalsø",Lejre,20.06.1994,21.0,Lille,Aktieselskab,17890433,1.0,12867000.0,DKK,2024.0,0,0,16,,1.0,0.0,0.0,0.0,0.0,0.0,0.0,0.0,0.0
HØRNING PARKET A/S,"Christiansmindevej 12, 8660 Skanderborg",Skanderborg,14.10.2011,25.0,Lille,Aktieselskab,33965362,1.0,16427000.0,DKK,2023.0,0,0,16,,0.0,0.0,0.0,0.0,0.0,0.0,0.0,0.0,1.0
Re-Claim ApS,"Inge Lehmanns Gade 10 6, 8000 Aarhus C",Århus,03.07.2023,2.0,Mikro,Anpartsselskab,44160129,40.0,-45000.0,DKK,2023.0,0,0,16,,0.0,0.0,1.0,0.0,0.0,0.0,0.0,0.0,0.0
Forcemile ApS,"Nr. Stenderupvej 31, 6000 Kolding",Kolding,07.03.2019,4.0,Mikro,Anpartsselskab,40354905,50.0,3804000.0,DKK,2024.0,0,0,16,,1.0,0.0,0.0,0.0,0.0,0.0,0.0,0.0,0.0
Bjergly Palleindustri ApS,"Sibirien 1, 4672 Klippinge",Stevns,27.06.2022,3.0,Mikro,Anpartsselskab,43356615,40.0,1523000.0,DKK,2023.0,0,0,16,,0.0,0.0,1.0,0.0,0.0,0.0,0.0,0.0,0.0
Tiset Savværk A/S,"Kongevej 243, 6510 Gram",Haderslev,01.04.2010,24.0,Lille,Aktieselskab,32837352,500.0,13168000.0,DKK,2023.0,0,0,16,,1.0,0.0,0.0,0.0,0.0,0.0,0.0,0.0,0.0
VILLA CONSULT A/S,"Østre Industrivej 4, 6731 Tjæreborg",Esbjerg,08.10.2013,2.0,Mikro,Aktieselskab,35512535,500.0,-116000.0,DKK,2023.0,0,0,16,,0.0,1.0,0.0,0.0,0.0,0.0,0.0,0.0,0.0
Gl. Rye Vinduer & Døre ApS,"Sortbærvej 78, 8600 Silkeborg",Silkeborg,15.03.2016,Ikke oplyst,Ikke oplyst,Anpartsselskab,37544167,350.0,1285000.0,DKK,2023.0,0,0,16,,0.0,0.0,0.0,1.0,0.0,0.0,0.0,0.0,0.0
Jysk Element ApS,"Holmhuse 14, 7860 Spøttrup",Skive,16.08.2019,10.0,Lille,Anpartsselskab,40735909,40.0,-470000.0,DKK,2023.0,0,0,16,,0.0,1.0,0.0,0.0,0.0,0.0,0.0,0.0,0.0
KLAABORG VINDUER OG DØRE ApS,"Nørre Alle 26, 6070 Christiansfeld",Kolding,16.06.2003,5.0,Mikro,Anpartsselskab,27212204,125.0,2671000.0,DKK,2023.0,0,0,16,,0.0,0.0,0.0,1.0,0.0,0.0,0.0,0.0,0.0
Zeppelin Rental Danmark A/S,"Grønningen 12, 4130 Viby Sjælland",Roskilde,08.12.1987,164.0,Mellemstor,Aktieselskab,11779573,400.0,226412000.0,DKK,2023.0,0,0,16,,0.0,1.0,0.0,0.0,0.0,0.0,0.0,0.0,0.0
JF Ejendomsservice ApS,"Hvedevænget 13, 4880 Nysted",Guldborgsund,22.02.2006,Ikke oplyst,Ikke oplyst,Anpartsselskab,29396965,125.0,2200000.0,DKK,2023.0,0,0,16,,0.0,0.0,1.0,0.0,0.0,0.0,0.0,0.0,0.0
FK TRÆEMBALLAGE ApS,"Teglværksvej 7, 7760 Hurup Thy",Thisted,29.06.2006,9.0,Mikro,Anpartsselskab,29631956,250.0,5173000.0,DKK,2024.0,0,0,16,,0.0,0.0,0.0,0.0,0.0,0.0,0.0,1.0,0.0
DOLLE A/S,"Vestergade 47, 7741 Frøstrup",Thisted,06.09.1982,127.0,Mellemstor,Aktieselskab,69395015,1.315,46066000.0,DKK,2023.0,1,0,16,,0.0,1.0,0.0,0.0,0.0,0.0,0.0,0.0,0.0
Thermocell Sales Aps,"Næssundvej 423, 7960 Karby",Morsø,01.06.2018,2.0,Mikro,Anpartsselskab,39628708,50.0,950000.0,DKK,2023.0,0,0,16,,0.0,0.0,0.0,0.0,1.0,0.0,0.0,0.0,0.0
AKTIESELSKABET ROLD SKOV SAVVÆRK,"Viborgvej 930, 8471 Sabro",Århus,26.02.1955,68.0,Mellemstor,Aktieselskab,31259517,12.0,23452000.0,DKK,2024.0,0,0,16,,1.0,0.0,0.0,0.0,0.0,0.0,0.0,0.0,0.0
Naturpladen ApS,"Rørdrumvej 2, 8220 Brabrand",Århus,29.09.2021,4.0,Mikro,Anpartsselskab,42714607,40.0,152000.0,DKK,2023.0,0,0,16,,0.0,1.0,0.0,0.0,0.0,0.0,0.0,0.0,0.0
Koppenbjerg Emballage A/S,"Stærmosevej 36, 5683 Haarby",Assens,29.11.2015,19.0,Lille,Aktieselskab,37262404,850.0,1025000.0,DKK,2023.0,0,0,16,,0.0,0.0,0.0,0.0,0.0,0.0,0.0,1.0,0.0
MP PRODUKTION ApS,"Morup Møllevej 87, 7755 Bedsted Thy",Thisted,16.12.2014,Ikke oplyst,Ikke oplyst,Anpartsselskab,36464666,50.0,-39000.0,DKK,2024.0,0,0,16,,0.0,0.0,0.0,1.0,0.0,0.0,0.0,0.0,0.0
DANSK TRÆMEL A/S,"Gl Lifstrupvej 3, 6715 Esbjerg N",Esbjerg,16.06.2014,3.0,Mikro,Aktieselskab,32309771,2.0,3153000.0,DKK,2023.0,0,0,16,,1.0,0.0,0.0,0.0,0.0,0.0,0.0,0.0,0.0
SCASER ApS,"Ringsbjergvej 15, 4682 Tureby",Faxe,29.11.2012,1.0,Mikro,Anpartsselskab,34804443,80.0,482000.0,DKK,2023.0,0,0,16,,0.0,0.0,0.0,1.0,0.0,0.0,0.0,0.0,0.0
MANAGEMENT PARTNERS A/S,"Bygaden 7 B, 9000 Aalborg",Aalborg,02.11.1971,Ikke oplyst,Ikke oplyst,Aktieselskab,32629016,500.0,-49000.0,DKK,2023.0,0,0,16,,0.0,0.0,1.0,0.0,0.0,0.0,0.0,0.0,0.0
DOVISTA A/S,"Bygholm Søpark 21 D, 8700 Horsens",Horsens,01.07.1998,249.0,Mellemstor,Aktieselskab,21147583,55.0,221505000.0,DKK,2024.0,1,0,16,,0.0,0.0,0.0,1.0,0.0,0.0,0.0,0.0,0.0
FAM. BUUS INVEST ApS,"Triatlonvej 18, 9230 Svenstrup J",Aalborg,05.02.2009,Ikke oplyst,Ikke oplyst,Anpartsselskab,32056512,150.0,-12000.0,DKK,2023.0,0,0,16,,0.0,0.0,1.0,0.0,0.0,0.0,0.0,0.0,0.0
DANSK HÅRDTTRÆ SAVVÆRK A/S,"Stokkebrovej 2 B, 6340 Kruså",Aabenraa,01.11.1990,14.0,Lille,Aktieselskab,15008792,500.0,6849000.0,DKK,2023.0,0,0,16,,1.0,0.0,0.0,0.0,0.0,0.0,0.0,0.0,0.0
Næste ApS,"Finervej 7, 4621 Gadstrup",Roskilde,01.03.2020,18.0,Lille,Anpartsselskab,41237163,40.0,8425000.0,DKK,2024.0,0,0,16,,0.0,1.0,0.0,0.0,0.0,0.0,0.0,0.0,0.0
Nature Products ApS,"Høng Landevej 2, 4270 Høng",Kalundborg,19.02.2021,Ikke oplyst,Ikke oplyst,Anpartsselskab,42142832,40.0,,nan,2023.0,0,0,16,,0.0,0.0,1.0,0.0,0.0,0.0,0.0,0.0,0.0
NorDan Vinduer A/S,"Kassebøllevej 3, 5900 Rudkøbing",Langeland,01.10.1988,138.0,Mellemstor,Aktieselskab,12499191,660.0,44865000.0,DKK,2023.0,0,0,16,,0.0,0.0,0.0,1.0,0.0,0.0,0.0,0.0,0.0
JH-TRIO VINDUER OG DØRE A/S,"Sattrupvej 2, 8752 Østbirk",Horsens,07.12.2006,7.0,Mikro,Aktieselskab,28673167,500.0,2674000.0,DKK,2024.0,0,0,16,,0.0,0.0,0.0,1.0,0.0,0.0,0.0,0.0,0.0
GISLEV DREJERFORRETNING ApS,"Byvejen 21, 5620 Glamsbjerg",Assens,22.03.2006,5.0,Mikro,Anpartsselskab,29422060,125.0,2321000.0,DKK,2023.0,0,0,16,,0.0,0.0,1.0,0.0,0.0,0.0,0.0,0.0,0.0
Greenday ApS,"Fruering Skovmark 36, 8660 Skanderborg",Skanderborg,03.05.2021,1.0,Mikro,Anpartsselskab,42358525,40.0,198000.0,DKK,2023.0,0,0,16,,0.0,1.0,0.0,0.0,0.0,0.0,0.0,0.0,0.0
ASMUSSEN VINDUER & DØRE ApS,"Juelsbjerg 3, 6200 Aabenraa",Aabenraa,24.03.1977,2.0,Mikro,Anpartsselskab,80477015,230.0,2856000.0,DKK,2023.0,0,0,16,,0.0,0.0,0.0,1.0,0.0,0.0,0.0,0.0,0.0
Thomas Damgaard ApS,"Møgelkærvej 27, 7130 Juelsminde",Hedensted,09.11.2017,1.0,Mikro,Anpartsselskab,39072440,50.0,-169000.0,DKK,2024.0,0,0,16,,0.0,1.0,0.0,0.0,0.0,0.0,0.0,0.0,0.0
DANPAL PRODUKTION ApS,"Industriparken 21, 4640 Faxe",Faxe,02.07.1982,14.0,Lille,Anpartsselskab,71143619,400.0,14610000.0,DKK,2023.0,0,0,16,,0.0,0.0,0.0,0.0,0.0,0.0,0.0,1.0,0.0
