Juridisk navn,Adresse,Kommune,Startdato,Antal ansatte,Størrelse,Selskabsform,CVR-nr,Selskabskapital,Bruttofortjeneste,Valuta,År for beregning,Kunde,Coating kunde,NACE-2,"Fremstilling og bearbejdning af andet glas, herunder teknisk glas",Fremstilling af andre keramiske produkter,"Fremstilling af flasker, drikkeglas mv.",Fremstilling af keramiske husholdningsartikler og pyntegenstande,Fremstilling af byggematerialer af beton,Fremstilling af cement,Fremstilling af færdigblandet beton,Fremstilling af glasfiber,Fremstilling af keramiske teglsten og gulvfliser,"Fremstilling af andre produkter af beton, cement og gips",Fremstilling af asfalt og tagpap,"Fremstilling af mursten, teglsten og byggematerialer af brændt ler",Fremstilling af byggematerialer af gips,Fremstilling af keramiske isolatorer og isoleringsdele,Formning og forarbejdning af planglas,Fremstilling af ildfaste produkter,"Fremstilling af andre ikke-metalholdige mineralske produkter, bortset fra asfalt og tagpap",Fremstilling af keramiske sanitetsartikler,Fremstilling af kalk og gips,"Tilhugning, tilskæring og færdigbearbejdning af sten",Fremstilling af mørtel,Fremstilling af planglas,Fremstilling af slibemidler,Fremstilling af andre keramiske produkter til teknisk brug,Fremstilling af fibercement
EYEMAGINE ApS,"Huulmøllevej 2 A st, 9240 Nibe",Aalborg,01.12.2008,Ikke oplyst,Ikke oplyst,Anpartsselskab,31872898,125.0,734000.0,DKK,2023.0,0,0,23,1.0,0.0,0.0,0.0,0.0,0.0,0.0,0.0,0.0,0.0,0.0,0.0,0.0,0.0,0.0,0.0,0.0,0.0,0.0,0.0,0.0,0.0,0.0,0.0,0.0
Næsehornet ApS,"Næstvedvej 294, 4100 Ringsted",Ringsted,28.09.2015,Ikke oplyst,Ikke oplyst,Anpartsselskab,37115355,40.0,-16000.0,DKK,2023.0,0,0,23,,0.0,0.0,0.0,1.0,0.0,0.0,0.0,0.0,0.0,0.0,0.0,0.0,0.0,0.0,0.0,0.0,0.0,0.0,0.0,0.0,0.0,0.0,0.0,0.0
DG BETON ApS,"Attenagrevej 13, 6950 Ringkøbing",Ringkøbing-Skjern,15.01.2001,1.0,Mikro,Anpartsselskab,25844084,125.0,812000.0,DKK,2024.0,0,0,23,,0.0,0.0,0.0,0.0,0.0,1.0,0.0,0.0,0.0,0.0,0.0,0.0,0.0,0.0,0.0,0.0,0.0,0.0,0.0,0.0,0.0,0.0,0.0,0.0
GourmetTing.dk ApS,"Lemvej 54, 8930 Randers NØ",Randers,01.07.2020,1.0,Mikro,Anpartsselskab,41489472,40.0,-201000.0,DKK,2024.0,0,0,23,,0.0,0.0,1.0,0.0,0.0,0.0,0.0,0.0,0.0,0.0,0.0,0.0,0.0,0.0,0.0,0.0,0.0,0.0,0.0,0.0,0.0,0.0,0.0,0.0
ORANJE BETON A/S,"Frøjkvej 27, 7500 Holstebro",Holstebro,24.02.2009,20.0,Lille,Aktieselskab,29817979,500.0,16141000.0,DKK,2023.0,0,0,23,,0.0,0.0,0.0,1.0,0.0,0.0,0.0,0.0,0.0,0.0,0.0,0.0,0.0,0.0,0.0,0.0,0.0,0.0,0.0,0.0,0.0,0.0,0.0,0.0
ZOOPLY ApS,"Pramvej 7, 8940 Randers SV",Randers,01.07.2016,1.0,Mikro,Anpartsselskab,37842311,50.0,457000.0,DKK,2023.0,0,0,23,,0.0,0.0,0.0,0.0,0.0,0.0,0.0,0.0,1.0,0.0,0.0,0.0,0.0,0.0,0.0,0.0,0.0,0.0,0.0,0.0,0.0,0.0,0.0,0.0
ARDEN BETON ApS,"Ringvejen 26, 9510 Arden",Mariagerfjord,01.07.1987,Ikke oplyst,Ikke oplyst,Anpartsselskab,11798683,125.0,-111000.0,DKK,2023.0,0,0,23,,0.0,0.0,0.0,1.0,0.0,0.0,0.0,0.0,0.0,0.0,0.0,0.0,0.0,0.0,0.0,0.0,0.0,0.0,0.0,0.0,0.0,0.0,0.0,0.0
BMI Produktion Danmark ApS,"Kystvejen 56, 9400 Nørresundby",Aalborg,01.11.2007,82.0,Mellemstor,Anpartsselskab,31048257,125.0,36379000.0,DKK,2023.0,1,0,23,,0.0,0.0,0.0,1.0,0.0,0.0,0.0,0.0,0.0,1.0,1.0,0.0,0.0,0.0,0.0,0.0,0.0,0.0,0.0,0.0,0.0,0.0,0.0,0.0
BJØRN WIINBLADS VÆRKSTED A/S,"Bjørn Wiinblads Vej 5, 2800 Kongens Lyngby",Lyngby-Taarbæk,26.02.1966,Ikke oplyst,Ikke oplyst,Aktieselskab,57023910,600.0,518000.0,DKK,2023.0,0,0,23,,0.0,0.0,1.0,0.0,0.0,0.0,0.0,0.0,0.0,0.0,0.0,0.0,0.0,0.0,0.0,0.0,0.0,0.0,0.0,0.0,0.0,0.0,0.0,0.0
BS Falsen ApS,"Malskærvej 3, 8300 Odder",Odder,23.04.2017,12.0,Lille,Anpartsselskab,38602349,250.0,5917000.0,DKK,2024.0,0,0,23,,0.0,0.0,0.0,1.0,0.0,0.0,0.0,0.0,0.0,0.0,0.0,0.0,0.0,0.0,0.0,0.0,0.0,0.0,0.0,0.0,0.0,0.0,0.0,0.0
NB BETON ApS,"Ursusvej 14, 8464 Galten",Skanderborg,18.07.2006,19.0,Lille,Anpartsselskab,29690189,400.0,11897000.0,DKK,2024.0,0,0,23,,0.0,0.0,0.0,0.0,0.0,1.0,0.0,0.0,0.0,0.0,0.0,0.0,0.0,0.0,0.0,0.0,0.0,0.0,0.0,0.0,0.0,0.0,0.0,0.0
BG BETON A/S,"Farvervej 1, 8800 Viborg",Viborg,03.09.2011,49.0,Lille,Aktieselskab,33885199,500.0,30309000.0,DKK,2024.0,0,0,23,,0.0,0.0,0.0,0.0,0.0,1.0,0.0,0.0,0.0,0.0,0.0,0.0,0.0,0.0,0.0,0.0,0.0,0.0,0.0,0.0,0.0,0.0,0.0,0.0
Schrøder Beton ApS,"Margrethelund 6, 2765 Smørum",Egedal,22.06.1990,Ikke oplyst,Ikke oplyst,Anpartsselskab,14431748,126.0,,nan,2023.0,0,0,23,,0.0,0.0,0.0,1.0,0.0,0.0,0.0,0.0,0.0,0.0,0.0,0.0,0.0,0.0,0.0,0.0,0.0,0.0,0.0,0.0,0.0,0.0,0.0,0.0
FLAUENSKJOLD CEMENTSTØBERI ApS,"Ålborgvej 619, 9330 Dronninglund",Brønderslev-Dronninglund,17.03.2009,1.0,Mikro,Anpartsselskab,32082491,125.0,357000.0,DKK,2023.0,0,0,23,,0.0,0.0,0.0,1.0,0.0,0.0,0.0,0.0,0.0,0.0,0.0,0.0,0.0,0.0,0.0,0.0,0.0,0.0,0.0,0.0,0.0,0.0,0.0,0.0
Flex Logistik ApS,"Rugbjergvej 6, 7490 Aulum",Herning,25.07.2019,Ikke oplyst,Ikke oplyst,Anpartsselskab,40678174,40.0,3190000.0,DKK,2023.0,0,0,23,,0.0,0.0,1.0,0.0,0.0,0.0,0.0,0.0,0.0,0.0,0.0,0.0,0.0,0.0,0.0,0.0,0.0,0.0,0.0,0.0,0.0,0.0,0.0,0.0
RECYCON Element A/S,"Sandvedvej 61, 4250 Fuglebjerg",Næstved,11.01.2022,13.0,Lille,Aktieselskab,42970964,400.0,3163000.0,DKK,2023.0,0,0,23,,0.0,0.0,0.0,1.0,0.0,1.0,0.0,0.0,0.0,0.0,0.0,0.0,0.0,0.0,0.0,0.0,0.0,0.0,0.0,0.0,0.0,0.0,0.0,0.0
A/S IKAST BETONVAREFABRIK,"Lysholt Alle 4, 7430 Ikast",Ikast-Brande,28.12.1971,869.0,Stor,Aktieselskab,37537314,3.0,715979000.0,DKK,2023.0,1,0,23,,0.0,0.0,0.0,1.0,0.0,1.0,0.0,0.0,0.0,0.0,0.0,0.0,0.0,0.0,0.0,0.0,0.0,0.0,0.0,0.0,0.0,0.0,0.0,0.0
Motel a Miio Copenhagen ApS,"Kronprinsensgade 12 st, 1114 København K",København,29.10.2021,1.0,Mikro,Anpartsselskab,42799424,40.0,17000.0,DKK,2023.0,0,0,23,,0.0,0.0,1.0,0.0,0.0,0.0,0.0,0.0,0.0,0.0,0.0,0.0,0.0,0.0,0.0,0.0,0.0,0.0,0.0,0.0,0.0,0.0,0.0,0.0
Düna Nordic ApS,"Birk Centerpark 40, 7400 Herning",Herning,01.12.2020,Ikke oplyst,Ikke oplyst,Anpartsselskab,41900652,40.0,-136000.0,DKK,2023.0,0,0,23,,0.0,0.0,0.0,0.0,0.0,0.0,0.0,0.0,0.0,0.0,0.0,0.0,1.0,0.0,0.0,0.0,0.0,0.0,0.0,0.0,0.0,0.0,0.0,0.0
TJÆREBORG INDUSTRI A/S,"Kærvej 19, 6731 Tjæreborg",Esbjerg,30.06.1976,162.0,Mellemstor,Aktieselskab,81601518,1.5,126859000.0,DKK,2023.0,0,0,23,,0.0,0.0,0.0,1.0,0.0,1.0,0.0,0.0,0.0,0.0,0.0,0.0,0.0,0.0,0.0,0.0,0.0,0.0,0.0,0.0,0.0,0.0,0.0,0.0
HASLE REFRACTORIES A/S,"Kanegårdsvej 1, 3700 Rønne",Bornholm,10.01.1992,24.0,Lille,Aktieselskab,20223707,4.0,35536000.0,DKK,2024.0,1,0,23,,0.0,0.0,0.0,0.0,0.0,0.0,0.0,0.0,0.0,0.0,0.0,0.0,0.0,0.0,1.0,0.0,0.0,0.0,0.0,0.0,0.0,0.0,0.0,0.0
HEMBOO ApS,"Dyssemarken 13, 2760 Måløv",Ballerup,01.09.2021,Ikke oplyst,Ikke oplyst,Anpartsselskab,42673862,40.0,-31000.0,DKK,2024.0,0,0,23,,0.0,0.0,0.0,0.0,0.0,0.0,0.0,0.0,0.0,0.0,0.0,0.0,0.0,0.0,0.0,1.0,0.0,0.0,0.0,0.0,0.0,0.0,0.0,0.0
CCO LaserGravering ApS,"Antonibakken 65, 4720 Præstø",Vordingborg,25.04.2018,Ikke oplyst,Ikke oplyst,Anpartsselskab,39515067,50.0,-4000.0,DKK,2024.0,0,0,23,1.0,0.0,0.0,0.0,0.0,0.0,0.0,0.0,0.0,0.0,0.0,0.0,0.0,0.0,0.0,0.0,0.0,0.0,0.0,0.0,0.0,0.0,0.0,0.0,0.0
HEWI Nordic ApS,"Krudtløbsvej 12, 1439 København K",København,26.10.2020,2.0,Mikro,Anpartsselskab,41790903,40.0,2197000.0,DKK,2023.0,0,0,23,,0.0,0.0,0.0,0.0,0.0,0.0,0.0,0.0,0.0,0.0,0.0,0.0,0.0,0.0,0.0,0.0,1.0,0.0,0.0,0.0,0.0,0.0,0.0,0.0
DEN LOKALE STENHUGGER ApS,"Tofte Industri 6, 3200 Helsinge",Gribskov,26.06.2013,Ikke oplyst,Ikke oplyst,Anpartsselskab,35386033,80.0,88000.0,DKK,2024.0,0,0,23,,0.0,0.0,0.0,0.0,0.0,0.0,0.0,0.0,0.0,0.0,0.0,0.0,0.0,0.0,0.0,0.0,0.0,0.0,1.0,0.0,0.0,0.0,0.0,0.0
DAN-GRIT A/S,"Forumvej 83, 6800 Varde",Varde,08.10.1979,12.0,Lille,Aktieselskab,88086228,500.0,2576000.0,DKK,2024.0,0,0,23,,0.0,0.0,0.0,0.0,0.0,0.0,0.0,0.0,0.0,0.0,0.0,0.0,0.0,0.0,1.0,0.0,0.0,0.0,0.0,0.0,0.0,0.0,0.0,0.0
SAINT-GOBAIN ECOPHON A/S,"Fiskerhusvej 47, 4700 Næstved",Næstved,18.06.1981,89.0,Mellemstor,Aktieselskab,67147413,1.5,26073000.0,DKK,2023.0,0,0,23,,0.0,0.0,0.0,0.0,0.0,0.0,1.0,0.0,0.0,0.0,0.0,0.0,0.0,0.0,0.0,0.0,0.0,0.0,0.0,0.0,0.0,0.0,0.0,0.0
Tidemann Ejendomme ApS,"Ilbro Byvej 74, 9800 Hjørring",Hjørring,01.12.1989,Ikke oplyst,Ikke oplyst,Anpartsselskab,13696500,200.0,259000.0,DKK,2023.0,0,0,23,,0.0,0.0,0.0,0.0,0.0,0.0,0.0,0.0,0.0,0.0,0.0,0.0,0.0,0.0,0.0,1.0,0.0,0.0,0.0,0.0,0.0,0.0,0.0,0.0
Knam ApS,"Bygaden 28, 4652 Hårlev",Stevns,24.05.2013,Ikke oplyst,Ikke oplyst,Anpartsselskab,35253092,300.0,-3000.0,DKK,2023.0,0,0,23,,0.0,0.0,0.0,0.0,0.0,0.0,0.0,0.0,0.0,0.0,0.0,0.0,0.0,1.0,0.0,0.0,0.0,0.0,0.0,0.0,0.0,0.0,0.0,0.0
Stono ApS,"Industrivej 23, 8800 Viborg",Viborg,02.03.2023,4.0,Mikro,Anpartsselskab,43887807,40.0,1975000.0,DKK,2024.0,0,0,23,,0.0,0.0,0.0,0.0,0.0,0.0,0.0,0.0,0.0,0.0,0.0,0.0,0.0,0.0,0.0,0.0,0.0,0.0,1.0,0.0,0.0,0.0,0.0,0.0
CPH Stenhuggeri ApS,"Hold-An Vej 74, 2750 Ballerup",Ballerup,04.07.2017,2.0,Mikro,Anpartsselskab,38775626,50.0,2885000.0,DKK,2023.0,0,0,23,,0.0,0.0,0.0,0.0,0.0,0.0,0.0,0.0,0.0,0.0,0.0,0.0,0.0,0.0,0.0,0.0,0.0,0.0,1.0,0.0,0.0,0.0,0.0,0.0
SEMVAC A/S,"Svendborgvej 226, 5260 Odense S",Odense,03.12.1984,64.0,Mellemstor,Aktieselskab,76489912,45.257,22171000.0,DKK,2023.0,0,0,23,,0.0,0.0,0.0,0.0,0.0,0.0,0.0,0.0,0.0,0.0,0.0,0.0,0.0,0.0,0.0,0.0,1.0,0.0,0.0,0.0,0.0,0.0,0.0,0.0
AMBERCON A/S,"Juelstrupparken 23, 9530 Støvring",Rebild,25.07.1983,188.0,Mellemstor,Aktieselskab,73277019,63.5,139660000.0,DKK,2023.0,0,0,23,,0.0,0.0,0.0,1.0,0.0,0.0,0.0,0.0,0.0,0.0,0.0,0.0,0.0,0.0,0.0,0.0,0.0,0.0,0.0,0.0,0.0,0.0,0.0,0.0
GH MØRTEL A/S,"Farvervej 1, 8800 Viborg",Viborg,21.04.2008,12.0,Lille,Aktieselskab,30541642,600.0,8593000.0,DKK,2024.0,0,0,23,,0.0,0.0,0.0,0.0,0.0,0.0,0.0,0.0,0.0,0.0,0.0,0.0,0.0,0.0,0.0,0.0,0.0,0.0,0.0,1.0,0.0,0.0,0.0,0.0
Keramikcaféen ApS,"Samsøgade 17 st tv, 9000 Aalborg",Aalborg,07.01.2024,14.0,Lille,Anpartsselskab,44572702,40.0,311000.0,DKK,2024.0,0,0,23,,0.0,0.0,1.0,0.0,0.0,0.0,0.0,0.0,0.0,0.0,0.0,0.0,0.0,0.0,0.0,0.0,0.0,0.0,0.0,0.0,0.0,0.0,0.0,0.0
SIMESTED CEMENTSTØBERI ApS,"Eveldrupvej 30, 9620 Aalestrup",Vesthimmerland,01.07.1987,2.0,Mikro,Anpartsselskab,10977886,200.0,982000.0,DKK,2024.0,0,0,23,,0.0,0.0,0.0,1.0,0.0,0.0,0.0,0.0,0.0,0.0,0.0,0.0,0.0,0.0,0.0,0.0,0.0,0.0,0.0,0.0,0.0,0.0,0.0,0.0
OLSEN WINGS A/S,"Århusvej 52, 8300 Odder",Odder,01.01.2008,22.0,Lille,Aktieselskab,30563328,667.0,21252000.0,DKK,2024.0,0,0,23,,0.0,0.0,0.0,0.0,0.0,0.0,1.0,0.0,0.0,0.0,0.0,0.0,0.0,0.0,0.0,0.0,0.0,0.0,0.0,0.0,0.0,0.0,0.0,0.0
Dansk Mobil Beton Borup A/S,"Bækgårdsvej 78, 4140 Borup",Køge,24.01.2017,12.0,Lille,Aktieselskab,38380354,500.0,4494000.0,DKK,2024.0,0,0,23,,0.0,0.0,0.0,0.0,0.0,1.0,0.0,0.0,0.0,0.0,0.0,0.0,0.0,0.0,0.0,0.0,0.0,0.0,0.0,0.0,0.0,0.0,0.0,0.0
ANLOSK ApS,"Nordre Fasanvej 150 A st, 2000 Frederiksberg",Frederiksberg,13.06.2021,Ikke oplyst,Ikke oplyst,Anpartsselskab,42460036,40.0,16000.0,DKK,2023.0,0,0,23,,0.0,0.0,1.0,0.0,0.0,0.0,0.0,0.0,0.0,0.0,0.0,0.0,0.0,0.0,0.0,0.0,0.0,0.0,0.0,0.0,0.0,0.0,0.0,0.0
LASER TECH SERVICES A/S,"Sneppevang 3, 3450 Allerød",Allerød,17.12.2004,12.0,Lille,Aktieselskab,28321392,1.0,6604000.0,DKK,2024.0,0,0,23,,0.0,0.0,0.0,0.0,0.0,0.0,0.0,0.0,0.0,0.0,0.0,0.0,1.0,0.0,0.0,0.0,0.0,0.0,0.0,0.0,0.0,0.0,0.0,0.0
Lumon Danmark ApS,"Brogade 22 st, 4600 Køge",Køge,20.02.2017,1.0,Mikro,Anpartsselskab,38438395,370.0,1046000.0,DKK,2023.0,0,0,23,,0.0,0.0,0.0,0.0,0.0,0.0,0.0,0.0,0.0,0.0,0.0,0.0,0.0,0.0,0.0,0.0,0.0,0.0,0.0,0.0,1.0,0.0,0.0,0.0
HAJSD ApS,"Engsvinget 17, 3250 Gilleleje",Gribskov,01.08.2016,2.0,Mikro,Anpartsselskab,37908215,50.0,2124000.0,DKK,2024.0,0,0,23,,0.0,0.0,1.0,0.0,0.0,0.0,0.0,0.0,0.0,0.0,0.0,0.0,0.0,0.0,0.0,0.0,0.0,0.0,0.0,0.0,0.0,0.0,0.0,0.0
FLEX TRIM A/S,"Hedeparken 3, 7870 Roslev",Skive,07.06.1999,22.0,Lille,Aktieselskab,24210944,500.0,20961000.0,DKK,2023.0,0,0,23,,0.0,0.0,0.0,0.0,0.0,0.0,0.0,0.0,0.0,0.0,0.0,0.0,0.0,0.0,0.0,0.0,0.0,0.0,0.0,0.0,0.0,1.0,0.0,0.0
Houen og Nielsen ApS,"Ilbro Byvej 177, 9800 Hjørring",Hjørring,19.03.2021,Ikke oplyst,Ikke oplyst,Anpartsselskab,42257249,40.0,,nan,2023.0,0,0,23,,0.0,0.0,0.0,0.0,0.0,0.0,0.0,0.0,1.0,0.0,0.0,0.0,0.0,0.0,0.0,0.0,0.0,0.0,0.0,0.0,0.0,0.0,0.0,0.0
Ny-Emalje ApS,"Frederikssundsvej 74 D 2 th, 2400 København NV",København,20.09.2018,1.0,Mikro,Anpartsselskab,39886863,50.0,426000.0,DKK,2023.0,0,0,23,,0.0,0.0,0.0,0.0,0.0,0.0,0.0,0.0,0.0,0.0,0.0,0.0,0.0,0.0,0.0,0.0,1.0,0.0,0.0,0.0,0.0,0.0,0.0,0.0
STENHUGGEREN ÅLBORG ApS,"Anker Engelunds Vej 13, 9200 Aalborg SV",Aalborg,01.01.2004,3.0,Mikro,Anpartsselskab,27505422,126.0,1265000.0,DKK,2024.0,0,0,23,,0.0,0.0,0.0,0.0,0.0,0.0,0.0,0.0,0.0,0.0,0.0,0.0,0.0,0.0,0.0,0.0,0.0,0.0,1.0,0.0,0.0,0.0,0.0,0.0
VEJLE KALK- OG MØRTELVÆRK A/S,"Godthåbsvej 13, 7100 Vejle",Vejle,16.10.1999,17.0,Lille,Aktieselskab,24249158,5.0,14550000.0,DKK,2024.0,0,0,23,,0.0,0.0,0.0,0.0,0.0,0.0,0.0,0.0,0.0,0.0,0.0,0.0,0.0,0.0,0.0,0.0,0.0,0.0,0.0,1.0,0.0,0.0,0.0,0.0
SDR. HOSTRUP CEMENTSTØBERI ApS,"Flensborgvej 397, 6200 Aabenraa",Aabenraa,25.06.2010,Ikke oplyst,Ikke oplyst,Anpartsselskab,33045816,80.0,0.0,DKK,2024.0,0,0,23,,0.0,0.0,0.0,1.0,0.0,0.0,0.0,0.0,0.0,0.0,0.0,0.0,0.0,0.0,0.0,0.0,0.0,0.0,0.0,0.0,0.0,0.0,0.0,0.0
WALBER EQUESTRIAN ApS,"Låsbyvej 149 B, 8660 Skanderborg",Skanderborg,19.07.2006,8.0,Mikro,Anpartsselskab,29692637,125.0,3279000.0,DKK,2024.0,0,0,23,,0.0,0.0,0.0,0.0,0.0,0.0,0.0,0.0,0.0,0.0,0.0,0.0,0.0,0.0,0.0,1.0,0.0,0.0,0.0,0.0,0.0,0.0,0.0,0.0
Stenhuggeren.dk ApS,"Spang 11, 6400 Sønderborg",Sønderborg,12.08.2015,2.0,Mikro,Anpartsselskab,36986026,50.0,519000.0,DKK,2024.0,0,0,23,,0.0,0.0,0.0,0.0,0.0,0.0,0.0,0.0,0.0,0.0,0.0,0.0,0.0,0.0,0.0,0.0,0.0,0.0,1.0,0.0,0.0,0.0,0.0,0.0
VM Mørtel A/S,"Sdr Vråvej 121, 9760 Vrå",Hjørring,22.11.2019,6.0,Mikro,Aktieselskab,40979409,500.0,5382000.0,DKK,2023.0,0,0,23,,0.0,0.0,0.0,0.0,0.0,1.0,0.0,0.0,0.0,0.0,0.0,0.0,0.0,0.0,0.0,0.0,0.0,0.0,0.0,0.0,0.0,0.0,0.0,0.0
Optisk Værksted ApS,"Blokken 88, 3460 Birkerød",Rudersdal,01.10.2018,1.0,Mikro,Anpartsselskab,39930420,40.0,8000.0,DKK,2024.0,0,0,23,1.0,0.0,0.0,0.0,0.0,0.0,0.0,0.0,0.0,0.0,0.0,0.0,0.0,0.0,0.0,0.0,0.0,0.0,0.0,0.0,0.0,0.0,0.0,0.0,0.0
JWH & SØNNER ApS,"Ellegårdsvænge 16, 2820 Gentofte",Gentofte,02.02.1999,Ikke oplyst,Ikke oplyst,Anpartsselskab,21471496,125.0,1728000.0,DKK,2024.0,0,0,23,,0.0,0.0,0.0,0.0,0.0,0.0,0.0,0.0,0.0,0.0,0.0,0.0,0.0,0.0,0.0,0.0,0.0,0.0,0.0,0.0,0.0,0.0,1.0,0.0
UNICON A/S,"Ulvehavevej 61, 7100 Vejle",Vejle,20.12.1960,398.0,Stor,Aktieselskab,16064939,150.0,413382000.0,DKK,2023.0,0,0,23,,0.0,0.0,0.0,1.0,0.0,1.0,0.0,0.0,0.0,0.0,0.0,0.0,0.0,0.0,0.0,0.0,0.0,0.0,0.0,1.0,0.0,0.0,0.0,0.0
Art Glass Copenhagen ApS,"Rørholmsgade 21 kl th, 1352 København K",København,14.11.2016,1.0,Mikro,Anpartsselskab,38206818,50.0,1151000.0,DKK,2023.0,0,0,23,,0.0,1.0,0.0,0.0,0.0,0.0,0.0,0.0,0.0,0.0,0.0,0.0,0.0,0.0,0.0,0.0,0.0,0.0,0.0,0.0,0.0,0.0,0.0,0.0
K H Würtz ApS,"Kirkebakken 41, 8700 Horsens",Horsens,24.06.2019,10.0,Lille,Anpartsselskab,40610324,50.0,3481000.0,DKK,2023.0,0,0,23,,0.0,0.0,1.0,0.0,0.0,0.0,0.0,0.0,0.0,0.0,0.0,0.0,0.0,0.0,0.0,0.0,0.0,0.0,0.0,0.0,0.0,0.0,0.0,0.0
XSTONE ApS,"Rosenlunden 4, 9000 Aalborg",Aalborg,10.09.2013,Ikke oplyst,Ikke oplyst,Anpartsselskab,35474358,80.0,37000.0,DKK,2023.0,0,0,23,,0.0,0.0,0.0,0.0,0.0,0.0,0.0,0.0,0.0,0.0,0.0,0.0,0.0,0.0,0.0,0.0,1.0,0.0,0.0,0.0,0.0,0.0,0.0,0.0
Replate ApS,"Hermann Justvej 5, 3400 Hillerød",Hillerød,09.03.2016,Ikke oplyst,Ikke oplyst,Anpartsselskab,37540803,50.0,-6000.0,DKK,2024.0,0,0,23,,0.0,0.0,0.0,0.0,0.0,0.0,0.0,0.0,0.0,0.0,0.0,0.0,0.0,0.0,0.0,1.0,0.0,0.0,0.0,0.0,0.0,0.0,0.0,0.0
POMM ApS,"Mejsevej 16, 7430 Ikast",Ikast-Brande,15.11.1999,Ikke oplyst,Ikke oplyst,Anpartsselskab,25059018,221.0,-21000.0,DKK,2023.0,0,0,23,,0.0,0.0,0.0,0.0,0.0,0.0,0.0,0.0,1.0,0.0,0.0,0.0,0.0,0.0,0.0,0.0,0.0,0.0,0.0,0.0,0.0,0.0,0.0,0.0
Sydkystens Diamantboring ApS,"Dyssevej 55, 4683 Rønnede",Faxe,11.03.2015,6.0,Mikro,Anpartsselskab,36562099,50.0,2128000.0,DKK,2024.0,0,0,23,,0.0,0.0,0.0,0.0,0.0,0.0,0.0,0.0,0.0,0.0,0.0,0.0,0.0,0.0,0.0,0.0,0.0,0.0,1.0,0.0,0.0,0.0,0.0,0.0
BORDING BELLOWS A/S,"Brovadvej 1, 7000 Fredericia",Fredericia,01.07.1981,17.0,Lille,Aktieselskab,67170911,600.0,4819000.0,DKK,2024.0,0,0,23,,0.0,0.0,0.0,0.0,0.0,0.0,1.0,0.0,0.0,0.0,0.0,0.0,0.0,0.0,0.0,0.0,0.0,0.0,0.0,0.0,0.0,0.0,0.0,0.0
ENC Produktion ApS,"Englandsvej 1, 5700 Svendborg",Svendborg,27.05.2010,10.0,Lille,Anpartsselskab,32938213,80.0,4887000.0,DKK,2024.0,0,0,23,,0.0,0.0,0.0,0.0,0.0,0.0,0.0,0.0,0.0,0.0,0.0,0.0,0.0,0.0,0.0,0.0,0.0,0.0,1.0,0.0,0.0,0.0,0.0,0.0
DRAGON A/S,"C. E. Christiansens Vej 46, 4930 Maribo",Lolland,19.04.2007,10.0,Lille,Aktieselskab,30503910,510.0,918000.0,DKK,2023.0,0,0,23,,0.0,0.0,0.0,0.0,0.0,0.0,0.0,0.0,0.0,0.0,0.0,0.0,0.0,0.0,0.0,0.0,0.0,0.0,0.0,0.0,0.0,1.0,0.0,0.0
NIELS JUEL PEDERSEN A/S,"Transportbuen 13, 4700 Næstved",Næstved,30.12.1975,17.0,Lille,Aktieselskab,31991218,625.0,8513000.0,DKK,2023.0,0,0,23,,0.0,0.0,0.0,0.0,0.0,0.0,0.0,0.0,0.0,0.0,0.0,0.0,0.0,1.0,0.0,0.0,0.0,0.0,0.0,0.0,0.0,0.0,0.0,0.0
BORDERSTONE A/S,"Oldenvej 4, 3490 Kvistgård",Helsingør,05.07.2004,27.0,Lille,Aktieselskab,27970931,500.0,16989000.0,DKK,2023.0,0,0,23,,0.0,0.0,0.0,0.0,0.0,0.0,0.0,0.0,0.0,0.0,0.0,0.0,0.0,0.0,0.0,0.0,0.0,0.0,1.0,0.0,0.0,0.0,0.0,0.0
HEDENSTED BETONVAREFABRIK ApS,"Tårup Strandpark 83, 5300 Kerteminde",Kerteminde,28.06.2006,Ikke oplyst,Ikke oplyst,Anpartsselskab,29769141,125.0,-5000.0,DKK,2023.0,0,0,23,,0.0,0.0,0.0,1.0,0.0,0.0,0.0,0.0,0.0,0.0,0.0,0.0,0.0,0.0,0.0,0.0,0.0,0.0,0.0,0.0,0.0,0.0,0.0,0.0
Scandinavian Advanced Ceramics ApS,"Baundalsvej 2, 3200 Helsinge",Gribskov,02.02.2023,Ikke oplyst,Ikke oplyst,Anpartsselskab,43831488,40.0,-4000.0,DKK,2023.0,0,0,23,,0.0,0.0,0.0,0.0,0.0,0.0,0.0,0.0,0.0,0.0,0.0,0.0,0.0,0.0,0.0,0.0,0.0,0.0,0.0,0.0,0.0,0.0,1.0,0.0
GANDRUP ELEMENT A/S,"Teglværksvej 35, 9362 Gandrup",Aalborg,28.02.1990,84.0,Mellemstor,Aktieselskab,13972648,500.0,86982000.0,DKK,2023.0,0,0,23,,0.0,0.0,0.0,1.0,0.0,0.0,0.0,0.0,0.0,0.0,0.0,0.0,0.0,0.0,0.0,0.0,0.0,0.0,0.0,0.0,0.0,0.0,0.0,0.0
DSG Industri A/S,"Langkær 6, 6100 Haderslev",Haderslev,30.04.2018,30.0,Lille,Aktieselskab,39528738,500.0,16429000.0,DKK,2024.0,0,0,23,,0.0,0.0,0.0,0.0,0.0,0.0,0.0,0.0,0.0,0.0,0.0,0.0,0.0,1.0,0.0,0.0,0.0,0.0,0.0,0.0,0.0,0.0,0.0,0.0
FIBERLINE COMPOSITES A/S,"Barmstedt Alle 5, 5500 Middelfart",Middelfart,01.11.1989,136.0,Mellemstor,Aktieselskab,13639108,1.41,40196000.0,DKK,2023.0,0,0,23,,0.0,0.0,0.0,0.0,0.0,0.0,0.0,0.0,0.0,0.0,0.0,0.0,0.0,0.0,0.0,1.0,0.0,0.0,0.0,0.0,0.0,0.0,0.0,0.0
POUL HANSEN Import A/S,"Industriholmen 21, 2650 Hvidovre",Hvidovre,20.05.1994,Ikke oplyst,Ikke oplyst,Aktieselskab,17838636,600.0,-181000.0,DKK,2023.0,0,0,23,,0.0,0.0,0.0,0.0,0.0,0.0,0.0,0.0,0.0,0.0,0.0,0.0,0.0,0.0,0.0,0.0,0.0,0.0,1.0,0.0,0.0,0.0,0.0,0.0
Navwis Management ApS,"Nordvangen 28, 7173 Vonge",Vejle,10.12.2010,1.0,Mikro,Anpartsselskab,33362773,80.0,425000.0,DKK,2023.0,0,0,23,,0.0,0.0,1.0,0.0,0.0,0.0,0.0,0.0,0.0,0.0,0.0,0.0,0.0,0.0,0.0,0.0,0.0,0.0,0.0,0.0,0.0,0.0,0.0,0.0
REWAIR A/S,"Falckvænget 1, 4900 Nakskov",Lolland,10.04.2002,1.0,Mikro,Aktieselskab,26580501,500.0,1706000.0,DKK,2023.0,0,0,23,,0.0,0.0,0.0,0.0,0.0,0.0,1.0,0.0,0.0,0.0,0.0,0.0,0.0,0.0,0.0,0.0,0.0,0.0,0.0,0.0,0.0,0.0,0.0,0.0
Leca Danmark A/S,"Randersvej 75, 8940 Randers SV",Randers,01.01.2017,83.0,Mellemstor,Aktieselskab,38317962,510.0,18138000.0,DKK,2023.0,0,0,23,,0.0,0.0,0.0,0.0,0.0,0.0,0.0,0.0,0.0,0.0,0.0,0.0,0.0,0.0,0.0,1.0,0.0,0.0,0.0,0.0,0.0,0.0,0.0,0.0
Stenkjær ApS,"Bjerrevej 211, 8700 Horsens",Horsens,30.05.2018,6.0,Mikro,Anpartsselskab,39615983,60.0,3351000.0,DKK,2024.0,0,0,23,,0.0,0.0,0.0,0.0,0.0,0.0,0.0,0.0,0.0,0.0,0.0,0.0,0.0,0.0,0.0,0.0,0.0,0.0,1.0,0.0,0.0,0.0,0.0,0.0
Bornholms Keramikfabrik ApS,"Gl Rønnevej 17 D, 3730 Nexø",Bornholm,29.01.2019,14.0,Lille,Anpartsselskab,40232435,50.0,3131000.0,DKK,2024.0,0,0,23,,0.0,0.0,1.0,0.0,0.0,0.0,0.0,0.0,0.0,0.0,0.0,0.0,0.0,0.0,0.0,0.0,0.0,0.0,0.0,0.0,0.0,0.0,0.0,0.0
VESTEN HOLDING A/S,"Vandmøllevej 1, 6400 Sønderborg",Sønderborg,07.04.2000,Ikke oplyst,Ikke oplyst,Aktieselskab,25306031,1.0,-63000.0,DKK,2023.0,0,0,23,,0.0,0.0,0.0,0.0,0.0,0.0,0.0,0.0,0.0,0.0,1.0,0.0,0.0,0.0,0.0,0.0,0.0,0.0,0.0,0.0,0.0,0.0,0.0,0.0
RAADVAD STENHUGGERI A/S,"Stæremosen 42, 3250 Gilleleje",Gribskov,23.06.2003,32.0,Lille,Aktieselskab,27411150,400.0,17647000.0,DKK,2024.0,0,0,23,,0.0,0.0,0.0,0.0,0.0,0.0,0.0,0.0,0.0,0.0,0.0,0.0,0.0,0.0,0.0,0.0,0.0,0.0,1.0,0.0,0.0,0.0,0.0,0.0
MARTIN BILLESCHOU ApS,"Kvaglundvej 94, 6705 Esbjerg Ø",Esbjerg,23.12.1975,15.0,Lille,Anpartsselskab,22929518,500.0,6073000.0,DKK,2023.0,0,0,23,,0.0,0.0,0.0,0.0,0.0,0.0,0.0,0.0,0.0,0.0,0.0,0.0,0.0,0.0,0.0,0.0,0.0,0.0,1.0,0.0,0.0,0.0,0.0,0.0
UCOMPOSITES A/S,"Ålborgvej 29, 4793 Bogø By",Vordingborg,01.06.2008,18.0,Lille,Aktieselskab,31498856,728.0,17998000.0,DKK,2023.0,0,0,23,,0.0,0.0,0.0,0.0,0.0,0.0,1.0,0.0,0.0,0.0,0.0,0.0,0.0,0.0,0.0,0.0,0.0,0.0,0.0,0.0,0.0,0.0,0.0,0.0
LIEBE ApS,"Bülowsvej 2, 1870 Frederiksberg C",Frederiksberg,28.11.2014,1.0,Mikro,Anpartsselskab,36447702,50.0,404000.0,DKK,2023.0,0,0,23,,0.0,0.0,1.0,0.0,0.0,0.0,0.0,0.0,0.0,0.0,0.0,0.0,0.0,0.0,0.0,0.0,0.0,0.0,0.0,0.0,0.0,0.0,0.0,0.0
DANSK ISOLER GLAS ApS,"Omøgade 16-18, 2100 København Ø",København,09.12.1955,Ikke oplyst,Ikke oplyst,Anpartsselskab,55163014,400.0,390000.0,DKK,2024.0,0,0,23,,0.0,0.0,0.0,0.0,0.0,0.0,0.0,0.0,0.0,0.0,0.0,0.0,0.0,1.0,0.0,0.0,0.0,0.0,0.0,0.0,0.0,0.0,0.0,0.0
BRDR Bergmann ApS,"Damhusvænget 18, 2990 Nivå",Fredensborg,08.04.2019,7.0,Mikro,Anpartsselskab,40427430,40.0,4082000.0,DKK,2023.0,0,0,23,,0.0,0.0,0.0,0.0,0.0,0.0,0.0,0.0,0.0,0.0,0.0,0.0,0.0,0.0,0.0,0.0,0.0,0.0,1.0,0.0,0.0,0.0,0.0,0.0
VEERST MØRTELVÆRK ApS,"Lykkegårdsvej 7, 6600 Vejen",Vejen,02.03.1983,4.0,Mikro,Anpartsselskab,73190428,125.0,847000.0,DKK,2023.0,0,0,23,,0.0,0.0,0.0,0.0,0.0,0.0,0.0,0.0,0.0,0.0,0.0,0.0,0.0,0.0,0.0,0.0,0.0,0.0,0.0,1.0,0.0,0.0,0.0,0.0
MADE A MANO ApS,"Sturlasgade 14 D, 2300 København S",København,18.03.2005,4.0,Mikro,Anpartsselskab,28514182,130.0,3054000.0,DKK,2023.0,0,0,23,,0.0,0.0,0.0,0.0,0.0,0.0,0.0,1.0,0.0,0.0,0.0,0.0,0.0,0.0,0.0,0.0,0.0,0.0,0.0,0.0,0.0,0.0,0.0,0.0
SAINT-GOBAIN Denmark A/S,"Robert Jacobsens Vej 62 A, 2300 København S",København,09.03.1939,401.0,Stor,Aktieselskab,59983016,140.38,104984000.0,DKK,2023.0,0,0,23,,0.0,0.0,0.0,0.0,0.0,0.0,1.0,0.0,0.0,0.0,0.0,0.0,0.0,0.0,0.0,1.0,0.0,0.0,0.0,1.0,0.0,0.0,0.0,0.0
LÆSØ BYG & ENTREPRENØR ApS,"Søndergårdsvej 12, 9940 Læsø",Læsø,06.08.2013,8.0,Mikro,Anpartsselskab,35409270,80.0,6074000.0,DKK,2023.0,0,0,23,,0.0,0.0,0.0,0.0,0.0,0.0,0.0,0.0,0.0,0.0,0.0,0.0,0.0,0.0,0.0,0.0,0.0,0.0,1.0,0.0,0.0,0.0,0.0,0.0
LiqTech Ceramics A/S,"Industriparken 22 C, 2750 Ballerup",Ballerup,20.12.2019,35.0,Lille,Aktieselskab,41038071,5.0,13252000.0,DKK,2023.0,0,0,23,,0.0,0.0,0.0,0.0,0.0,0.0,0.0,0.0,0.0,0.0,0.0,0.0,0.0,0.0,0.0,0.0,0.0,0.0,0.0,0.0,0.0,0.0,1.0,0.0
KROGHS A/S,"Klim Strandvej 284, 9690 Fjerritslev",Jammerbugt,24.01.1966,22.0,Lille,Aktieselskab,45571513,1.694,22117000.0,DKK,2023.0,0,0,23,,0.0,0.0,0.0,0.0,0.0,0.0,0.0,0.0,0.0,0.0,0.0,0.0,0.0,0.0,1.0,0.0,0.0,0.0,0.0,0.0,0.0,0.0,0.0,0.0
Peab Asfalt A/S,"Nørreskov Bakke 1, 8600 Silkeborg",Silkeborg,01.01.1995,351.0,Stor,Aktieselskab,18298503,92.75,88029000.0,DKK,2023.0,0,0,23,,0.0,0.0,0.0,0.0,0.0,0.0,1.0,0.0,0.0,1.0,0.0,0.0,0.0,0.0,0.0,0.0,0.0,0.0,0.0,0.0,0.0,0.0,0.0,0.0
Den Bette Stenhugger ApS,"Volsted Bygade 23, 9530 Støvring",Rebild,27.09.2016,Ikke oplyst,Ikke oplyst,Anpartsselskab,38039318,40.0,390000.0,DKK,2023.0,0,0,23,,0.0,0.0,0.0,0.0,0.0,0.0,0.0,0.0,0.0,0.0,0.0,0.0,0.0,0.0,0.0,0.0,0.0,0.0,1.0,0.0,0.0,0.0,0.0,0.0
Hampbyg ApS,"Kastrupvej 5, 8960 Randers SØ",Randers,07.03.2019,2.0,Mikro,Anpartsselskab,40325182,40.0,-71000.0,DKK,2023.0,0,0,23,,0.0,0.0,0.0,0.0,0.0,0.0,0.0,0.0,0.0,0.0,0.0,0.0,0.0,0.0,0.0,0.0,0.0,0.0,0.0,0.0,0.0,0.0,0.0,1.0
CARSTEN BENDIX PEDERSEN ApS,"Ringstedvej 174 A, 4300 Holbæk",Holbæk,26.03.2013,7.0,Mikro,Anpartsselskab,32317979,80.0,4522000.0,DKK,2023.0,0,0,23,,0.0,0.0,0.0,0.0,0.0,0.0,0.0,0.0,0.0,0.0,0.0,0.0,0.0,0.0,0.0,0.0,0.0,0.0,1.0,0.0,0.0,0.0,0.0,0.0
ROCKWOOL Danmark A/S,"Hovedgaden 501, 2640 Hedehusene",Høje-Taastrup,15.08.1941,555.0,Stor,Aktieselskab,42391719,457.458,412219000.0,DKK,2023.0,1,0,23,,0.0,0.0,0.0,0.0,0.0,0.0,0.0,0.0,0.0,0.0,0.0,0.0,0.0,0.0,0.0,1.0,0.0,0.0,0.0,0.0,0.0,0.0,0.0,0.0
ROSKILDE STENHUGGERI ApS,"Kong Valdemars Vej 3, 4000 Roskilde",Roskilde,26.06.2009,2.0,Mikro,Anpartsselskab,32275117,125.0,1303000.0,DKK,2023.0,0,0,23,,0.0,0.0,0.0,0.0,0.0,0.0,0.0,0.0,0.0,0.0,0.0,0.0,0.0,0.0,0.0,0.0,0.0,0.0,1.0,0.0,0.0,0.0,0.0,0.0
E. NIELSENS MEKANISKE STENHUGGERI A/S,"Industriholmen 21, 2650 Hvidovre",Hvidovre,25.10.1994,19.0,Lille,Aktieselskab,18105632,700.0,18344000.0,DKK,2023.0,0,0,23,,0.0,0.0,0.0,0.0,0.0,0.0,0.0,0.0,0.0,0.0,0.0,0.0,0.0,0.0,0.0,0.0,0.0,0.0,1.0,0.0,0.0,0.0,0.0,0.0
VINDFAST ApS,"Erhvervsparken 22, 7160 Tørring",Hedensted,26.11.2007,14.0,Lille,Anpartsselskab,31073278,126.0,22418000.0,DKK,2023.0,0,0,23,,0.0,0.0,0.0,1.0,0.0,0.0,0.0,0.0,0.0,0.0,0.0,0.0,0.0,0.0,0.0,0.0,0.0,0.0,0.0,0.0,0.0,0.0,0.0,0.0
NORDIC WATERPROOFING A/S,"Vester Alle 1 A, 6600 Vejen",Vejen,13.11.2000,111.0,Mellemstor,Aktieselskab,25711785,8.0,174447000.0,DKK,2023.0,0,0,23,,0.0,0.0,0.0,0.0,0.0,0.0,0.0,0.0,0.0,1.0,0.0,0.0,0.0,0.0,0.0,0.0,0.0,0.0,0.0,0.0,0.0,0.0,0.0,0.0
THISTED-FJERRITSLEV CEMENTVAREFABRIK A/S,"Stevnsvej 17, 7700 Thisted",Thisted,22.05.1975,178.0,Mellemstor,Aktieselskab,40749314,4.0,136577000.0,DKK,2023.0,0,0,23,,0.0,0.0,0.0,1.0,0.0,1.0,0.0,0.0,0.0,0.0,0.0,0.0,0.0,0.0,0.0,0.0,0.0,0.0,0.0,0.0,0.0,0.0,0.0,0.0
KØGE STENHUGGERI ApS,"Glentevej 39, 4600 Køge",Køge,01.01.1999,3.0,Mikro,Anpartsselskab,21382248,125.0,3430000.0,DKK,2024.0,0,0,23,,0.0,0.0,0.0,0.0,0.0,0.0,0.0,0.0,0.0,0.0,0.0,0.0,0.0,0.0,0.0,0.0,0.0,0.0,1.0,0.0,0.0,0.0,0.0,0.0
A/S GRAASTEN TEGLVÆRK,"Teglværksvej 14, 6300 Gråsten",Sønderborg,15.11.1963,13.0,Lille,Aktieselskab,40294619,6.178,15426000.0,DKK,2023.0,0,0,23,,1.0,0.0,0.0,0.0,0.0,0.0,0.0,0.0,0.0,0.0,1.0,0.0,0.0,0.0,0.0,0.0,0.0,0.0,0.0,0.0,0.0,0.0,0.0,0.0
Københavns Fliser & Natursten ApS,"Strandvejen 142 A st, 2900 Hellerup",Gentofte,16.06.2020,1.0,Mikro,Anpartsselskab,41436131,41.0,-3000.0,DKK,2023.0,0,0,23,,0.0,0.0,0.0,0.0,0.0,0.0,0.0,0.0,0.0,0.0,0.0,0.0,0.0,0.0,0.0,0.0,0.0,0.0,1.0,0.0,0.0,0.0,0.0,0.0
Uldall Design ApS,"Højderyggen 13, 7120 Vejle Øst",Vejle,21.08.2019,Ikke oplyst,Ikke oplyst,Anpartsselskab,40731822,40.0,,nan,2023.0,0,0,23,,0.0,0.0,1.0,0.0,0.0,0.0,0.0,0.0,0.0,0.0,0.0,0.0,0.0,0.0,0.0,0.0,0.0,0.0,0.0,0.0,0.0,0.0,0.0,0.0
WEWERS MØRTEL A/S,"Ny Mårumvej 222, 3230 Græsted",Gribskov,06.07.2005,13.0,Lille,Aktieselskab,28893949,1.0,7849000.0,DKK,2023.0,0,0,23,,0.0,0.0,0.0,0.0,0.0,0.0,0.0,0.0,0.0,0.0,0.0,0.0,0.0,0.0,0.0,0.0,0.0,0.0,0.0,1.0,0.0,0.0,0.0,0.0
Heidelberg Materials Beton Danmark A/S,"Fredensvej 40, 4100 Ringsted",Ringsted,29.11.2005,124.0,Mellemstor,Aktieselskab,29189137,43.83,118199000.0,DKK,2023.0,0,0,23,,0.0,0.0,0.0,0.0,0.0,1.0,0.0,0.0,0.0,0.0,0.0,0.0,0.0,0.0,0.0,0.0,0.0,0.0,0.0,0.0,0.0,0.0,0.0,0.0
VK. BETON OG BYGGEMARKED A/S,"Herningvej 47, 6950 Ringkøbing",Ringkøbing-Skjern,02.03.1981,21.0,Lille,Aktieselskab,81623813,500.0,13124000.0,DKK,2024.0,0,0,23,,0.0,0.0,0.0,1.0,0.0,1.0,0.0,0.0,0.0,0.0,0.0,0.0,0.0,0.0,0.0,0.0,0.0,0.0,0.0,0.0,0.0,0.0,0.0,0.0
DS ELCOBYG A/S,"Hadsundvej 8, 9500 Hobro",Mariagerfjord,30.12.1971,230.0,Mellemstor,Aktieselskab,35982310,5.0,148452000.0,DKK,2024.0,0,0,23,,0.0,0.0,0.0,1.0,0.0,0.0,0.0,0.0,0.0,0.0,0.0,0.0,0.0,0.0,0.0,0.0,0.0,0.0,0.0,0.0,0.0,0.0,0.0,0.0
Velleruplund ApS,"Nordvejen 12, 4050 Skibby",Frederikssund,22.08.2022,Ikke oplyst,Ikke oplyst,Anpartsselskab,43461028,40.0,-9000.0,DKK,2023.0,0,0,23,,0.0,0.0,0.0,0.0,0.0,0.0,0.0,0.0,1.0,0.0,0.0,0.0,0.0,0.0,0.0,0.0,0.0,0.0,0.0,0.0,0.0,0.0,0.0,0.0
Dewdrop Tiles ApS,"Søndre Alle 31, 3700 Rønne",Bornholm,12.08.2020,Ikke oplyst,Ikke oplyst,Anpartsselskab,41582847,40.0,-42000.0,DKK,2023.0,0,0,23,,0.0,0.0,0.0,0.0,0.0,0.0,0.0,1.0,0.0,0.0,0.0,0.0,0.0,0.0,0.0,0.0,0.0,0.0,0.0,0.0,0.0,0.0,0.0,0.0
A/S ØSTBIRK BYGNINGSINDUSTRI,"Ryvej 21, 8752 Østbirk",Horsens,30.10.1950,514.0,Stor,Aktieselskab,45557219,10.1,311595000.0,DKK,2023.0,1,1,23,,0.0,0.0,0.0,0.0,0.0,0.0,1.0,0.0,0.0,0.0,0.0,0.0,0.0,1.0,0.0,0.0,0.0,0.0,0.0,0.0,0.0,0.0,0.0,0.0
SNOGEBÆK GLASHYTTE ApS,"Hovedgade 4, 3730 Nexø",Bornholm,01.07.1998,Ikke oplyst,Ikke oplyst,Anpartsselskab,21170232,125.0,435000.0,DKK,2023.0,0,0,23,,0.0,1.0,0.0,0.0,0.0,0.0,0.0,0.0,0.0,0.0,0.0,0.0,0.0,0.0,0.0,0.0,0.0,0.0,0.0,0.0,0.0,0.0,0.0,0.0
ARKIL A/S,"Søndergård Alle 4, 6500 Vojens",Haderslev,30.04.1991,1501.0,Stor,Aktieselskab,15070544,33.0,260523000.0,DKK,2023.0,0,0,23,,0.0,0.0,0.0,0.0,0.0,0.0,0.0,0.0,0.0,1.0,0.0,0.0,0.0,0.0,0.0,0.0,0.0,0.0,0.0,0.0,0.0,0.0,0.0,0.0
thomas praefab Østervrå A/S,"Høngårdsvej 30, 9750 Østervrå",Frederikshavn,01.01.1996,43.0,Lille,Aktieselskab,19056090,500.0,46092000.0,DKK,2023.0,0,0,23,,0.0,0.0,0.0,1.0,0.0,0.0,0.0,0.0,0.0,0.0,0.0,0.0,0.0,0.0,0.0,0.0,0.0,0.0,0.0,0.0,0.0,0.0,0.0,0.0
Simport Nordic ApS,"Sterkelsvej 22, 4700 Næstved",Næstved,19.01.2022,1.0,Mikro,Anpartsselskab,42992844,40.0,206000.0,DKK,2024.0,0,0,23,,0.0,0.0,0.0,0.0,0.0,0.0,0.0,0.0,0.0,0.0,0.0,0.0,0.0,0.0,0.0,1.0,0.0,0.0,0.0,0.0,0.0,0.0,0.0,0.0
Copenhagenglass ApS,"Toldbodgade 4, 1253 København K",København,20.06.2017,2.0,Mikro,Anpartsselskab,38766309,50.0,512000.0,DKK,2023.0,0,0,23,,0.0,1.0,0.0,0.0,0.0,0.0,0.0,0.0,0.0,0.0,0.0,0.0,0.0,0.0,0.0,0.0,0.0,0.0,0.0,0.0,0.0,0.0,0.0,0.0
VAN WEBBER DESIGN ApS,"Taastrup Hovedgade 22, 2630 Taastrup",Høje-Taastrup,29.06.2009,2.0,Mikro,Anpartsselskab,32277950,125.0,542000.0,DKK,2023.0,0,0,23,,1.0,0.0,0.0,0.0,0.0,0.0,0.0,0.0,0.0,0.0,0.0,0.0,0.0,0.0,0.0,0.0,0.0,0.0,0.0,0.0,0.0,0.0,0.0,0.0
Flow Keramik ApS,"Vesterbrogade 110 kl 1, 1620 København V",København,17.08.2022,Ikke oplyst,Ikke oplyst,Anpartsselskab,43453270,40.0,48000.0,DKK,2023.0,0,0,23,,0.0,0.0,1.0,0.0,0.0,0.0,0.0,0.0,0.0,0.0,0.0,0.0,0.0,0.0,0.0,0.0,0.0,0.0,0.0,0.0,0.0,0.0,0.0,0.0
VILS TEGLOVERLIGGERE A/S,"Næssundvej 171, 7980 Vils",Morsø,10.12.2003,12.0,Lille,Aktieselskab,27519881,500.0,4749000.0,DKK,2023.0,0,0,23,,0.0,0.0,0.0,1.0,0.0,0.0,0.0,0.0,0.0,0.0,0.0,0.0,0.0,0.0,0.0,0.0,0.0,0.0,0.0,0.0,0.0,0.0,0.0,0.0
YMZ ApS,"Elbækvej 43, 8700 Horsens",Horsens,02.07.2009,Ikke oplyst,Ikke oplyst,Anpartsselskab,32291015,125.0,-28000.0,DKK,2024.0,0,0,23,,0.0,0.0,1.0,0.0,0.0,0.0,0.0,0.0,0.0,0.0,0.0,0.0,0.0,0.0,0.0,0.0,0.0,0.0,0.0,0.0,0.0,0.0,0.0,0.0
Heidelberg Materials Precast Denmark A/S,"Mads Clausens Vej 58, 6360 Tinglev",Aabenraa,28.10.2010,358.0,Stor,Aktieselskab,33255047,30.0,258262000.0,DKK,2023.0,0,0,23,,0.0,0.0,0.0,1.0,0.0,0.0,0.0,0.0,0.0,0.0,0.0,0.0,0.0,0.0,0.0,0.0,0.0,0.0,0.0,0.0,0.0,0.0,0.0,0.0
Dolenco Tunnel Systems ApS,"Fredrik Bajers Vej 300, 9220 Aalborg Øst",Aalborg,02.02.2018,2.0,Mikro,Anpartsselskab,39340976,50.0,4058000.0,DKK,2024.0,0,0,23,,0.0,0.0,0.0,0.0,0.0,0.0,0.0,0.0,0.0,0.0,1.0,0.0,0.0,0.0,0.0,0.0,0.0,0.0,0.0,0.0,0.0,0.0,0.0,0.0
S-M Sten ApS,"Maribovej 10, 4990 Sakskøbing",Guldborgsund,22.06.1992,Ikke oplyst,Ikke oplyst,Anpartsselskab,16617202,40.0,127000.0,DKK,2024.0,0,0,23,,0.0,0.0,0.0,0.0,0.0,0.0,0.0,0.0,0.0,0.0,0.0,0.0,0.0,0.0,0.0,0.0,0.0,0.0,1.0,0.0,0.0,0.0,0.0,0.0
RANDERS TEGL A/S,"Mineralvej 4, 9220 Aalborg Øst",Aalborg,01.10.1997,249.0,Mellemstor,Aktieselskab,20400234,9.0,-334000.0,DKK,2023.0,0,0,23,,0.0,0.0,0.0,0.0,0.0,0.0,0.0,0.0,0.0,0.0,1.0,0.0,0.0,0.0,0.0,0.0,0.0,0.0,0.0,0.0,0.0,0.0,0.0,0.0
K.G. HANSEN & SØNNER A/S,"Odinsvej 8, 7200 Grindsted",Billund,22.05.2006,230.0,Mellemstor,Aktieselskab,29603413,10.0,92595000.0,DKK,2023.0,0,0,23,,0.0,0.0,0.0,0.0,0.0,1.0,0.0,0.0,0.0,0.0,0.0,0.0,0.0,0.0,0.0,0.0,0.0,0.0,0.0,0.0,0.0,0.0,0.0,0.0
Knarami ApS,"Smallegade 46 2, 2000 Frederiksberg",Frederiksberg,17.01.2017,1.0,Mikro,Anpartsselskab,38344307,50.0,1196000.0,DKK,2023.0,0,0,23,,0.0,0.0,1.0,0.0,0.0,0.0,0.0,0.0,0.0,0.0,0.0,0.0,0.0,0.0,0.0,0.0,0.0,0.0,0.0,0.0,0.0,0.0,0.0,0.0
Mie Mølgaard ApS,"Raadhusstræde 1 a, 3700 Rønne",Bornholm,01.03.2015,7.0,Mikro,Anpartsselskab,36556935,50.0,430000.0,DKK,2023.0,0,0,23,,0.0,0.0,1.0,0.0,0.0,0.0,0.0,0.0,0.0,0.0,0.0,0.0,0.0,0.0,0.0,0.0,0.0,0.0,0.0,0.0,0.0,0.0,0.0,0.0
Stina Løvgreen Aps,"Sønderengen 130 1, 2870 Dyssegård",Gentofte,21.12.2019,Ikke oplyst,Ikke oplyst,Anpartsselskab,41034289,40.0,496000.0,DKK,2024.0,0,0,23,,0.0,0.0,1.0,0.0,0.0,0.0,0.0,0.0,0.0,0.0,0.0,0.0,0.0,0.0,0.0,0.0,0.0,0.0,0.0,0.0,0.0,0.0,0.0,0.0
Lithomex A/S,"Lervejdal 14 D, 8740 Brædstrup",Horsens,25.01.2016,1.0,Mikro,Aktieselskab,37394874,500.0,1339000.0,DKK,2023.0,0,0,23,,0.0,0.0,0.0,0.0,0.0,0.0,0.0,0.0,0.0,0.0,0.0,0.0,0.0,0.0,0.0,1.0,0.0,0.0,0.0,0.0,0.0,0.0,0.0,0.0
City-Beton ApS,"Baggesensvej 44, 8600 Silkeborg",Silkeborg,02.01.2019,Ikke oplyst,Ikke oplyst,Anpartsselskab,40138048,50.0,105000.0,DKK,2024.0,0,0,23,,0.0,0.0,0.0,1.0,0.0,1.0,0.0,0.0,0.0,0.0,0.0,0.0,0.0,0.0,0.0,0.0,0.0,0.0,0.0,0.0,0.0,0.0,0.0,0.0
KRIEGBAUM ApS,"Dronningborg Boulevard 1, 8930 Randers NØ",Randers,25.06.2007,6.0,Mikro,Anpartsselskab,30550382,125.0,2432000.0,DKK,2023.0,0,0,23,,0.0,0.0,0.0,0.0,0.0,0.0,0.0,0.0,0.0,0.0,0.0,0.0,0.0,0.0,0.0,0.0,0.0,0.0,1.0,0.0,0.0,0.0,0.0,0.0
Nordic Tiles ApS,"Gl Tibberupvej 3 A, 3060 Espergærde",Helsingør,28.09.2023,Ikke oplyst,Ikke oplyst,Anpartsselskab,44354489,40.0,,nan,2023.0,0,0,23,,1.0,0.0,0.0,0.0,0.0,0.0,0.0,0.0,0.0,0.0,0.0,0.0,0.0,0.0,0.0,0.0,0.0,0.0,0.0,0.0,0.0,0.0,0.0,0.0
Wewers Betonproduktion Mårum A/S,"Ny Mårumvej 222, 3230 Græsted",Gribskov,01.07.2006,13.0,Lille,Aktieselskab,28654812,1.1,5150000.0,DKK,2023.0,0,0,23,,0.0,0.0,0.0,1.0,0.0,0.0,0.0,0.0,0.0,0.0,0.0,0.0,0.0,0.0,0.0,0.0,0.0,0.0,0.0,0.0,0.0,0.0,0.0,0.0
Climate Tile ApS,"Heimdalsgade 35 4, 2200 København N",København,04.04.2018,Ikke oplyst,Ikke oplyst,Anpartsselskab,39469332,40.0,-10000.0,DKK,2024.0,0,0,23,,0.0,0.0,0.0,0.0,0.0,0.0,0.0,1.0,0.0,0.0,0.0,0.0,0.0,0.0,0.0,0.0,0.0,0.0,0.0,0.0,0.0,0.0,0.0,0.0
AARHUS CEMENTVAREFABRIK A/S,"Lysholt Alle 4, 7430 Ikast",Ikast-Brande,01.05.1990,14.0,Lille,Aktieselskab,14177299,1.1,12116000.0,DKK,2023.0,0,0,23,,0.0,0.0,0.0,1.0,0.0,0.0,0.0,0.0,1.0,0.0,0.0,0.0,0.0,0.0,0.0,0.0,0.0,0.0,0.0,0.0,0.0,0.0,0.0,0.0
PROFILTEAM APS,"Fynsgade 10 A, 6400 Sønderborg",Sønderborg,10.11.2019,Ikke oplyst,Ikke oplyst,Anpartsselskab,40933182,80.0,-8000.0,DKK,2023.0,0,0,23,,0.0,0.0,0.0,0.0,0.0,0.0,0.0,1.0,0.0,0.0,0.0,0.0,0.0,0.0,0.0,0.0,0.0,0.0,0.0,0.0,0.0,0.0,0.0,0.0
KJELLERUP STENHUGGERI ApS,"Dæmningen 11, 8620 Kjellerup",Silkeborg,13.08.2004,Ikke oplyst,Ikke oplyst,Anpartsselskab,27987273,125.0,626000.0,DKK,2023.0,0,0,23,,0.0,0.0,0.0,0.0,0.0,0.0,0.0,0.0,0.0,0.0,0.0,0.0,0.0,0.0,0.0,0.0,0.0,0.0,1.0,0.0,0.0,0.0,0.0,0.0
Bisted Porcelæn ApS,"Banemarksvej 51, 2605 Brøndby",Brøndby,01.07.2020,Ikke oplyst,Ikke oplyst,Anpartsselskab,41481099,40.0,-19000.0,DKK,2023.0,0,0,23,,0.0,0.0,1.0,0.0,0.0,0.0,0.0,0.0,0.0,0.0,0.0,0.0,0.0,0.0,0.0,0.0,0.0,0.0,0.0,0.0,0.0,0.0,0.0,0.0
Afa Byg ApS,"Symfonivej 17, 2730 Herlev",Herlev,08.04.2022,7.0,Mikro,Anpartsselskab,43190318,40.0,,nan,2023.0,0,0,23,,0.0,0.0,0.0,1.0,0.0,0.0,0.0,0.0,0.0,0.0,0.0,0.0,0.0,0.0,0.0,0.0,0.0,0.0,0.0,0.0,0.0,0.0,0.0,0.0
TOMMERUP KERAMISKE VÆRKSTED ApS,"Skovstrupvej 57, 5690 Tommerup",Assens,20.10.1999,3.0,Mikro,Anpartsselskab,24982564,448.0,2329000.0,DKK,2023.0,0,0,23,,0.0,0.0,1.0,0.0,0.0,0.0,0.0,0.0,0.0,0.0,0.0,0.0,0.0,0.0,0.0,0.0,0.0,0.0,0.0,0.0,0.0,0.0,0.0,0.0
Light By Juul ApS,"Sæddervej 22, 4682 Tureby",Faxe,21.02.2017,1.0,Mikro,Anpartsselskab,38432354,67.0,198000.0,DKK,2024.0,0,0,23,,0.0,0.0,0.0,1.0,0.0,0.0,0.0,0.0,0.0,0.0,0.0,0.0,0.0,0.0,0.0,0.0,0.0,0.0,0.0,0.0,0.0,0.0,0.0,0.0
Egernsund Wienerberger A/S,"H.C. Ørsteds Vej 50 C, 1879 Frederiksberg C",Frederiksberg,01.11.1986,74.0,Mellemstor,Aktieselskab,10502306,11.766,115350000.0,DKK,2023.0,1,0,23,,1.0,0.0,0.0,0.0,0.0,0.0,0.0,0.0,0.0,0.0,1.0,0.0,0.0,0.0,0.0,0.0,0.0,0.0,0.0,0.0,0.0,0.0,0.0,0.0
TS-TEGL A/S,"Ulvehøjvej 5, 8670 Låsby",Skanderborg,25.01.2002,30.0,Lille,Aktieselskab,26434548,500.0,15005000.0,DKK,2023.0,0,0,23,,0.0,0.0,0.0,1.0,0.0,0.0,0.0,0.0,0.0,0.0,0.0,0.0,0.0,0.0,0.0,0.0,0.0,0.0,0.0,0.0,0.0,0.0,0.0,0.0
COLAS DANMARK A/S,"Fabriksparken 40, 2600 Glostrup",Glostrup,14.01.1930,420.0,Stor,Aktieselskab,10246415,20.0,79117000.0,DKK,2023.0,0,0,23,,0.0,0.0,0.0,0.0,0.0,0.0,0.0,0.0,0.0,1.0,0.0,0.0,0.0,0.0,0.0,0.0,0.0,0.0,0.0,0.0,0.0,0.0,0.0,0.0
GLASFIBER DK ApS,"Industriskellet 3, 3540 Lynge",Allerød,30.06.2011,8.0,Mikro,Anpartsselskab,33774729,107.0,1717000.0,DKK,2023.0,0,0,23,,0.0,0.0,0.0,0.0,0.0,0.0,1.0,0.0,0.0,0.0,0.0,0.0,0.0,0.0,0.0,0.0,0.0,0.0,0.0,0.0,0.0,0.0,0.0,0.0
SIKA DANMARK A/S,"Hirsemarken 5, 3520 Farum",Furesø,01.10.1960,76.0,Mellemstor,Aktieselskab,55188114,7.0,89477000.0,DKK,2023.0,1,0,23,,0.0,0.0,0.0,0.0,0.0,0.0,0.0,0.0,0.0,0.0,0.0,0.0,0.0,0.0,1.0,0.0,0.0,0.0,0.0,0.0,0.0,0.0,0.0,0.0
OMYA A/S,"Hærvejen 58 A, 4660 Store Heddinge",Stevns,31.05.1998,9.0,Mikro,Aktieselskab,20882336,28.001,11643000.0,DKK,2023.0,0,0,23,,0.0,0.0,0.0,0.0,0.0,0.0,0.0,0.0,0.0,0.0,0.0,0.0,0.0,0.0,0.0,0.0,0.0,1.0,0.0,0.0,0.0,0.0,0.0,0.0
VITREX MEDICAL A/S,"Vasekær 6-8, 2730 Herlev",Herlev,01.11.1990,66.0,Mellemstor,Aktieselskab,14728732,2.252,28937000.0,DKK,2024.0,1,0,23,1.0,0.0,0.0,0.0,0.0,0.0,0.0,0.0,0.0,0.0,0.0,0.0,0.0,0.0,0.0,0.0,0.0,0.0,0.0,0.0,0.0,0.0,0.0,0.0,0.0
ALFE Invest ApS,"Strandvejen 17, 4944 Fejø",Lolland,01.09.2018,Ikke oplyst,Ikke oplyst,Anpartsselskab,39839075,40.0,82000.0,DKK,2023.0,0,0,23,,0.0,0.0,1.0,0.0,0.0,0.0,0.0,0.0,0.0,0.0,0.0,0.0,0.0,0.0,0.0,0.0,0.0,0.0,0.0,0.0,0.0,0.0,0.0,0.0
A-CONSULT AGRO A/S,"Fabriksvej 8, 7800 Skive",Skive,17.08.2007,34.0,Lille,Aktieselskab,30807464,500.0,28048000.0,DKK,2023.0,0,0,23,,0.0,0.0,0.0,1.0,0.0,0.0,0.0,0.0,0.0,0.0,0.0,0.0,0.0,0.0,0.0,0.0,0.0,0.0,0.0,0.0,0.0,0.0,0.0,0.0
Stone Studio ApS,"Herlev Hovedgade 201 A, 2730 Herlev",Herlev,16.08.2019,7.0,Mikro,Anpartsselskab,40729607,40.0,5393000.0,DKK,2023.0,0,0,23,,0.0,0.0,0.0,0.0,0.0,0.0,0.0,0.0,0.0,0.0,0.0,0.0,0.0,0.0,0.0,0.0,0.0,0.0,1.0,0.0,0.0,0.0,0.0,0.0
ARDAGH GLASS HOLMEGAARD A/S,"Glasværksvej 52, 4684 Holmegaard",Næstved,28.03.1995,346.0,Stor,Aktieselskab,18445042,60.0,19450000.0,DKK,2023.0,1,0,23,,0.0,1.0,0.0,0.0,0.0,0.0,0.0,0.0,0.0,0.0,0.0,0.0,0.0,0.0,0.0,0.0,0.0,0.0,0.0,0.0,0.0,0.0,0.0,0.0
ML Energi ApS,"Overdrevsvej 49, 4640 Faxe",Faxe,01.07.1990,Ikke oplyst,Ikke oplyst,Anpartsselskab,14409645,230.0,-220000.0,DKK,2023.0,0,0,23,,0.0,0.0,0.0,0.0,0.0,0.0,1.0,0.0,0.0,0.0,0.0,0.0,0.0,0.0,0.0,0.0,0.0,0.0,0.0,0.0,0.0,0.0,0.0,0.0
kbhbyg ApS,"Solsortevej 19, 2600 Glostrup",Glostrup,01.04.2015,2.0,Mikro,Anpartsselskab,36703784,40.0,654000.0,DKK,2023.0,0,0,23,,0.0,0.0,0.0,0.0,0.0,0.0,0.0,0.0,0.0,0.0,0.0,0.0,0.0,0.0,0.0,0.0,0.0,0.0,1.0,0.0,0.0,0.0,0.0,0.0
SKAMOL A/S,"Hasselager Centervej 1, 8260 Viby J",Århus,22.04.1922,191.0,Mellemstor,Aktieselskab,41333715,43.095,208879000.0,DKK,2023.0,0,0,23,,0.0,0.0,0.0,0.0,0.0,0.0,0.0,0.0,0.0,0.0,0.0,0.0,0.0,0.0,1.0,1.0,0.0,0.0,0.0,0.0,0.0,0.0,0.0,0.0
TROLDTEKT A/S,"Sletvej 2 A, 8310 Tranbjerg J",Århus,18.12.1935,203.0,Mellemstor,Aktieselskab,45810011,3.6,194819000.0,DKK,2023.0,0,0,23,,0.0,0.0,0.0,0.0,0.0,0.0,0.0,0.0,0.0,0.0,0.0,0.0,0.0,0.0,0.0,0.0,0.0,0.0,0.0,0.0,0.0,0.0,0.0,1.0
BORNHOLM MØRTEL OG TRANSPORT ApS,"Skolekrogen 6, 3740 Svaneke",Bornholm,27.12.1975,3.0,Mikro,Anpartsselskab,56708219,125.0,1762000.0,DKK,2023.0,0,0,23,,0.0,0.0,0.0,0.0,0.0,0.0,0.0,0.0,0.0,0.0,0.0,0.0,0.0,0.0,0.0,0.0,0.0,0.0,0.0,1.0,0.0,0.0,0.0,0.0
NCC Industry A/S,"Vestermøllevej 11, 8380 Trige",Århus,17.07.2002,640.0,Stor,Aktieselskab,26708435,140.0,161806000.0,DKK,2023.0,0,0,23,,0.0,0.0,0.0,0.0,0.0,0.0,0.0,0.0,0.0,1.0,0.0,0.0,0.0,0.0,0.0,0.0,0.0,0.0,0.0,0.0,0.0,0.0,0.0,0.0
FBN Stenhuggeri ApS,"Baldersbuen 21 B, 2640 Hedehusene",Høje-Taastrup,18.08.2017,14.0,Lille,Anpartsselskab,38869248,100.0,11658000.0,DKK,2024.0,0,0,23,,0.0,0.0,0.0,0.0,0.0,0.0,0.0,0.0,0.0,0.0,0.0,0.0,0.0,0.0,0.0,0.0,0.0,0.0,1.0,0.0,0.0,0.0,0.0,0.0
US CONCRETE ApS,"Hjortsvangen 19, 7323 Give",Vejle,17.01.2008,Ikke oplyst,Ikke oplyst,Anpartsselskab,30562577,130.0,,nan,2024.0,0,0,23,,0.0,0.0,0.0,1.0,0.0,0.0,0.0,0.0,0.0,0.0,0.0,0.0,0.0,0.0,0.0,0.0,0.0,0.0,0.0,0.0,0.0,0.0,0.0,0.0
A/S CARL MATZENS TEGLVÆRKER,"Havnevej 44, 6320 Egernsund",Sønderborg,10.09.1962,16.0,Lille,Aktieselskab,42125210,500.0,5060000.0,DKK,2023.0,0,0,23,,0.0,0.0,0.0,0.0,0.0,0.0,0.0,0.0,0.0,0.0,1.0,0.0,0.0,0.0,0.0,0.0,0.0,0.0,0.0,0.0,0.0,0.0,0.0,0.0
PRO BETON ApS,"Sundvej 13, 8832 Skals",Viborg,11.09.2007,1.0,Mikro,Anpartsselskab,30822528,125.0,1570000.0,DKK,2023.0,0,0,23,,0.0,0.0,0.0,1.0,0.0,0.0,0.0,0.0,0.0,0.0,0.0,0.0,0.0,0.0,0.0,0.0,0.0,0.0,0.0,0.0,0.0,0.0,0.0,0.0
Omegnens Stenhuggeri ApS,"Kirkebroen 46, 2650 Hvidovre",Hvidovre,13.11.2017,1.0,Mikro,Anpartsselskab,39080524,50.0,2084000.0,DKK,2023.0,0,0,23,,0.0,0.0,0.0,0.0,0.0,0.0,0.0,0.0,0.0,0.0,0.0,0.0,0.0,0.0,0.0,0.0,0.0,0.0,1.0,0.0,0.0,0.0,0.0,0.0
IBF BioBeton ApS,"Lysholt Alle 4, 7430 Ikast",Ikast-Brande,26.08.2021,6.0,Mikro,Anpartsselskab,42628069,3.0,-4517000.0,DKK,2023.0,0,0,23,,0.0,0.0,0.0,1.0,0.0,0.0,0.0,0.0,0.0,0.0,0.0,0.0,0.0,0.0,0.0,0.0,0.0,0.0,0.0,0.0,0.0,0.0,0.0,0.0
M-L-N Holding ApS,"Brårupgade 18 C, 7800 Skive",Skive,06.10.2015,Ikke oplyst,Ikke oplyst,Anpartsselskab,37154806,50.0,90000.0,DKK,2023.0,0,0,23,,0.0,0.0,0.0,0.0,0.0,0.0,0.0,0.0,0.0,0.0,0.0,0.0,0.0,0.0,0.0,0.0,0.0,0.0,1.0,0.0,0.0,0.0,0.0,0.0
TEGLVÆRKET SJÆLLAND ApS,"Teglværksvej 5, 4750 Lundby",Vordingborg,25.08.2014,Ikke oplyst,Ikke oplyst,Anpartsselskab,36078618,50.0,2154000.0,DKK,2023.0,0,0,23,,0.0,0.0,0.0,0.0,0.0,0.0,0.0,0.0,0.0,0.0,1.0,0.0,0.0,0.0,0.0,0.0,0.0,0.0,0.0,0.0,0.0,0.0,0.0,0.0
JIIN ApS,"Stavsdalvej 13, 3760 Gudhjem",Bornholm,24.01.2019,1.0,Mikro,Anpartsselskab,40198768,40.0,330000.0,DKK,2023.0,0,0,23,,0.0,0.0,1.0,0.0,0.0,0.0,0.0,0.0,0.0,0.0,0.0,0.0,0.0,0.0,0.0,0.0,0.0,0.0,0.0,0.0,0.0,0.0,0.0,0.0
GLASEKSPERTEN A/S,"Sprogøvej 13, 9800 Hjørring",Hjørring,31.05.2007,118.0,Mellemstor,Aktieselskab,30601998,1.0,109235000.0,DKK,2024.0,0,0,23,,0.0,0.0,0.0,0.0,0.0,0.0,0.0,0.0,0.0,0.0,0.0,0.0,0.0,0.0,0.0,0.0,0.0,0.0,0.0,0.0,1.0,0.0,0.0,0.0
HOUSE OF COMPOSITES ApS,"Kærmindevej 2 B, 6580 Vamdrup",Kolding,20.08.2008,4.0,Mikro,Anpartsselskab,31631947,125.0,317000.0,DKK,2023.0,0,0,23,,0.0,0.0,0.0,0.0,0.0,0.0,1.0,0.0,0.0,0.0,0.0,0.0,0.0,0.0,0.0,0.0,0.0,0.0,0.0,0.0,0.0,0.0,0.0,0.0
Øder Sten- og Billedhuggeri ApS,"Amtsvejen 90, 3320 Skævinge",Hillerød,06.03.2014,Ikke oplyst,Ikke oplyst,Anpartsselskab,30716558,125.0,-156000.0,DKK,2023.0,0,0,23,,0.0,0.0,0.0,0.0,0.0,0.0,0.0,0.0,0.0,0.0,0.0,0.0,0.0,0.0,0.0,0.0,0.0,0.0,1.0,0.0,0.0,0.0,0.0,0.0
ConCreate Coating ApS,"Tilst Parkvej 201, 8381 Tilst",Århus,02.02.2021,2.0,Mikro,Anpartsselskab,42080527,40.0,1012000.0,DKK,2023.0,0,0,23,,0.0,0.0,0.0,1.0,0.0,0.0,0.0,0.0,0.0,0.0,0.0,0.0,0.0,0.0,0.0,0.0,0.0,0.0,0.0,0.0,0.0,0.0,0.0,0.0
SEJLSTRUP ENTREPRENØRFORRETNING A/S,"Risgårdsvej 64, 9480 Løkken",Hjørring,01.06.1991,153.0,Mellemstor,Aktieselskab,15179937,510.0,101592000.0,DKK,2023.0,0,0,23,,0.0,0.0,0.0,0.0,0.0,0.0,0.0,0.0,0.0,0.0,0.0,0.0,0.0,0.0,0.0,0.0,0.0,0.0,0.0,1.0,0.0,0.0,0.0,0.0
Schmidt + Sonnichsen ApS,"Rønne Alle 11, 3500 Værløse",Furesø,14.08.2019,Ikke oplyst,Ikke oplyst,Anpartsselskab,40713069,40.0,217000.0,DKK,2023.0,0,0,23,,0.0,0.0,1.0,0.0,0.0,0.0,0.0,0.0,0.0,0.0,0.0,0.0,0.0,0.0,0.0,0.0,0.0,0.0,0.0,0.0,0.0,0.0,0.0,0.0
41st Churchill ApS,"Kirkebakken 41, 8700 Horsens",Horsens,19.12.2018,Ikke oplyst,Ikke oplyst,Anpartsselskab,40108882,50.0,-11000.0,DKK,2023.0,0,0,23,,0.0,0.0,1.0,0.0,0.0,0.0,0.0,0.0,0.0,0.0,0.0,0.0,0.0,0.0,0.0,0.0,0.0,0.0,0.0,0.0,0.0,0.0,0.0,0.0
VARIO ApS,"Oberst Kochs Alle 21, 2770 Kastrup",Tårnby,03.12.2019,Ikke oplyst,Ikke oplyst,Anpartsselskab,40982043,40.0,117000.0,DKK,2023.0,0,0,23,,0.0,0.0,0.0,1.0,0.0,0.0,0.0,0.0,0.0,0.0,0.0,0.0,0.0,0.0,0.0,0.0,0.0,0.0,0.0,0.0,0.0,0.0,0.0,0.0
VILLY LYKKEGAARD HOLDING ApS,"Stenvænget 9, 7400 Herning",Herning,01.05.2000,Ikke oplyst,Ikke oplyst,Anpartsselskab,25352882,125.0,6000.0,DKK,2024.0,0,0,23,,0.0,0.0,0.0,1.0,0.0,0.0,0.0,0.0,0.0,0.0,0.0,0.0,0.0,0.0,0.0,0.0,0.0,0.0,0.0,0.0,0.0,0.0,0.0,0.0
MC Diamantskæring ApS,"Ballevej 24, 8570 Trustrup",Norddjurs,25.04.2017,4.0,Mikro,Anpartsselskab,38596403,50.0,1764000.0,DKK,2023.0,0,0,23,,0.0,0.0,0.0,0.0,0.0,0.0,0.0,0.0,0.0,0.0,0.0,0.0,0.0,0.0,0.0,0.0,0.0,0.0,1.0,0.0,0.0,0.0,0.0,0.0
Bordpladenpro ApS,"Kulsviervej 5, 3400 Hillerød",Hillerød,08.01.2015,1.0,Mikro,Anpartsselskab,36488247,50.0,202000.0,DKK,2023.0,0,0,23,,0.0,0.0,0.0,0.0,0.0,0.0,0.0,0.0,0.0,0.0,0.0,0.0,0.0,0.0,0.0,0.0,0.0,0.0,1.0,0.0,0.0,0.0,0.0,0.0
New Board Company ApS,"Abildgaardsvej 79, 2830 Virum",Lyngby-Taarbæk,10.07.2015,Ikke oplyst,Ikke oplyst,Anpartsselskab,36971142,44.0,21000.0,DKK,2023.0,0,0,23,,0.0,0.0,0.0,0.0,0.0,0.0,0.0,0.0,0.0,0.0,0.0,1.0,0.0,0.0,0.0,0.0,0.0,0.0,0.0,0.0,0.0,0.0,0.0,0.0
Bosch Beton Danmark ApS,"Brundtlandparken 5, 6520 Toftlund",Tønder,10.12.2020,Ikke oplyst,Ikke oplyst,Anpartsselskab,41968761,40.0,75000.0,DKK,2023.0,0,0,23,,0.0,0.0,0.0,1.0,0.0,0.0,0.0,0.0,0.0,0.0,0.0,0.0,0.0,0.0,0.0,0.0,0.0,0.0,0.0,0.0,0.0,0.0,0.0,0.0
"BG ELEMENTER, RØDBY A/S","Farvervej 1, 8800 Viborg",Viborg,31.08.1975,Ikke oplyst,Ikke oplyst,Aktieselskab,56020012,1.0,1624000.0,DKK,2024.0,0,0,23,,0.0,0.0,0.0,1.0,0.0,1.0,0.0,0.0,0.0,0.0,0.0,0.0,0.0,0.0,0.0,0.0,0.0,0.0,0.0,0.0,0.0,0.0,0.0,0.0
LETH BETON A/S,"Rishøjvej 26, 7755 Bedsted Thy",Thisted,01.06.1993,237.0,Mellemstor,Aktieselskab,17024531,500.0,36964000.0,DKK,2023.0,0,0,23,,0.0,0.0,0.0,1.0,0.0,0.0,0.0,0.0,0.0,0.0,0.0,0.0,0.0,0.0,0.0,0.0,0.0,0.0,0.0,0.0,0.0,0.0,0.0,0.0
Ildfast ApS,"Frederiks Plads 42 7 th, 8000 Aarhus C",Århus,19.09.2019,Ikke oplyst,Ikke oplyst,Anpartsselskab,40806644,40.0,-6000.0,DKK,2024.0,0,0,23,,0.0,0.0,0.0,0.0,0.0,0.0,0.0,0.0,0.0,0.0,0.0,0.0,0.0,0.0,1.0,0.0,0.0,0.0,0.0,0.0,0.0,0.0,0.0,0.0
Egernsund Wienerberger Production A/S,"H.C. Ørsteds Vej 50 C, 1879 Frederiksberg C",Frederiksberg,29.11.1977,156.0,Mellemstor,Aktieselskab,82753915,1.606,128755000.0,DKK,2023.0,0,0,23,,0.0,0.0,0.0,0.0,0.0,0.0,0.0,0.0,0.0,0.0,1.0,0.0,0.0,0.0,0.0,0.0,0.0,0.0,0.0,0.0,0.0,0.0,0.0,0.0
Bore Specialisten ApS,"Elsted Byvej 12, 8520 Lystrup",Århus,24.06.2016,5.0,Mikro,Anpartsselskab,37822396,50.0,2539000.0,DKK,2024.0,0,0,23,,0.0,0.0,0.0,0.0,0.0,0.0,0.0,0.0,0.0,0.0,0.0,0.0,0.0,0.0,0.0,0.0,0.0,0.0,1.0,0.0,0.0,0.0,0.0,0.0
Biomason Denmark ApS,"Finsensvej 1 F, 7430 Ikast",Ikast-Brande,15.02.2022,9.0,Mikro,Anpartsselskab,43073001,40.0,-17700000.0,DKK,2023.0,0,0,23,,0.0,0.0,0.0,0.0,1.0,0.0,0.0,0.0,0.0,0.0,0.0,0.0,0.0,0.0,0.0,0.0,0.0,0.0,0.0,0.0,0.0,0.0,0.0,0.0
TYRSTED STENHUGGERI ApS,"Bjerrevej 211, 8700 Horsens",Horsens,28.02.2001,3.0,Mikro,Anpartsselskab,25921224,200.0,2353000.0,DKK,2024.0,0,0,23,,0.0,0.0,0.0,0.0,0.0,0.0,0.0,0.0,0.0,0.0,0.0,0.0,0.0,0.0,0.0,0.0,0.0,0.0,1.0,0.0,0.0,0.0,0.0,0.0
ROSKILDE MARMOR OG GRANIT ApS,"Københavnsvej 6, 4000 Roskilde",Roskilde,30.06.2009,2.0,Mikro,Anpartsselskab,32276970,125.0,233000.0,DKK,2023.0,0,0,23,,0.0,0.0,0.0,0.0,0.0,0.0,0.0,0.0,0.0,0.0,0.0,0.0,0.0,0.0,0.0,0.0,0.0,0.0,1.0,0.0,0.0,0.0,0.0,0.0
MOBIL BETON ApS,"Døstrupvej 161, 9500 Hobro",Mariagerfjord,01.08.1988,Ikke oplyst,Ikke oplyst,Anpartsselskab,12333641,200.0,3240000.0,DKK,2024.0,0,0,23,,0.0,0.0,0.0,0.0,0.0,1.0,0.0,0.0,0.0,0.0,0.0,0.0,0.0,0.0,0.0,0.0,0.0,0.0,0.0,0.0,0.0,0.0,0.0,0.0
Vangs Keramiske Værksted ApS,"Nordskovvej 7, 5750 Ringe",Faaborg-Midtfyn,15.05.2008,5.0,Mikro,Anpartsselskab,31430542,192.0,1054000.0,DKK,2024.0,0,0,23,,0.0,0.0,1.0,0.0,0.0,0.0,0.0,0.0,0.0,0.0,0.0,0.0,0.0,0.0,0.0,0.0,0.0,0.0,0.0,0.0,0.0,0.0,0.0,0.0
Filip's Sten- og Billedhuggeri ApS,"Ormhøjgårdvej 10 A, 8700 Horsens",Horsens,30.06.2016,4.0,Mikro,Anpartsselskab,37838780,50.0,2673000.0,DKK,2023.0,0,0,23,,0.0,0.0,0.0,0.0,0.0,0.0,0.0,0.0,0.0,0.0,0.0,0.0,0.0,0.0,0.0,0.0,0.0,0.0,1.0,0.0,0.0,0.0,0.0,0.0
Zuni ApS,"Gisselfeldvej 8, 2665 Vallensbæk Strand",Vallensbæk,18.10.2022,Ikke oplyst,Ikke oplyst,Anpartsselskab,43588893,125.0,-1320000.0,DKK,2023.0,0,0,23,,0.0,1.0,0.0,0.0,0.0,0.0,0.0,0.0,0.0,0.0,0.0,0.0,0.0,0.0,0.0,0.0,0.0,0.0,0.0,0.0,0.0,0.0,0.0,0.0
CONTRA ABRASIVES ApS,"Flæsketorvet 68 1, 1711 København V",København,02.11.2010,1.0,Mikro,Anpartsselskab,33257015,400.0,-485000.0,DKK,2023.0,0,0,23,,0.0,0.0,0.0,0.0,0.0,0.0,0.0,0.0,0.0,0.0,0.0,0.0,0.0,0.0,0.0,0.0,0.0,0.0,0.0,0.0,0.0,1.0,0.0,0.0
Wood&Stone A/S,"Ejby Industrivej 2, 2600 Glostrup",Glostrup,11.08.2006,4.0,Mikro,Aktieselskab,29776423,500.0,3323000.0,DKK,2024.0,0,0,23,,0.0,0.0,0.0,0.0,0.0,0.0,0.0,0.0,0.0,0.0,0.0,0.0,0.0,0.0,0.0,0.0,0.0,0.0,1.0,0.0,0.0,0.0,0.0,0.0
BELLINGE FLISER & HEGN A/S,"Lysholt Alle 4, 7430 Ikast",Ikast-Brande,24.06.1992,Ikke oplyst,Ikke oplyst,Aktieselskab,16198390,1.021,-567000.0,DKK,2023.0,0,0,23,,0.0,0.0,0.0,1.0,0.0,0.0,0.0,0.0,0.0,0.0,0.0,0.0,0.0,0.0,0.0,0.0,0.0,0.0,0.0,0.0,0.0,0.0,0.0,0.0
GLASPUSTERIET GLASSERIET ApS,"Magstræde 6, 2791 Dragør",Tårnby,28.12.2006,1.0,Mikro,Anpartsselskab,29831130,125.0,500000.0,DKK,2023.0,0,0,23,,0.0,1.0,0.0,0.0,0.0,0.0,0.0,0.0,0.0,0.0,0.0,0.0,0.0,0.0,0.0,0.0,0.0,0.0,0.0,0.0,0.0,0.0,0.0,0.0
Pottemagerværkstedet Hirtshals ApS,"Hjørringgade 16 B, 9850 Hirtshals",Hjørring,14.12.2018,Ikke oplyst,Ikke oplyst,Anpartsselskab,40106049,50.0,11000.0,DKK,2023.0,0,0,23,,0.0,0.0,1.0,0.0,0.0,0.0,0.0,0.0,0.0,0.0,0.0,0.0,0.0,0.0,0.0,0.0,0.0,0.0,0.0,0.0,0.0,0.0,0.0,0.0
LEONHARD GLAS A/S,"Glarmestervej 1, 7000 Fredericia",Fredericia,02.05.1985,10.0,Lille,Aktieselskab,78188618,500.0,7208000.0,DKK,2023.0,0,0,23,,0.0,0.0,0.0,0.0,0.0,0.0,0.0,0.0,0.0,0.0,0.0,0.0,0.0,1.0,0.0,0.0,0.0,0.0,0.0,0.0,0.0,0.0,0.0,0.0
KNAUF A/S,"Kløvermarksvej 6, 9500 Hobro",Mariagerfjord,14.12.1967,195.0,Mellemstor,Aktieselskab,54050313,50.0,172397000.0,DKK,2023.0,1,0,23,,0.0,0.0,0.0,0.0,0.0,0.0,0.0,0.0,0.0,0.0,0.0,1.0,0.0,0.0,0.0,0.0,0.0,0.0,0.0,0.0,0.0,0.0,0.0,0.0
STRUERS ApS,"Pederstrupvej 84, 2750 Ballerup",Ballerup,01.11.1991,226.0,Mellemstor,Anpartsselskab,15683309,3.0,506680000.0,DKK,2023.0,0,0,23,,0.0,0.0,0.0,0.0,0.0,0.0,0.0,0.0,0.0,0.0,0.0,0.0,0.0,0.0,0.0,0.0,0.0,0.0,0.0,0.0,0.0,1.0,0.0,0.0
"Sten & Skulptur, Vanja Mia Schwartz ApS","Præstemosevej 11, 3480 Fredensborg",Fredensborg,01.12.2021,1.0,Mikro,Anpartsselskab,42904244,40.0,459000.0,DKK,2024.0,0,0,23,,0.0,0.0,0.0,0.0,0.0,0.0,0.0,0.0,0.0,0.0,0.0,0.0,0.0,0.0,0.0,0.0,0.0,0.0,1.0,0.0,0.0,0.0,0.0,0.0
LBH INTERNATIONAL A/S,"Kohaven 9, 5300 Kerteminde",Kerteminde,26.09.1978,24.0,Lille,Aktieselskab,84890715,770.0,19912000.0,DKK,2024.0,0,0,23,,0.0,0.0,0.0,0.0,0.0,0.0,1.0,0.0,0.0,0.0,0.0,0.0,0.0,0.0,0.0,0.0,0.0,0.0,0.0,0.0,0.0,0.0,0.0,0.0
A/S BOLIGBETON,"Gl Præstegårdsvej 19, 8723 Løsning",Hedensted,28.12.1961,391.0,Stor,Aktieselskab,31345928,5.165,95085000.0,DKK,2023.0,1,0,23,,0.0,0.0,0.0,1.0,0.0,0.0,0.0,0.0,0.0,0.0,0.0,0.0,0.0,0.0,0.0,0.0,0.0,0.0,0.0,0.0,0.0,0.0,0.0,0.0
DANOPAL A/S,"Klim Strandvej 284, 9690 Fjerritslev",Jammerbugt,01.08.1989,Ikke oplyst,Ikke oplyst,Aktieselskab,13409536,2.0,1584000.0,DKK,2023.0,0,0,23,,0.0,0.0,0.0,1.0,0.0,0.0,0.0,0.0,0.0,0.0,0.0,0.0,0.0,0.0,0.0,0.0,0.0,0.0,0.0,0.0,0.0,0.0,0.0,0.0
DFI-GEISLER A/S,"Industrivej 21, 7900 Nykøbing M",Morsø,02.07.1990,164.0,Mellemstor,Aktieselskab,14250794,1.904,86076000.0,DKK,2023.0,0,0,23,,0.0,0.0,0.0,0.0,0.0,0.0,0.0,0.0,0.0,0.0,0.0,0.0,0.0,0.0,0.0,0.0,0.0,0.0,1.0,0.0,0.0,0.0,0.0,0.0
RADO THERMOGLAS ApS,"Fuglebakken 20, 8960 Randers SØ",Randers,29.12.2008,Ikke oplyst,Ikke oplyst,Anpartsselskab,31894735,500.0,-5000.0,DKK,2024.0,0,0,23,,0.0,0.0,0.0,0.0,0.0,0.0,0.0,0.0,0.0,0.0,0.0,0.0,0.0,1.0,0.0,0.0,0.0,0.0,0.0,0.0,0.0,0.0,0.0,0.0
DANTONIT A/S,"Energivej 30, 5260 Odense S",Odense,17.09.2007,Ikke oplyst,Ikke oplyst,Aktieselskab,30898400,600.0,2814000.0,DKK,2023.0,0,0,23,,0.0,0.0,0.0,0.0,0.0,0.0,0.0,0.0,0.0,0.0,0.0,0.0,0.0,0.0,0.0,1.0,0.0,0.0,0.0,0.0,0.0,0.0,0.0,0.0
Stärkström ApS,"Kostervej 2 E, 4780 Stege",Vordingborg,15.03.2021,1.0,Mikro,Anpartsselskab,42221279,50.0,32000.0,DKK,2023.0,0,0,23,,0.0,1.0,0.0,0.0,0.0,0.0,0.0,0.0,0.0,0.0,0.0,0.0,0.0,0.0,0.0,0.0,0.0,0.0,0.0,0.0,0.0,0.0,0.0,0.0
Thermobeton ApS,"Lysholt Alle 4, 7430 Ikast",Ikast-Brande,23.03.2022,1.0,Mikro,Anpartsselskab,43145843,50.0,235000.0,DKK,2023.0,0,0,23,,0.0,0.0,0.0,0.0,0.0,1.0,0.0,0.0,0.0,0.0,0.0,0.0,0.0,0.0,0.0,0.0,0.0,0.0,0.0,0.0,0.0,0.0,0.0,0.0
VEST-FIBER ApS,"Odderskærvej 5, 6900 Skjern",Ringkøbing-Skjern,17.06.2002,5.0,Mikro,Anpartsselskab,26676568,125.0,35506000.0,DKK,2023.0,0,0,23,,0.0,0.0,0.0,0.0,0.0,0.0,1.0,0.0,0.0,0.0,0.0,0.0,0.0,0.0,0.0,0.0,0.0,0.0,0.0,0.0,0.0,0.0,0.0,0.0
Steenberg & Frydenlund ApS,"Strandvejen 9 kl, 7800 Skive",Skive,13.04.2023,2.0,Mikro,Anpartsselskab,43996703,40.0,186000.0,DKK,2024.0,0,0,23,,0.0,1.0,1.0,0.0,0.0,0.0,0.0,0.0,0.0,0.0,0.0,0.0,0.0,0.0,0.0,0.0,0.0,0.0,0.0,0.0,0.0,0.0,0.0,0.0
MARMORLINE & CO. A/S,"Odinsvej 25, 7200 Grindsted",Billund,01.07.1999,29.0,Lille,Aktieselskab,21806633,1.0,21438000.0,DKK,2023.0,0,0,23,,0.0,0.0,0.0,1.0,0.0,0.0,0.0,0.0,0.0,0.0,0.0,0.0,0.0,0.0,0.0,0.0,1.0,0.0,0.0,0.0,0.0,0.0,0.0,0.0
PERNILLE BÜLOW A/S,"Brænderigænget 8, 3740 Svaneke",Bornholm,26.05.2000,11.0,Lille,Aktieselskab,25395107,500.0,5037000.0,DKK,2023.0,0,0,23,,0.0,1.0,0.0,0.0,0.0,0.0,0.0,0.0,0.0,0.0,0.0,0.0,0.0,0.0,0.0,0.0,0.0,0.0,0.0,0.0,0.0,0.0,0.0,0.0
Reiling Green Tech ApS,"Maglemølle 60, 4700 Næstved",Næstved,30.05.2017,Ikke oplyst,Ikke oplyst,Anpartsselskab,38708813,50.0,0.0,DKK,2023.0,0,0,23,1.0,0.0,0.0,0.0,0.0,0.0,0.0,0.0,0.0,0.0,0.0,0.0,0.0,0.0,0.0,0.0,0.0,0.0,0.0,0.0,0.0,0.0,0.0,0.0,0.0
Sally Kelbøl Invest ApS,"Ørkebyvej 5, 5450 Otterup",Nordfyns,23.06.1976,1.0,Mikro,Anpartsselskab,35400710,200.0,1760000.0,DKK,2023.0,0,0,23,,0.0,0.0,0.0,0.0,0.0,0.0,0.0,0.0,0.0,0.0,0.0,0.0,0.0,0.0,0.0,0.0,0.0,0.0,1.0,0.0,0.0,0.0,0.0,0.0
ENGSKO A/S,"Tronholmen 10 E, 8960 Randers SØ",Randers,10.04.1946,7.0,Mikro,Aktieselskab,35493018,1.0,5111000.0,DKK,2024.0,0,0,23,,0.0,0.0,0.0,0.0,0.0,0.0,0.0,0.0,0.0,0.0,0.0,0.0,0.0,0.0,0.0,0.0,0.0,0.0,0.0,0.0,0.0,1.0,0.0,0.0
MAADE PRODUCTION ApS,"Tøndervej 85 B, 6780 Skærbæk",Tønder,25.06.1997,Ikke oplyst,Ikke oplyst,Anpartsselskab,20122404,500.0,-109000.0,DKK,2023.0,0,0,23,,0.0,0.0,0.0,0.0,0.0,0.0,0.0,0.0,0.0,0.0,0.0,0.0,0.0,0.0,0.0,0.0,0.0,0.0,0.0,1.0,0.0,0.0,0.0,0.0
Rumett ApS,"Nattergalevej 6, 2400 København NV",København,24.11.2022,1.0,Mikro,Anpartsselskab,43676997,40.0,93000.0,DKK,2023.0,0,0,23,,0.0,0.0,0.0,0.0,0.0,0.0,0.0,0.0,0.0,0.0,0.0,1.0,0.0,0.0,0.0,0.0,0.0,0.0,0.0,0.0,0.0,0.0,0.0,0.0
CRH Products A/S,"Bjerrevej 80, 8840 Rødkærsbro",Viborg,18.05.1976,159.0,Mellemstor,Aktieselskab,58048917,11.0,49013000.0,DKK,2023.0,0,0,23,,0.0,0.0,0.0,1.0,0.0,1.0,0.0,0.0,1.0,0.0,0.0,0.0,0.0,0.0,0.0,0.0,0.0,0.0,0.0,0.0,0.0,0.0,0.0,0.0
Ole Jessen APS,"Bryggen 31, 9240 Nibe",Aalborg,28.04.2022,1.0,Mikro,Anpartsselskab,43225340,40.0,114000.0,DKK,2024.0,0,0,23,,0.0,0.0,1.0,0.0,0.0,0.0,0.0,0.0,0.0,0.0,0.0,0.0,0.0,0.0,0.0,0.0,0.0,0.0,0.0,0.0,0.0,0.0,0.0,0.0
KNAUF INSULATION A/S,"Københavnsvej 106 H, 4000 Roskilde",Roskilde,27.07.2012,4.0,Mikro,Aktieselskab,34622698,500.0,32050000.0,DKK,2023.0,0,0,23,,0.0,0.0,0.0,0.0,0.0,0.0,1.0,0.0,0.0,0.0,0.0,0.0,0.0,0.0,0.0,0.0,0.0,0.0,0.0,0.0,0.0,0.0,0.0,0.0
Esther Katrine Keramik ApS,"Stensbyvej 26, 4773 Stensved",Vordingborg,07.09.2022,2.0,Mikro,Anpartsselskab,43493337,40.0,-160000.0,DKK,2023.0,0,0,23,,0.0,0.0,1.0,0.0,0.0,0.0,0.0,0.0,0.0,0.0,0.0,0.0,0.0,0.0,0.0,0.0,0.0,0.0,0.0,0.0,0.0,0.0,0.0,0.0
DAN-ELEMENT A/S,"Fabriksvej 12, 7800 Skive",Skive,14.03.1986,131.0,Mellemstor,Aktieselskab,10209781,500.0,32311000.0,DKK,2024.0,0,0,23,,0.0,0.0,0.0,1.0,0.0,0.0,0.0,0.0,0.0,0.0,0.0,0.0,0.0,0.0,0.0,0.0,0.0,0.0,0.0,0.0,0.0,0.0,0.0,0.0
Fliselageret Aps,"Falstersgade 10, 6400 Sønderborg",Sønderborg,29.12.2017,4.0,Mikro,Anpartsselskab,39232561,50.0,2322000.0,DKK,2023.0,0,0,23,,0.0,0.0,0.0,0.0,0.0,0.0,0.0,1.0,0.0,0.0,0.0,0.0,0.0,0.0,0.0,0.0,0.0,0.0,0.0,0.0,0.0,0.0,0.0,0.0
EBERHART FURNITURE ApS,"Dortheavej 6, 2400 København NV",København,22.01.2014,6.0,Mikro,Anpartsselskab,35648194,50.0,3073000.0,DKK,2023.0,0,0,23,,0.0,0.0,0.0,0.0,0.0,0.0,0.0,0.0,1.0,0.0,0.0,0.0,0.0,0.0,0.0,0.0,0.0,0.0,0.0,0.0,0.0,0.0,0.0,0.0
PANKAS A/S,"Rundforbivej 34, 2950 Vedbæk",Rudersdal,01.04.1939,217.0,Mellemstor,Aktieselskab,20732318,65.0,200571000.0,DKK,2023.0,0,0,23,,0.0,0.0,0.0,0.0,0.0,0.0,0.0,0.0,0.0,1.0,0.0,0.0,0.0,0.0,0.0,0.0,0.0,0.0,0.0,0.0,0.0,0.0,0.0,0.0
SCHELLERUP CONSULT ApS,"Slotsmarken 18 1, 2970 Hørsholm",Hørsholm,09.12.2009,1.0,Mikro,Anpartsselskab,32656307,80.0,192000.0,DKK,2024.0,0,0,23,,0.0,0.0,1.0,0.0,0.0,0.0,0.0,0.0,0.0,0.0,0.0,0.0,0.0,0.0,0.0,0.0,0.0,0.0,0.0,0.0,0.0,0.0,0.0,0.0
Prodatek A/S,"Endelavevej 1, 8940 Randers SV",Randers,31.08.2017,10.0,Lille,Aktieselskab,38903691,400.0,5741000.0,DKK,2024.0,0,0,23,,1.0,0.0,0.0,0.0,0.0,0.0,0.0,0.0,0.0,0.0,0.0,0.0,0.0,0.0,0.0,0.0,0.0,0.0,0.0,0.0,0.0,0.0,0.0,0.0
Pust Glasværksted ApS,"Adelgade 29 E st, 8400 Ebeltoft",Syddjurs,21.06.2021,2.0,Mikro,Anpartsselskab,42488356,40.0,911000.0,DKK,2023.0,0,0,23,,0.0,1.0,0.0,0.0,0.0,0.0,0.0,0.0,0.0,0.0,0.0,0.0,0.0,0.0,0.0,0.0,0.0,0.0,0.0,0.0,0.0,0.0,0.0,0.0
Gudnason Natursten A/S,"Industrivej 2, 7323 Give",Vejle,28.04.1980,28.0,Lille,Aktieselskab,89661714,400.0,14437000.0,DKK,2024.0,0,0,23,,0.0,0.0,0.0,0.0,0.0,0.0,0.0,0.0,0.0,0.0,0.0,0.0,0.0,0.0,0.0,0.0,0.0,0.0,1.0,0.0,0.0,0.0,0.0,0.0
HC Betonelementer A/S,"Teglværksvej 62, 4700 Næstved",Næstved,28.04.2022,6.0,Mikro,Aktieselskab,43227823,400.0,2863000.0,DKK,2023.0,0,0,23,,0.0,0.0,0.0,1.0,0.0,0.0,0.0,0.0,0.0,0.0,0.0,0.0,0.0,0.0,0.0,0.0,0.0,0.0,0.0,0.0,0.0,0.0,0.0,0.0
DANSK POLYGLAS A/S,"Industrivej 12, 5672 Broby",Faaborg-Midtfyn,28.06.1999,16.0,Lille,Aktieselskab,21802042,750.0,7613000.0,DKK,2023.0,0,0,23,,0.0,0.0,0.0,0.0,0.0,0.0,1.0,0.0,0.0,0.0,0.0,0.0,0.0,0.0,0.0,0.0,0.0,0.0,0.0,0.0,0.0,0.0,0.0,0.0
Backhaus-Brown ApS,"Nordre Beddingsvej 26, 3390 Hundested",Halsnæs,26.03.2019,8.0,Mikro,Anpartsselskab,40385371,50.0,1835000.0,DKK,2024.0,0,0,23,,0.0,1.0,0.0,0.0,0.0,0.0,0.0,0.0,0.0,0.0,0.0,0.0,0.0,0.0,0.0,0.0,0.0,0.0,0.0,0.0,0.0,0.0,0.0,0.0
SCHIØLER'S EFTF. ApS,"Nybrogade 26, 4800 Nykøbing F",Guldborgsund,05.03.1992,6.0,Mikro,Anpartsselskab,15942371,200.0,3977000.0,DKK,2024.0,0,0,23,,0.0,0.0,0.0,0.0,0.0,0.0,0.0,0.0,0.0,0.0,0.0,0.0,0.0,0.0,0.0,0.0,0.0,0.0,1.0,0.0,0.0,0.0,0.0,0.0
A/S LIP BYGNINGSARTIKLER. NØRRE AABY,"Industrivej 16, 5580 Nørre Aaby",Middelfart,30.11.1970,63.0,Mellemstor,Aktieselskab,29152314,1.0,59693000.0,DKK,2023.0,0,0,23,,0.0,0.0,0.0,0.0,1.0,0.0,0.0,0.0,0.0,0.0,0.0,0.0,0.0,0.0,0.0,0.0,0.0,0.0,0.0,0.0,0.0,0.0,0.0,0.0
NYBO INNOVATION ApS,"Nørre Boulevard 23, 8900 Randers C",Randers,31.03.2014,Ikke oplyst,Ikke oplyst,Anpartsselskab,35847197,40.0,-22000.0,DKK,2023.0,0,0,23,,0.0,0.0,1.0,0.0,0.0,0.0,0.0,0.0,0.0,0.0,0.0,0.0,0.0,0.0,0.0,0.0,0.0,0.0,0.0,0.0,0.0,0.0,0.0,0.0
BILLESCHOU A/S,"Islandsvej 2, 7100 Vejle",Vejle,13.06.1953,60.0,Mellemstor,Aktieselskab,41326611,500.0,46024000.0,DKK,2023.0,0,0,23,,0.0,0.0,0.0,0.0,0.0,0.0,0.0,0.0,0.0,0.0,0.0,0.0,0.0,0.0,0.0,0.0,0.0,0.0,1.0,0.0,0.0,0.0,0.0,0.0
AKTIESELSKABET J.N. BECH,"Hjaltesvej 23, 8960 Randers SØ",Randers,07.12.1944,25.0,Lille,Aktieselskab,14988319,500.0,13661000.0,DKK,2024.0,0,0,23,,0.0,0.0,0.0,0.0,0.0,0.0,0.0,0.0,0.0,0.0,0.0,0.0,0.0,1.0,0.0,0.0,0.0,0.0,0.0,0.0,0.0,0.0,0.0,0.0
SKAGEN CEMENTSTØBERI A/S,"Drogden 3, 9990 Skagen",Frederikshavn,01.07.1977,63.0,Mellemstor,Aktieselskab,83037814,1.12,63232000.0,DKK,2024.0,0,0,23,,0.0,0.0,0.0,1.0,0.0,1.0,0.0,0.0,0.0,0.0,0.0,0.0,0.0,0.0,0.0,0.0,0.0,0.0,0.0,0.0,0.0,0.0,0.0,0.0
Ærø Beton ApS,"Thorupvej 1 A, 5970 Ærøskøbing",Ærø,02.06.2022,1.0,Mikro,Anpartsselskab,43307509,40.0,505000.0,DKK,2023.0,0,0,23,,0.0,0.0,0.0,0.0,0.0,1.0,0.0,0.0,0.0,0.0,0.0,0.0,0.0,0.0,0.0,0.0,0.0,0.0,0.0,0.0,0.0,0.0,0.0,0.0
ALFIX A/S,"H.C. Ørsteds Vej 13, 6000 Kolding",Kolding,29.11.1984,48.0,Lille,Aktieselskab,76443815,5.0,53367000.0,DKK,2024.0,1,0,23,,0.0,0.0,0.0,0.0,0.0,0.0,0.0,0.0,0.0,0.0,0.0,0.0,0.0,0.0,0.0,0.0,0.0,0.0,0.0,1.0,0.0,0.0,0.0,0.0
EM-FIBERGLAS A/S,"Hornsyld Industrivej 20, 8783 Hornsyld",Hedensted,31.01.2010,69.0,Mellemstor,Aktieselskab,32764509,10.0,68792000.0,DKK,2023.0,0,0,23,,0.0,0.0,0.0,0.0,0.0,0.0,1.0,0.0,0.0,0.0,0.0,0.0,0.0,0.0,0.0,0.0,0.0,0.0,0.0,0.0,0.0,0.0,0.0,0.0
Timestone ApS,"Brårupgade 18 C, 7800 Skive",Skive,07.05.2020,1.0,Mikro,Anpartsselskab,41353120,136.0,-390000.0,DKK,2023.0,0,0,23,,0.0,0.0,0.0,0.0,0.0,0.0,0.0,0.0,0.0,0.0,0.0,0.0,0.0,0.0,0.0,0.0,0.0,0.0,1.0,0.0,0.0,0.0,0.0,0.0
POTTEMAGEREN ApS,"Juelsgade 7, 7130 Juelsminde",Hedensted,26.02.2011,Ikke oplyst,Ikke oplyst,Anpartsselskab,33507232,80.0,3000.0,DKK,2023.0,0,0,23,,0.0,0.0,1.0,0.0,0.0,0.0,0.0,0.0,0.0,0.0,0.0,0.0,0.0,0.0,0.0,0.0,0.0,0.0,0.0,0.0,0.0,0.0,0.0,0.0
PL BETON A/S,"Mulebyvej 40, 3700 Rønne",Bornholm,11.07.2011,92.0,Mellemstor,Aktieselskab,33783736,1.0,59388000.0,DKK,2023.0,0,0,23,,0.0,0.0,0.0,1.0,0.0,0.0,0.0,0.0,0.0,0.0,0.0,0.0,0.0,0.0,0.0,0.0,0.0,0.0,0.0,0.0,0.0,0.0,0.0,0.0
BB FIBERBETON A/S,"Hjørnegårdsvej 10, 4623 Lille Skensved",Køge,01.01.1984,94.0,Mellemstor,Aktieselskab,72251113,2.178,55838000.0,DKK,2023.0,0,0,23,,0.0,0.0,0.0,1.0,0.0,0.0,0.0,0.0,0.0,0.0,0.0,0.0,0.0,0.0,0.0,0.0,0.0,0.0,0.0,0.0,0.0,0.0,0.0,0.0
Cazana ApS,"Højris Alle 81, 7430 Ikast",Ikast-Brande,01.08.2015,1.0,Mikro,Anpartsselskab,36977604,40.0,1178000.0,DKK,2023.0,0,0,23,,0.0,0.0,0.0,1.0,0.0,0.0,0.0,0.0,1.0,0.0,0.0,0.0,0.0,0.0,0.0,0.0,0.0,0.0,0.0,0.0,0.0,0.0,0.0,0.0
A/S MIDTJYDSK BETONVARE- OG ELEMENTFABRIK,"Vardevej 2, 7400 Herning",Herning,26.03.1986,102.0,Mellemstor,Aktieselskab,10216036,500.0,10079000.0,DKK,2024.0,0,0,23,,0.0,0.0,0.0,1.0,0.0,0.0,0.0,0.0,0.0,0.0,0.0,0.0,0.0,0.0,0.0,0.0,0.0,0.0,0.0,0.0,0.0,0.0,0.0,0.0
FARUM BETONINDUSTRI A/S,"Lysholt Alle 4, 7430 Ikast",Ikast-Brande,30.06.1992,21.0,Lille,Aktieselskab,16368709,500.0,20492000.0,DKK,2023.0,0,0,23,,0.0,0.0,0.0,1.0,0.0,0.0,0.0,0.0,0.0,0.0,0.0,0.0,0.0,0.0,0.0,0.0,0.0,0.0,0.0,0.0,0.0,0.0,0.0,0.0
STORKØBENHAVNS STENHUGGERI ApS,"Roskildevej 302, 2610 Rødovre",Rødovre,14.01.2005,22.0,Lille,Anpartsselskab,28330537,1.0,11945000.0,DKK,2024.0,0,0,23,,0.0,0.0,0.0,0.0,0.0,0.0,0.0,0.0,0.0,0.0,0.0,0.0,0.0,0.0,0.0,0.0,0.0,0.0,1.0,0.0,0.0,0.0,0.0,0.0
GLASCOM A/S,"Nordvej 10, 4200 Slagelse",Slagelse,10.12.2004,58.0,Mellemstor,Aktieselskab,28295472,501.0,27989000.0,DKK,2024.0,0,0,23,,0.0,0.0,0.0,0.0,0.0,0.0,0.0,0.0,0.0,0.0,0.0,0.0,0.0,1.0,0.0,0.0,0.0,0.0,0.0,0.0,0.0,0.0,0.0,0.0
DRY-BAG A/S,"Odinsvej 21, 8722 Hedensted",Hedensted,16.10.1999,3.0,Mikro,Aktieselskab,49159811,500.0,3139000.0,DKK,2023.0,0,0,23,,0.0,0.0,0.0,0.0,0.0,0.0,0.0,0.0,0.0,0.0,0.0,0.0,0.0,0.0,0.0,1.0,0.0,0.0,0.0,0.0,0.0,0.0,0.0,0.0
BALTIC SEA GLASS ApS,"Melstedvej 47, 3760 Gudhjem",Bornholm,26.06.1998,7.0,Mikro,Anpartsselskab,21037338,225.0,3796000.0,DKK,2023.0,0,0,23,,0.0,1.0,0.0,0.0,0.0,0.0,0.0,0.0,0.0,0.0,0.0,0.0,0.0,0.0,0.0,0.0,0.0,0.0,0.0,0.0,0.0,0.0,0.0,0.0
ZURFACE A/S,"Tronholmen 28 B, 8960 Randers SØ",Randers,10.01.2013,51.0,Mellemstor,Aktieselskab,34903093,15.6,43281000.0,DKK,2023.0,0,0,23,,0.0,0.0,0.0,0.0,0.0,0.0,0.0,0.0,0.0,0.0,0.0,0.0,0.0,0.0,0.0,0.0,0.0,0.0,1.0,0.0,0.0,0.0,0.0,0.0
Combimix ApS,"Marktoften 6, 8464 Galten",Skanderborg,24.06.2015,8.0,Mikro,Anpartsselskab,36934379,50.0,15775000.0,DKK,2024.0,0,0,23,,0.0,0.0,0.0,0.0,1.0,0.0,0.0,0.0,0.0,0.0,0.0,0.0,0.0,0.0,0.0,0.0,0.0,0.0,0.0,0.0,0.0,0.0,0.0,0.0
NATURSTENSGRUPPEN A/S,"Peder Skrams Vej 8-16, 5220 Odense SØ",Odense,14.06.1977,14.0,Lille,Aktieselskab,83016612,500.0,7698000.0,DKK,2023.0,0,0,23,,0.0,0.0,0.0,0.0,0.0,0.0,0.0,0.0,0.0,0.0,0.0,0.0,0.0,0.0,0.0,0.0,0.0,0.0,1.0,0.0,0.0,0.0,0.0,0.0
DUPONT LIGHTSTONE ApS,"Lindhovedvej 18, 5631 Ebberup",Assens,10.10.2007,Ikke oplyst,Ikke oplyst,Anpartsselskab,30985958,560.0,18000.0,DKK,2023.0,0,0,23,,0.0,0.0,0.0,1.0,0.0,0.0,0.0,0.0,0.0,0.0,0.0,0.0,0.0,0.0,0.0,0.0,0.0,0.0,0.0,0.0,0.0,0.0,0.0,0.0
HØJSHOLM STENHUGGERI ApS,"Flegmade 14, 7100 Vejle",Vejle,10.04.2002,2.0,Mikro,Anpartsselskab,26643295,160.0,800000.0,DKK,2023.0,0,0,23,,0.0,0.0,0.0,0.0,0.0,0.0,0.0,0.0,0.0,0.0,0.0,0.0,0.0,0.0,0.0,0.0,0.0,0.0,1.0,0.0,0.0,0.0,0.0,0.0
Nordic Reed ApS,"Østergade 24, 3700 Rønne",Bornholm,21.10.2019,1.0,Mikro,Anpartsselskab,40892117,40.0,143000.0,DKK,2023.0,0,0,23,,0.0,0.0,0.0,0.0,0.0,0.0,0.0,0.0,0.0,0.0,0.0,0.0,0.0,0.0,0.0,0.0,0.0,0.0,0.0,0.0,0.0,0.0,0.0,1.0
GLAFIMENT INTERIEUR ApS,"Sortbærvej 74, 8600 Silkeborg",Silkeborg,08.10.2012,1.0,Mikro,Anpartsselskab,34718024,80.0,119000.0,DKK,2023.0,0,0,23,,0.0,0.0,0.0,0.0,0.0,0.0,0.0,0.0,1.0,0.0,0.0,0.0,0.0,0.0,0.0,0.0,0.0,0.0,0.0,0.0,0.0,0.0,0.0,0.0
BBf BRiCK A/S,"Hjørnegårdsvej 10, 4623 Lille Skensved",Køge,09.06.2022,Ikke oplyst,Ikke oplyst,Aktieselskab,43321285,400.0,-15000.0,DKK,2023.0,0,0,23,,0.0,0.0,0.0,1.0,0.0,0.0,0.0,0.0,0.0,0.0,0.0,0.0,0.0,0.0,0.0,0.0,0.0,0.0,0.0,0.0,0.0,0.0,0.0,0.0
Y-MatTec A/S,"Nybovej 34, 7500 Holstebro",Holstebro,02.04.2021,5.0,Mikro,Aktieselskab,42277118,1.0,5676000.0,DKK,2024.0,0,0,23,,0.0,0.0,0.0,0.0,0.0,0.0,0.0,0.0,0.0,0.0,0.0,0.0,0.0,0.0,0.0,0.0,0.0,0.0,0.0,1.0,0.0,0.0,0.0,0.0
NORDTEGL A/S,"Ågade 16, 9881 Bindslev",Hjørring,19.06.1984,Ikke oplyst,Ikke oplyst,Aktieselskab,75922019,1.45,287000.0,DKK,2024.0,0,0,23,,0.0,0.0,0.0,0.0,0.0,0.0,0.0,0.0,0.0,0.0,1.0,0.0,0.0,0.0,0.0,0.0,0.0,0.0,0.0,0.0,0.0,0.0,0.0,0.0
RB Glasfiber A/S,"Jernvej 6, 8800 Viborg",Viborg,04.04.2023,4.0,Mikro,Aktieselskab,43965492,400.0,6049000.0,DKK,2024.0,0,0,23,,0.0,0.0,0.0,0.0,0.0,0.0,1.0,0.0,0.0,0.0,0.0,0.0,0.0,0.0,0.0,0.0,0.0,0.0,0.0,0.0,0.0,0.0,0.0,0.0
FERROCON ApS,"Virupvej 170, 8530 Hjortshøj",Århus,01.01.2002,2.0,Mikro,Anpartsselskab,26384168,500.0,2228000.0,DKK,2024.0,0,0,23,,0.0,0.0,0.0,0.0,0.0,0.0,0.0,0.0,1.0,0.0,0.0,0.0,0.0,0.0,0.0,0.0,0.0,0.0,0.0,0.0,0.0,0.0,0.0,0.0
VM Kompensator A/S,"Industrivej 4, 6622 Bække",Vejen,25.06.2015,18.0,Lille,Aktieselskab,36937963,550.0,10781000.0,DKK,2023.0,1,0,23,,0.0,0.0,0.0,0.0,0.0,0.0,1.0,0.0,0.0,0.0,0.0,0.0,0.0,0.0,0.0,0.0,0.0,0.0,0.0,0.0,0.0,0.0,0.0,0.0
Haubro Ståltegl ApS,"Messevej 18, 9600 Aars",Vesthimmerland,29.04.2021,4.0,Mikro,Anpartsselskab,42352160,40.0,1187000.0,DKK,2023.0,0,0,23,,0.0,0.0,0.0,0.0,0.0,0.0,0.0,0.0,0.0,0.0,0.0,0.0,0.0,0.0,0.0,0.0,0.0,0.0,1.0,0.0,0.0,0.0,0.0,0.0
MS. Sprøjtebeton ApS,"Vinkelvej 36, 7840 Højslev",Skive,14.02.2018,19.0,Lille,Anpartsselskab,39334194,50.0,14371000.0,DKK,2023.0,0,0,23,,0.0,0.0,0.0,1.0,0.0,0.0,0.0,0.0,0.0,0.0,0.0,0.0,0.0,0.0,0.0,0.0,0.0,0.0,0.0,0.0,0.0,0.0,0.0,0.0
LIND BETON ApS,"Industriparken 47, 7400 Herning",Herning,14.03.2005,8.0,Mikro,Anpartsselskab,28686048,125.0,2149000.0,DKK,2023.0,0,0,23,,0.0,0.0,0.0,1.0,0.0,0.0,0.0,0.0,0.0,0.0,0.0,0.0,0.0,0.0,0.0,0.0,0.0,0.0,0.0,0.0,0.0,0.0,0.0,0.0
bøgh keramik & tegneri ApS,"Studekrogen 18, 2750 Ballerup",Ballerup,21.09.2022,Ikke oplyst,Ikke oplyst,Anpartsselskab,43538101,40.0,-33000.0,DKK,2023.0,0,0,23,,0.0,0.0,1.0,0.0,0.0,0.0,0.0,0.0,0.0,0.0,0.0,0.0,0.0,0.0,0.0,0.0,0.0,0.0,0.0,0.0,0.0,0.0,0.0,0.0
KLR ApS,"Haraldsgade 28, 9700 Brønderslev",Brønderslev-Dronninglund,23.06.1978,Ikke oplyst,Ikke oplyst,Anpartsselskab,84282316,200.0,-5000.0,DKK,2023.0,0,0,23,,0.0,0.0,0.0,0.0,0.0,0.0,0.0,0.0,0.0,0.0,0.0,0.0,0.0,0.0,0.0,0.0,0.0,0.0,1.0,0.0,0.0,0.0,0.0,0.0
GAMMELRAND BETON A/S,"Gl Skovvej 6 A, 4470 Svebølle",Kalundborg,01.01.2001,65.0,Mellemstor,Aktieselskab,25812344,1.0,34043000.0,DKK,2023.0,0,0,23,,0.0,0.0,0.0,1.0,0.0,1.0,0.0,0.0,0.0,0.0,0.0,0.0,0.0,0.0,0.0,0.0,0.0,0.0,0.0,0.0,0.0,0.0,0.0,0.0
BRINK NORDIC ApS,"Nordbjergvej 12, 4100 Ringsted",Ringsted,30.06.2014,18.0,Lille,Anpartsselskab,36028963,50.0,4809000.0,DKK,2023.0,0,0,23,1.0,0.0,0.0,0.0,0.0,0.0,0.0,0.0,0.0,0.0,0.0,0.0,0.0,0.0,0.0,0.0,0.0,0.0,0.0,0.0,0.0,0.0,0.0,0.0,0.0
Scanglas A/S,"Truckvej 5, 4600 Køge",Køge,06.06.1977,196.0,Mellemstor,Aktieselskab,81234116,25.0,123529000.0,DKK,2024.0,0,0,23,,0.0,0.0,0.0,0.0,0.0,0.0,0.0,0.0,0.0,0.0,0.0,0.0,0.0,1.0,0.0,0.0,0.0,0.0,0.0,0.0,0.0,0.0,0.0,0.0
HANDELS-& PRODUKTIONSSELSKABET D.K.-ECO ApS,"Veksø Stationsvej 5, 3670 Veksø Sjælland",Egedal,01.09.1987,1.0,Mikro,Anpartsselskab,11175198,125.0,421000.0,DKK,2023.0,0,0,23,,0.0,0.0,0.0,0.0,0.0,0.0,0.0,0.0,0.0,0.0,0.0,0.0,0.0,0.0,1.0,0.0,0.0,0.0,0.0,0.0,0.0,0.0,0.0,0.0
GLASHÆRDERIET A/S,"Priorparken 321, 2605 Brøndby",Brøndby,12.08.2008,8.0,Mikro,Aktieselskab,31623499,504.0,4701000.0,DKK,2023.0,0,0,23,,0.0,0.0,0.0,0.0,0.0,0.0,0.0,0.0,0.0,0.0,0.0,0.0,0.0,1.0,0.0,0.0,0.0,0.0,0.0,0.0,0.0,0.0,0.0,0.0
Nordic Waste A/S,"Gl. Århusvej 110, 8940 Randers SV",Randers,30.04.2018,Ikke oplyst,Ikke oplyst,Aktieselskab,39560186,500.0,47657000.0,DKK,2023.0,0,0,23,,0.0,0.0,0.0,0.0,0.0,1.0,0.0,0.0,0.0,0.0,0.0,0.0,0.0,0.0,0.0,0.0,0.0,0.0,0.0,0.0,0.0,0.0,0.0,0.0
MIRIT GLAS A/S,"Marielundvej 37 D 1, 2730 Herlev",Herlev,01.01.2008,23.0,Lille,Aktieselskab,31170508,500.0,11540000.0,DKK,2024.0,0,0,23,,0.0,0.0,0.0,0.0,0.0,0.0,0.0,0.0,0.0,0.0,0.0,0.0,0.0,1.0,0.0,0.0,0.0,0.0,0.0,0.0,0.0,0.0,0.0,0.0
Maade Energi ApS,"Tøndervej 85 B, 6780 Skærbæk",Tønder,07.08.2018,Ikke oplyst,Ikke oplyst,Anpartsselskab,39766035,50.0,-11000.0,DKK,2023.0,0,0,23,,0.0,0.0,0.0,1.0,0.0,0.0,0.0,0.0,0.0,0.0,0.0,0.0,0.0,0.0,0.0,0.0,0.0,0.0,0.0,0.0,0.0,0.0,0.0,0.0
BETONVÆRKET BRØNDERSLEV A/S,"Øster Kærvej 22, 9700 Brønderslev",Brønderslev-Dronninglund,21.08.2001,24.0,Lille,Aktieselskab,26192706,500.0,20002000.0,DKK,2024.0,0,0,23,,0.0,0.0,0.0,0.0,0.0,1.0,0.0,0.0,0.0,0.0,0.0,0.0,0.0,0.0,0.0,0.0,0.0,0.0,0.0,0.0,0.0,0.0,0.0,0.0
Fyns Flagstang Industri A/S,"Tværvejen 3, 5580 Nørre Aaby",Middelfart,14.01.2003,11.0,Lille,Aktieselskab,10112958,500.0,3684000.0,DKK,2023.0,0,0,23,,0.0,0.0,0.0,0.0,0.0,0.0,1.0,0.0,0.0,0.0,0.0,0.0,0.0,0.0,0.0,0.0,0.0,0.0,0.0,0.0,0.0,0.0,0.0,0.0
SCHIEDEL SKORSTENE ApS,"Industrivej 23, 7470 Karup J",Viborg,01.09.1990,14.0,Lille,Anpartsselskab,14747346,3.5,9637000.0,DKK,2023.0,0,0,23,,0.0,0.0,0.0,1.0,0.0,0.0,0.0,0.0,0.0,0.0,0.0,0.0,0.0,0.0,0.0,0.0,0.0,0.0,0.0,0.0,0.0,0.0,0.0,0.0
A/S MAGNUS HOLM,"Allingvej 8, 8963 Auning",Norddjurs,31.07.1981,12.0,Lille,Aktieselskab,66890716,500.0,135000.0,DKK,2023.0,0,0,23,,0.0,0.0,0.0,1.0,0.0,0.0,0.0,0.0,0.0,0.0,0.0,0.0,0.0,0.0,0.0,0.0,0.0,0.0,0.0,0.0,0.0,0.0,0.0,0.0
Industri Beton A/S,"Hovergårdevej 15, 6950 Ringkøbing",Ringkøbing-Skjern,01.02.2002,310.0,Stor,Aktieselskab,26511356,1.458,158268000.0,DKK,2023.0,0,0,23,,0.0,0.0,0.0,1.0,0.0,0.0,0.0,0.0,0.0,0.0,0.0,0.0,0.0,0.0,0.0,0.0,0.0,0.0,0.0,0.0,0.0,0.0,0.0,0.0
SPÆNCOM A/S,"Akacievej 1, 2640 Hedehusene",Høje-Taastrup,15.11.1966,568.0,Stor,Aktieselskab,26271010,41.126,145357000.0,DKK,2023.0,0,0,23,,0.0,0.0,0.0,1.0,0.0,0.0,0.0,0.0,0.0,0.0,0.0,0.0,0.0,0.0,0.0,0.0,0.0,0.0,0.0,0.0,0.0,0.0,0.0,0.0
DAV NORDIC A/S,"Tietgensvej 12, 8600 Silkeborg",Silkeborg,10.06.1963,89.0,Mellemstor,Aktieselskab,34991014,3.1,92332000.0,DKK,2023.0,0,0,23,,0.0,0.0,0.0,1.0,0.0,0.0,0.0,0.0,0.0,0.0,0.0,0.0,0.0,0.0,0.0,0.0,0.0,0.0,0.0,0.0,0.0,0.0,0.0,0.0
DENSIT ApS,"Rørdalsvej 44, 9220 Aalborg Øst",Aalborg,04.01.1983,25.0,Lille,Anpartsselskab,73162718,4.0,35756000.0,DKK,2023.0,0,0,23,,0.0,0.0,0.0,0.0,0.0,0.0,0.0,0.0,0.0,0.0,0.0,0.0,0.0,0.0,0.0,0.0,0.0,0.0,0.0,1.0,0.0,0.0,0.0,0.0
CRH DENMARK A/S,"Vestergade 25, 4130 Viby Sjælland",Roskilde,01.03.2000,Ikke oplyst,Ikke oplyst,Aktieselskab,10019958,75.0,-7281000.0,DKK,2023.0,0,0,23,,0.0,0.0,0.0,1.0,0.0,0.0,0.0,0.0,0.0,0.0,0.0,0.0,0.0,0.0,0.0,0.0,0.0,0.0,0.0,0.0,0.0,0.0,0.0,0.0
Frandsens Cementstøberi ApS,"Håndværkerbakken 3, 2630 Taastrup",Høje-Taastrup,12.05.1976,1.0,Mikro,Anpartsselskab,58007617,200.0,190000.0,DKK,2024.0,0,0,23,,0.0,0.0,0.0,1.0,0.0,0.0,0.0,0.0,0.0,0.0,0.0,0.0,0.0,0.0,0.0,0.0,0.0,0.0,0.0,0.0,0.0,0.0,0.0,0.0
Tymmstone ApS,"Brårupgade 18 C, 7800 Skive",Skive,12.06.2023,Ikke oplyst,Ikke oplyst,Anpartsselskab,44117622,102.0,19000.0,DKK,2023.0,0,0,23,,0.0,0.0,0.0,0.0,0.0,0.0,0.0,0.0,0.0,0.0,0.0,0.0,0.0,0.0,0.0,0.0,0.0,0.0,1.0,0.0,0.0,0.0,0.0,0.0
JIFFY A/S,"Industrivej 4, 8550 Ryomgård",Syddjurs,15.06.1971,36.0,Lille,Aktieselskab,33540515,4.8,11960000.0,DKK,2024.0,0,0,23,,0.0,0.0,0.0,0.0,0.0,0.0,0.0,0.0,0.0,0.0,0.0,0.0,0.0,0.0,0.0,1.0,0.0,0.0,0.0,0.0,0.0,0.0,0.0,0.0
LEMVIG BETON A/S,"Fabriksvej 3, 7620 Lemvig",Lemvig,01.07.1992,82.0,Mellemstor,Aktieselskab,16278890,550.0,65288000.0,DKK,2024.0,0,0,23,,0.0,0.0,0.0,0.0,0.0,1.0,0.0,0.0,0.0,0.0,0.0,0.0,0.0,0.0,0.0,0.0,0.0,0.0,0.0,0.0,0.0,0.0,0.0,0.0
Cementvarefabrikken Sælvig ApS,"Industrivej 25, 8305 Samsø",Samsø,12.04.2021,Ikke oplyst,Ikke oplyst,Anpartsselskab,42294233,40.0,86000.0,DKK,2024.0,0,0,23,,0.0,0.0,0.0,1.0,0.0,0.0,0.0,0.0,0.0,0.0,0.0,0.0,0.0,0.0,0.0,0.0,0.0,0.0,0.0,0.0,0.0,0.0,0.0,0.0
MUNCK ASFALT A/S,"Toftegårdsvej 18, 5800 Nyborg",Nyborg,03.01.1995,247.0,Mellemstor,Aktieselskab,18262894,500.0,59945000.0,DKK,2024.0,0,0,23,,0.0,0.0,0.0,0.0,0.0,0.0,0.0,0.0,0.0,1.0,0.0,0.0,0.0,0.0,0.0,0.0,0.0,0.0,0.0,0.0,0.0,0.0,0.0,0.0
ÅRHUS NY STENHUGGERI ApS,"Klamsagervej 45, 8230 Åbyhøj",Århus,26.06.2008,3.0,Mikro,Anpartsselskab,31576512,125.0,606000.0,DKK,2024.0,0,0,23,,0.0,0.0,0.0,0.0,0.0,0.0,0.0,0.0,0.0,0.0,0.0,0.0,0.0,0.0,0.0,0.0,0.0,0.0,1.0,0.0,0.0,0.0,0.0,0.0
HY beton ApS,"Håndværkervej 13, 7400 Herning",Herning,30.01.2018,Ikke oplyst,Ikke oplyst,Anpartsselskab,39289407,40.0,-45000.0,DKK,2024.0,0,0,23,,0.0,0.0,0.0,0.0,0.0,0.0,0.0,0.0,1.0,0.0,0.0,0.0,0.0,0.0,0.0,0.0,0.0,0.0,0.0,0.0,0.0,0.0,0.0,0.0
HASTRUP MØRTEL- OG SINGELSVÆRK ApS,"Ådalsvej 6, 4720 Præstø",Vordingborg,06.11.1978,3.0,Mikro,Anpartsselskab,87859010,200.0,839000.0,DKK,2023.0,0,0,23,,0.0,0.0,0.0,0.0,0.0,0.0,0.0,0.0,0.0,0.0,0.0,0.0,0.0,0.0,0.0,0.0,0.0,0.0,0.0,1.0,0.0,0.0,0.0,0.0
DANSTEIN A/S,"Industriparken 28, 4450 Jyderup",Holbæk,14.01.2005,13.0,Lille,Aktieselskab,28331339,2.5,7237000.0,DKK,2024.0,0,0,23,,0.0,0.0,0.0,0.0,0.0,0.0,0.0,0.0,0.0,0.0,0.0,0.0,0.0,0.0,0.0,0.0,0.0,0.0,1.0,0.0,0.0,0.0,0.0,0.0
"PETERSEN BETON, TØNDER ApS","Hydrovej 12, 6270 Tønder",Tønder,12.11.2000,Ikke oplyst,Ikke oplyst,Anpartsselskab,10048761,125.0,-2399000.0,DKK,2023.0,0,0,23,,0.0,0.0,0.0,0.0,0.0,1.0,0.0,0.0,0.0,0.0,0.0,0.0,0.0,0.0,0.0,0.0,0.0,0.0,0.0,0.0,0.0,0.0,0.0,0.0
Sambeso ApS,"Lauritz Sørensens Vej 10 4 th, 2000 Frederiksberg",Frederiksberg,19.05.2017,1.0,Mikro,Anpartsselskab,38654209,40.0,149000.0,DKK,2023.0,0,0,23,,0.0,0.0,1.0,0.0,0.0,0.0,0.0,0.0,0.0,0.0,0.0,0.0,0.0,0.0,0.0,0.0,0.0,0.0,0.0,0.0,0.0,0.0,0.0,0.0
DANO MAST A/S,"Nøragervej 1, 6682 Hovborg",Vejen,12.03.2010,15.0,Lille,Aktieselskab,32787088,2.0,7318000.0,DKK,2023.0,0,0,23,,0.0,0.0,0.0,0.0,0.0,0.0,1.0,0.0,0.0,0.0,0.0,0.0,0.0,0.0,0.0,0.0,0.0,0.0,0.0,0.0,0.0,0.0,0.0,0.0
Thorøhuse Keramik ApS,"Kragsbjergvej 3, 5610 Assens",Assens,06.04.2021,Ikke oplyst,Ikke oplyst,Anpartsselskab,42279447,40.0,250000.0,DKK,2023.0,0,0,23,,0.0,0.0,1.0,0.0,0.0,0.0,0.0,0.0,0.0,0.0,0.0,0.0,0.0,0.0,0.0,0.0,0.0,0.0,0.0,0.0,0.0,0.0,0.0,0.0
FC BETON A/S,"Nibevej 151, 9200 Aalborg SV",Aalborg,24.06.1988,45.0,Lille,Aktieselskab,12230400,1.0,40781000.0,DKK,2024.0,0,0,23,,0.0,0.0,0.0,1.0,0.0,1.0,0.0,0.0,0.0,0.0,0.0,0.0,0.0,0.0,0.0,0.0,0.0,0.0,0.0,0.0,0.0,0.0,0.0,0.0
Cosentino Denmark ApS,"Snedkervej 1, 8722 Hedensted",Hedensted,25.11.2015,9.0,Mikro,Anpartsselskab,37276839,7.0,13108000.0,DKK,2023.0,0,0,23,,0.0,0.0,0.0,0.0,0.0,0.0,0.0,0.0,1.0,0.0,0.0,0.0,0.0,0.0,0.0,0.0,0.0,0.0,0.0,0.0,0.0,0.0,0.0,0.0
Ebens Studio ApS,"Refshalevej 213 A, 1432 København K",København,28.02.2020,1.0,Mikro,Anpartsselskab,41210184,40.0,175000.0,DKK,2024.0,0,0,23,,0.0,0.0,1.0,0.0,0.0,0.0,0.0,0.0,0.0,0.0,0.0,0.0,0.0,0.0,0.0,0.0,0.0,0.0,0.0,0.0,0.0,0.0,0.0,0.0
CENTRUM PÆLE A/S,"Grønlandsvej 96, 7100 Vejle",Vejle,14.05.2003,80.0,Mellemstor,Aktieselskab,27242561,1.0,118480000.0,DKK,2024.0,1,0,23,,0.0,0.0,0.0,1.0,0.0,0.0,0.0,0.0,0.0,0.0,0.0,0.0,0.0,0.0,0.0,0.0,0.0,0.0,0.0,0.0,0.0,0.0,0.0,0.0
Fladenland A/S,"Frisvadvej 42, 6800 Varde",Varde,28.07.1971,Ikke oplyst,Ikke oplyst,Aktieselskab,30268814,500.0,0.0,DKK,2024.0,0,0,23,,0.0,0.0,0.0,1.0,0.0,0.0,0.0,0.0,1.0,0.0,0.0,0.0,0.0,0.0,0.0,0.0,0.0,0.0,0.0,0.0,0.0,0.0,0.0,0.0
CLAYTON A/S,"Farøvej 18, 4793 Bogø By",Vordingborg,27.06.2003,3.0,Mikro,Aktieselskab,27225829,500.0,-93000.0,DKK,2023.0,0,0,23,,0.0,0.0,0.0,0.0,0.0,0.0,0.0,0.0,0.0,0.0,0.0,0.0,0.0,0.0,0.0,1.0,0.0,0.0,0.0,0.0,0.0,0.0,0.0,0.0
A/S FORENEDE STENHUGGERIER,"Industriholmen 21, 2650 Hvidovre",Hvidovre,03.06.1996,7.0,Mikro,Aktieselskab,19209806,500.0,3487000.0,DKK,2023.0,0,0,23,,0.0,0.0,0.0,0.0,0.0,0.0,0.0,0.0,0.0,0.0,0.0,0.0,0.0,0.0,0.0,0.0,0.0,0.0,1.0,0.0,0.0,0.0,0.0,0.0
Pilehave Natursten ApS,"Svalehøjvej 1 A, 3650 Ølstykke",Egedal,13.04.2018,4.0,Mikro,Anpartsselskab,39499169,50.0,1609000.0,DKK,2024.0,0,0,23,,0.0,0.0,0.0,0.0,0.0,0.0,0.0,0.0,0.0,0.0,0.0,0.0,0.0,0.0,0.0,0.0,0.0,0.0,1.0,0.0,0.0,0.0,0.0,0.0
Danish Graphene ApS,"Tysklandsvej 7, 7100 Vejle",Vejle,27.05.2020,13.0,Lille,Anpartsselskab,41406704,72.0,-1447000.0,DKK,2023.0,0,0,23,,0.0,0.0,0.0,0.0,0.0,0.0,0.0,0.0,0.0,0.0,0.0,0.0,0.0,0.0,0.0,1.0,0.0,0.0,0.0,0.0,0.0,0.0,0.0,0.0
INNOGROW ApS,"Rundingsholms Alle 35, 4300 Holbæk",Holbæk,14.11.2014,Ikke oplyst,Ikke oplyst,Anpartsselskab,36433639,50.0,-24000.0,DKK,2024.0,0,0,23,,0.0,0.0,0.0,0.0,0.0,0.0,0.0,0.0,1.0,0.0,0.0,0.0,0.0,0.0,0.0,0.0,0.0,0.0,0.0,0.0,0.0,0.0,0.0,0.0
Lerkenfeldt Cooperation ApS,"Gammel Lundtoftevej 1 C st, 2800 Kongens Lyngby",Lyngby-Taarbæk,01.05.2023,1.0,Mikro,Anpartsselskab,44024691,80.0,-105000.0,DKK,2024.0,0,0,23,,1.0,0.0,0.0,0.0,0.0,0.0,0.0,0.0,0.0,0.0,0.0,0.0,0.0,0.0,0.0,0.0,0.0,0.0,0.0,0.0,0.0,0.0,0.0,0.0
BAGGESEN BEGRAVELSESFORRETNING & STENHUGGERI ApS,"Frederikshavnsvej 58, 9800 Hjørring",Hjørring,02.09.2008,9.0,Mikro,Anpartsselskab,30522613,125.0,4205000.0,DKK,2024.0,0,0,23,,0.0,0.0,0.0,0.0,0.0,0.0,0.0,0.0,0.0,0.0,0.0,0.0,0.0,0.0,0.0,0.0,0.0,0.0,1.0,0.0,0.0,0.0,0.0,0.0
GUNDSØ GRUS OG STEN ApS,"Holmevej 41, 3670 Veksø Sjælland",Egedal,26.01.1977,Ikke oplyst,Ikke oplyst,Anpartsselskab,81850828,400.0,257000.0,DKK,2024.0,0,0,23,,0.0,0.0,0.0,0.0,0.0,1.0,0.0,0.0,0.0,0.0,0.0,0.0,0.0,0.0,0.0,0.0,0.0,0.0,0.0,0.0,0.0,0.0,0.0,0.0
DANTEAM GAZELLE FIBERBETON ApS,"Frøbjergvej 52, 5560 Aarup",Assens,20.09.1975,Ikke oplyst,Ikke oplyst,Anpartsselskab,56059016,125.0,-19000.0,DKK,2023.0,0,0,23,,0.0,0.0,0.0,0.0,0.0,0.0,0.0,0.0,0.0,0.0,0.0,0.0,0.0,0.0,0.0,0.0,0.0,0.0,0.0,1.0,0.0,0.0,0.0,0.0
DUO LINE ApS,"Vadehavsvej 1, 6852 Billum",Varde,26.07.1999,14.0,Lille,Anpartsselskab,21837571,181.0,7965000.0,DKK,2024.0,0,0,23,,0.0,0.0,0.0,0.0,0.0,0.0,0.0,0.0,0.0,0.0,0.0,0.0,0.0,0.0,0.0,0.0,1.0,0.0,0.0,0.0,0.0,0.0,0.0,0.0
Leine ApS,"Skovholmslundvej 2, 4690 Haslev",Faxe,31.01.2022,Ikke oplyst,Ikke oplyst,Anpartsselskab,43042343,40.0,23000.0,DKK,2023.0,0,0,23,,0.0,0.0,1.0,0.0,0.0,0.0,0.0,0.0,0.0,0.0,0.0,0.0,0.0,0.0,0.0,0.0,0.0,0.0,0.0,0.0,0.0,0.0,0.0,0.0
STONECARE A/S,"Strandvejen 13, 4600 Køge",Køge,06.07.1971,Ikke oplyst,Ikke oplyst,Aktieselskab,37206318,500.0,212000.0,DKK,2023.0,0,0,23,,0.0,0.0,0.0,0.0,0.0,0.0,0.0,0.0,0.0,0.0,0.0,0.0,0.0,0.0,0.0,0.0,0.0,0.0,1.0,0.0,0.0,0.0,0.0,0.0
CRH CONCRETE A/S,"Vestergade 25, 4130 Viby Sjælland",Roskilde,01.01.1999,1175.0,Stor,Aktieselskab,21474878,76.0,312755000.0,DKK,2023.0,0,0,23,,0.0,0.0,0.0,1.0,0.0,0.0,0.0,0.0,0.0,0.0,0.0,0.0,0.0,0.0,0.0,0.0,0.0,0.0,0.0,0.0,0.0,0.0,0.0,0.0
LEMVIG TRÆLASTHANDEL. BRDR. SKOU A/S,"Østerbrogade 6, 7620 Lemvig",Lemvig,29.04.1974,5.0,Mikro,Aktieselskab,47907519,600.0,1213000.0,DKK,2023.0,0,0,23,,0.0,0.0,0.0,0.0,0.0,1.0,0.0,0.0,0.0,0.0,0.0,0.0,0.0,0.0,0.0,0.0,0.0,0.0,0.0,0.0,0.0,0.0,0.0,0.0
FlowerRen ApS,"Lagesminde Allé 22, 2660 Brøndby Strand",Brøndby,29.04.2022,2.0,Mikro,Anpartsselskab,43226460,40.0,402000.0,DKK,2023.0,0,0,23,,0.0,0.0,0.0,0.0,0.0,0.0,0.0,0.0,0.0,0.0,0.0,0.0,0.0,0.0,0.0,0.0,0.0,0.0,1.0,0.0,0.0,0.0,0.0,0.0
Ermax A/S,"Vranderupvej 2, 6000 Kolding",Kolding,01.07.1991,23.0,Lille,Aktieselskab,15277335,5.0,24417000.0,DKK,2023.0,0,0,23,,0.0,0.0,0.0,0.0,0.0,0.0,0.0,0.0,0.0,0.0,0.0,0.0,0.0,1.0,0.0,0.0,0.0,0.0,0.0,0.0,0.0,0.0,0.0,0.0
NovaClay A/S,"Vestergade 25, 4130 Viby Sjælland",Roskilde,27.06.2022,17.0,Lille,Aktieselskab,43355872,400.0,-174000.0,DKK,2023.0,0,0,23,,0.0,0.0,0.0,0.0,1.0,0.0,0.0,0.0,0.0,0.0,0.0,0.0,0.0,0.0,0.0,0.0,0.0,0.0,0.0,0.0,0.0,0.0,0.0,0.0
Brianka Design ApS,"Rørhønevej 1, 2970 Hørsholm",Hørsholm,13.01.2021,Ikke oplyst,Ikke oplyst,Anpartsselskab,42032492,40.0,,nan,2023.0,0,0,23,,0.0,0.0,1.0,0.0,0.0,0.0,0.0,0.0,0.0,0.0,0.0,0.0,0.0,0.0,0.0,0.0,0.0,0.0,0.0,0.0,0.0,0.0,0.0,0.0
GuldbergThiim ApS,"Nørretanderupvej 19 A, 7400 Herning",Herning,10.09.2021,Ikke oplyst,Ikke oplyst,Anpartsselskab,42679984,40.0,36000.0,DKK,2023.0,0,0,23,,0.0,0.0,1.0,0.0,0.0,0.0,0.0,0.0,0.0,0.0,0.0,0.0,0.0,0.0,0.0,0.0,0.0,0.0,0.0,0.0,0.0,0.0,0.0,0.0
KERATON ApS,"Østervej 2, 4960 Holeby",Lolland,25.06.2007,1.0,Mikro,Anpartsselskab,30732243,125.0,2463000.0,DKK,2023.0,0,0,23,,0.0,0.0,0.0,0.0,0.0,0.0,0.0,1.0,0.0,0.0,0.0,0.0,0.0,0.0,0.0,0.0,0.0,0.0,0.0,0.0,0.0,0.0,0.0,0.0
C.C. Jensen Window A/S,"Løvholmen 13, 5700 Svendborg",Svendborg,23.11.2016,Ikke oplyst,Ikke oplyst,Aktieselskab,38207970,500.0,-1831000.0,DKK,2023.0,0,0,23,,0.0,0.0,0.0,0.0,0.0,0.0,0.0,0.0,0.0,0.0,0.0,0.0,0.0,1.0,0.0,0.0,0.0,0.0,0.0,0.0,0.0,0.0,0.0,0.0
"Gammelgård glas, sæbe og kunst ApS","Abbetvedvej 2 B, 4000 Roskilde",Roskilde,24.08.2022,Ikke oplyst,Ikke oplyst,Anpartsselskab,43468170,316.0,-7000.0,DKK,2023.0,0,0,23,,0.0,0.0,1.0,0.0,0.0,0.0,0.0,0.0,0.0,0.0,0.0,0.0,0.0,0.0,0.0,0.0,0.0,0.0,0.0,0.0,0.0,0.0,0.0,0.0
Heidelberg Materials Cement Danmark A/S,"Fredensvej 40, 4100 Ringsted",Ringsted,29.11.2005,3.0,Mikro,Aktieselskab,29189072,6.0,7122000.0,DKK,2023.0,0,0,23,,0.0,0.0,0.0,1.0,0.0,0.0,0.0,0.0,0.0,0.0,0.0,0.0,0.0,0.0,0.0,0.0,0.0,0.0,0.0,0.0,0.0,0.0,0.0,0.0
SHT AF 23.06.2011 A/S,"Mørupvej 15, 7400 Herning",Herning,12.08.2011,55.0,Mellemstor,Aktieselskab,33869487,500.0,22759000.0,DKK,2024.0,0,0,23,,0.0,0.0,0.0,1.0,0.0,0.0,0.0,0.0,0.0,0.0,0.0,0.0,0.0,0.0,0.0,0.0,0.0,0.0,0.0,0.0,0.0,0.0,0.0,0.0
BIRKERØD POTTEMAGERI ApS,"Tornevangsvej 86, 3460 Birkerød",Rudersdal,16.06.1980,2.0,Mikro,Anpartsselskab,61673717,125.0,763000.0,DKK,2024.0,0,0,23,,0.0,0.0,1.0,0.0,0.0,0.0,0.0,0.0,0.0,0.0,0.0,0.0,0.0,0.0,0.0,0.0,0.0,0.0,0.0,0.0,0.0,0.0,0.0,0.0
Hammerglass Denmark ApS,"Ormhøjgårdvej 27, 8700 Horsens",Horsens,28.03.2018,1.0,Mikro,Anpartsselskab,39469766,50.0,670000.0,DKK,2024.0,0,0,23,1.0,0.0,0.0,0.0,0.0,0.0,0.0,0.0,0.0,0.0,0.0,0.0,0.0,0.0,0.0,0.0,0.0,0.0,0.0,0.0,0.0,0.0,0.0,0.0,0.0
TheClayPlay ApS,"Agtoftsvej 7 C, 6400 Sønderborg",Sønderborg,12.01.2023,5.0,Mikro,Anpartsselskab,43771841,57.0,1828000.0,DKK,2023.0,0,0,23,,0.0,0.0,1.0,0.0,0.0,0.0,0.0,0.0,0.0,0.0,0.0,0.0,0.0,0.0,0.0,0.0,0.0,0.0,0.0,0.0,0.0,0.0,0.0,0.0
RS Epoxy & Microcement ApS,"Vinkelvej 36, 7840 Højslev",Skive,12.09.2021,Ikke oplyst,Ikke oplyst,Anpartsselskab,42681075,40.0,-18000.0,DKK,2023.0,0,0,23,,0.0,0.0,0.0,1.0,0.0,0.0,0.0,0.0,0.0,0.0,0.0,0.0,0.0,0.0,0.0,0.0,0.0,0.0,0.0,0.0,0.0,0.0,0.0,0.0
GIVE ELEMENTFABRIK A/S,"Hjortsvangen 19, 7323 Give",Vejle,13.11.1987,172.0,Mellemstor,Aktieselskab,11572707,500.0,36577000.0,DKK,2024.0,0,0,23,,0.0,0.0,0.0,1.0,0.0,0.0,0.0,0.0,0.0,0.0,0.0,0.0,0.0,0.0,0.0,0.0,0.0,0.0,0.0,0.0,0.0,0.0,0.0,0.0
STENHUGGER FREDE KRIEGBAUM ApS,"Dronningborg Boulevard 1, 8930 Randers NØ",Randers,28.06.2002,Ikke oplyst,Ikke oplyst,Anpartsselskab,26672503,125.0,-26000.0,DKK,2023.0,0,0,23,,0.0,0.0,0.0,0.0,0.0,0.0,0.0,0.0,0.0,0.0,0.0,0.0,0.0,0.0,0.0,0.0,0.0,0.0,1.0,0.0,0.0,0.0,0.0,0.0
KOTA A/S,"Håndværkervænget 11, 7620 Lemvig",Lemvig,14.06.2006,5.0,Mikro,Aktieselskab,29617120,500.0,2029000.0,DKK,2024.0,0,0,23,,0.0,0.0,0.0,1.0,0.0,0.0,0.0,0.0,0.0,0.0,0.0,0.0,0.0,0.0,0.0,0.0,0.0,0.0,0.0,0.0,0.0,0.0,0.0,0.0
POLYSAN A/S,"Industrivej 17, 5672 Broby",Faaborg-Midtfyn,30.09.1975,20.0,Lille,Aktieselskab,27412319,3.6,8554000.0,DKK,2023.0,0,0,23,,0.0,0.0,0.0,1.0,0.0,0.0,0.0,0.0,0.0,0.0,0.0,0.0,0.0,0.0,0.0,0.0,0.0,0.0,0.0,0.0,0.0,0.0,0.0,0.0
MM COMPOSITE A/S,"Industrivænget 2 B, 5580 Nørre Aaby",Middelfart,05.01.2011,24.0,Lille,Aktieselskab,33381719,500.0,27369000.0,DKK,2023.0,0,0,23,,0.0,0.0,0.0,0.0,0.0,0.0,1.0,0.0,0.0,0.0,0.0,0.0,0.0,0.0,0.0,0.0,0.0,0.0,0.0,0.0,0.0,0.0,0.0,0.0
FG&N ApS,"Kulsviervej 5, 3400 Hillerød",Hillerød,16.01.2014,Ikke oplyst,Ikke oplyst,Anpartsselskab,35640991,500.0,-230000.0,DKK,2023.0,0,0,23,,0.0,0.0,0.0,0.0,0.0,0.0,0.0,0.0,0.0,0.0,0.0,0.0,0.0,0.0,0.0,0.0,0.0,0.0,1.0,0.0,0.0,0.0,0.0,0.0
Magmose A/S,"Brøndagervej 10, 4736 Karrebæksminde",Næstved,18.02.2011,Ikke oplyst,Ikke oplyst,Aktieselskab,33508107,500.0,-373000.0,DKK,2023.0,0,0,23,,0.0,0.0,0.0,1.0,0.0,0.0,0.0,0.0,0.0,0.0,0.0,0.0,0.0,0.0,0.0,0.0,0.0,0.0,0.0,0.0,0.0,0.0,0.0,0.0
Kulki ApS,"Århus Plads 2 st th, 2100 København Ø",København,14.01.2022,Ikke oplyst,Ikke oplyst,Anpartsselskab,42977438,40.0,20000.0,DKK,2023.0,0,0,23,,0.0,0.0,1.0,0.0,0.0,0.0,0.0,0.0,0.0,0.0,0.0,0.0,0.0,0.0,0.0,0.0,0.0,0.0,0.0,0.0,0.0,0.0,0.0,0.0
FÅRUP BETONINDUSTRI A/S,"Kærvej 1, 8990 Fårup",Randers,02.10.1992,75.0,Mellemstor,Aktieselskab,16504149,1.0,39604000.0,DKK,2024.0,0,0,23,,0.0,0.0,0.0,1.0,0.0,0.0,0.0,0.0,0.0,0.0,0.0,0.0,0.0,0.0,0.0,0.0,0.0,0.0,0.0,0.0,0.0,0.0,0.0,0.0
BANO DANMARK A/S,"Møllehaven 8, 4040 Jyllinge",Roskilde,19.05.2010,2.0,Mikro,Aktieselskab,32939503,500.0,871000.0,DKK,2023.0,0,0,23,,0.0,0.0,0.0,0.0,0.0,0.0,0.0,0.0,0.0,0.0,0.0,0.0,0.0,0.0,0.0,0.0,1.0,0.0,0.0,0.0,0.0,0.0,0.0,0.0
Glassline Nordic ApS,"Rådhusvej 6 C, 4640 Faxe",Faxe,23.08.2022,Ikke oplyst,Ikke oplyst,Anpartsselskab,43460633,40.0,1934000.0,DKK,2023.0,0,0,23,1.0,0.0,0.0,0.0,0.0,0.0,0.0,0.0,0.0,0.0,0.0,0.0,0.0,0.0,0.0,0.0,0.0,0.0,0.0,0.0,0.0,0.0,0.0,0.0,0.0
B4C ApS,"Nordre Fasanvej 215, 2000 Frederiksberg",Frederiksberg,08.02.2022,1.0,Mikro,Anpartsselskab,43050958,40.0,1798000.0,DKK,2023.0,0,0,23,,0.0,0.0,0.0,0.0,0.0,0.0,0.0,0.0,0.0,0.0,0.0,0.0,0.0,0.0,0.0,0.0,0.0,0.0,0.0,0.0,0.0,0.0,1.0,0.0
Kabton Build ApS,"Industrivej 21, 6740 Bramming",Esbjerg,30.08.2022,24.0,Lille,Anpartsselskab,43477773,40.0,5322000.0,DKK,2023.0,0,0,23,,0.0,0.0,0.0,1.0,0.0,0.0,0.0,0.0,0.0,0.0,0.0,0.0,0.0,0.0,0.0,0.0,0.0,0.0,0.0,0.0,0.0,0.0,0.0,0.0
Selskabet af 2. januar 2025 A/S,"Gl. Skivevej 70, 8800 Viborg",Viborg,26.07.2018,Ikke oplyst,Ikke oplyst,Aktieselskab,39770342,400.0,1499000.0,DKK,2023.0,0,0,23,,0.0,0.0,1.0,0.0,0.0,0.0,0.0,0.0,0.0,0.0,0.0,0.0,0.0,0.0,0.0,0.0,0.0,0.0,0.0,0.0,0.0,0.0,0.0,0.0
KUMA A/S,"Industriparken 12, 7321 Gadbjerg",Vejle,05.06.1997,26.0,Lille,Aktieselskab,20257377,3.7,21878000.0,DKK,2023.0,0,0,23,,0.0,0.0,0.0,0.0,0.0,0.0,0.0,0.0,0.0,0.0,0.0,0.0,0.0,0.0,0.0,0.0,1.0,0.0,0.0,0.0,0.0,0.0,0.0,0.0
KORSKRO GRANIT- & NATURSTEN ApS,"Grimstrupvej 137, 6705 Esbjerg Ø",Esbjerg,11.03.2010,5.0,Mikro,Anpartsselskab,32785883,50.0,1040000.0,DKK,2024.0,0,0,23,,0.0,0.0,0.0,0.0,0.0,0.0,0.0,0.0,0.0,0.0,0.0,0.0,0.0,0.0,0.0,0.0,0.0,0.0,1.0,0.0,0.0,0.0,0.0,0.0
FISKARS DENMARK A/S,"Dirch Passers Allé 76 1, 2000 Frederiksberg",Frederiksberg,23.04.2002,305.0,Stor,Aktieselskab,26573572,21.0,533000000.0,DKK,2023.0,0,0,23,,0.0,0.0,1.0,0.0,0.0,0.0,0.0,0.0,0.0,0.0,0.0,0.0,0.0,0.0,0.0,0.0,0.0,0.0,0.0,0.0,0.0,0.0,0.0,0.0
RM BORE & SKÆRE TEKNIQ ApS,"Baldersvej 14, 4300 Holbæk",Holbæk,26.05.2023,Ikke oplyst,Ikke oplyst,Anpartsselskab,44081040,40.0,-4000.0,DKK,2023.0,0,0,23,,0.0,0.0,0.0,0.0,0.0,0.0,0.0,0.0,0.0,0.0,0.0,0.0,0.0,0.0,0.0,0.0,0.0,0.0,1.0,0.0,0.0,0.0,0.0,0.0
Atelier i lejet aps,"Hovedgaden 61, 3220 Tisvildeleje",Gribskov,08.08.2022,Ikke oplyst,Ikke oplyst,Anpartsselskab,43435361,40.0,13000.0,DKK,2024.0,0,0,23,,0.0,0.0,1.0,0.0,0.0,0.0,0.0,0.0,0.0,0.0,0.0,0.0,0.0,0.0,0.0,0.0,0.0,0.0,0.0,0.0,0.0,0.0,0.0,0.0
BRDR. LAURSENS EFTF.. STENHUGGERI A/S,"Glentevej 53, 2400 København NV",København,15.10.1951,4.0,Mikro,Aktieselskab,59656910,500.0,3872000.0,DKK,2024.0,0,0,23,,0.0,0.0,0.0,0.0,0.0,0.0,0.0,0.0,0.0,0.0,0.0,0.0,0.0,0.0,0.0,0.0,0.0,0.0,1.0,0.0,0.0,0.0,0.0,0.0
SUPPLY CHAIN TURNAROUND Aps,"Fortgård Alle 56, 2770 Kastrup",Tårnby,26.08.2019,Ikke oplyst,Ikke oplyst,Anpartsselskab,40746110,50.0,-2000.0,DKK,2023.0,0,0,23,,0.0,0.0,1.0,0.0,0.0,0.0,0.0,0.0,0.0,0.0,0.0,0.0,0.0,0.0,0.0,0.0,0.0,0.0,0.0,0.0,0.0,0.0,0.0,0.0
Fast Wilms ApS,"Engen 19, 3250 Gilleleje",Gribskov,27.01.2021,Ikke oplyst,Ikke oplyst,Anpartsselskab,42082910,40.0,,nan,2023.0,0,0,23,,0.0,0.0,1.0,0.0,0.0,0.0,0.0,0.0,0.0,0.0,0.0,0.0,0.0,0.0,0.0,0.0,0.0,0.0,0.0,0.0,0.0,0.0,0.0,0.0
Concrete Living Trade ApS,"Skodsborgvej 130 A, 2840 Holte",Rudersdal,04.01.2012,1.0,Mikro,Anpartsselskab,34203326,80.0,-14000.0,DKK,2024.0,0,0,23,,0.0,0.0,0.0,0.0,0.0,0.0,0.0,0.0,1.0,0.0,0.0,0.0,0.0,0.0,0.0,0.0,0.0,0.0,0.0,0.0,0.0,0.0,0.0,0.0
Akua Objects ApS,"Gothersgade 8 B 1, 1123 København K",København,04.03.2022,4.0,Mikro,Anpartsselskab,43104942,40.0,118000.0,DKK,2023.0,0,0,23,,0.0,1.0,0.0,0.0,0.0,0.0,0.0,0.0,0.0,0.0,0.0,0.0,0.0,0.0,0.0,0.0,0.0,0.0,0.0,0.0,0.0,0.0,0.0,0.0
Naturstens Produktion ApS,"Kulsviervej 14 A, 3400 Hillerød",Hillerød,28.07.2021,5.0,Mikro,Anpartsselskab,42576166,40.0,2339000.0,DKK,2023.0,0,0,23,,0.0,0.0,0.0,0.0,0.0,0.0,0.0,0.0,0.0,0.0,0.0,0.0,0.0,0.0,0.0,0.0,0.0,0.0,1.0,0.0,0.0,0.0,0.0,0.0
Kaisens ApS,"Uplandsgade 26 1 tv, 2300 København S",København,26.09.2018,1.0,Mikro,Anpartsselskab,39891417,50.0,49000.0,DKK,2023.0,0,0,23,,0.0,0.0,0.0,0.0,0.0,0.0,0.0,0.0,0.0,0.0,0.0,0.0,0.0,0.0,0.0,0.0,0.0,1.0,0.0,0.0,0.0,0.0,0.0,0.0
NISS SØRENSEN & SØN A/S,"Drosselvej 9, 7860 Spøttrup",Skive,01.04.1969,10.0,Lille,Aktieselskab,26244110,500.0,5880000.0,DKK,2024.0,0,0,23,,0.0,0.0,0.0,1.0,0.0,0.0,0.0,0.0,0.0,0.0,0.0,0.0,0.0,0.0,0.0,0.0,0.0,0.0,0.0,0.0,0.0,0.0,0.0,0.0
Top Products A/S,"Håndværkervej 25 A, 4160 Herlufmagle",Næstved,01.06.2004,5.0,Mikro,Aktieselskab,27774938,938.0,1236000.0,DKK,2024.0,0,0,23,,0.0,0.0,0.0,0.0,0.0,1.0,0.0,0.0,0.0,0.0,0.0,0.0,0.0,0.0,0.0,0.0,0.0,0.0,0.0,0.0,0.0,0.0,0.0,0.0
HI-CON ApS,"Hjallerup Erhvervspark 1, 9320 Hjallerup",Brønderslev-Dronninglund,04.05.2001,47.0,Lille,Anpartsselskab,26020387,5.111,44864000.0,DKK,2023.0,0,0,23,,0.0,0.0,0.0,1.0,0.0,0.0,0.0,0.0,0.0,0.0,0.0,0.0,0.0,0.0,0.0,0.0,0.0,0.0,0.0,0.0,0.0,0.0,0.0,0.0
Unelco ApS,"Trundholmvejen 4, 4573 Højby",Odsherred,24.04.2015,1.0,Mikro,Anpartsselskab,36724404,50.0,5000.0,DKK,2024.0,0,0,23,,0.0,0.0,0.0,1.0,0.0,0.0,0.0,0.0,0.0,0.0,0.0,0.0,0.0,0.0,0.0,0.0,0.0,0.0,0.0,0.0,0.0,0.0,0.0,0.0
NS Give Elementer A/S,"Mågevej 1, 8766 Nørre Snede",Ikast-Brande,26.06.2018,45.0,Lille,Aktieselskab,39672987,500.0,19971000.0,DKK,2024.0,0,0,23,,0.0,0.0,0.0,1.0,0.0,0.0,0.0,0.0,0.0,0.0,0.0,0.0,0.0,0.0,0.0,0.0,0.0,0.0,0.0,0.0,0.0,0.0,0.0,0.0
Kolding Stenhuggeri og Gravsten ApS,"Industrivej 3, 6000 Kolding",Kolding,21.09.2015,6.0,Mikro,Anpartsselskab,37100307,50.0,1364000.0,DKK,2024.0,0,0,23,,0.0,0.0,0.0,0.0,0.0,0.0,0.0,0.0,0.0,0.0,0.0,0.0,0.0,0.0,0.0,0.0,0.0,0.0,1.0,0.0,0.0,0.0,0.0,0.0
FAXE KALK A/S,"Hovedgaden 13 A, 4654 Faxe Ladeplads",Faxe,31.05.1998,72.0,Mellemstor,Aktieselskab,20882182,25.0,91722000.0,DKK,2023.0,0,0,23,,0.0,0.0,0.0,0.0,0.0,0.0,0.0,0.0,0.0,0.0,0.0,0.0,0.0,0.0,0.0,0.0,0.0,1.0,0.0,0.0,0.0,0.0,0.0,0.0
Danske Teglbjælker ApS,"Risbøge 54, 6640 Lunderskov",Kolding,02.02.2017,Ikke oplyst,Ikke oplyst,Anpartsselskab,38392794,40.0,15000.0,DKK,2024.0,0,0,23,,0.0,0.0,0.0,0.0,0.0,0.0,0.0,0.0,0.0,0.0,1.0,0.0,0.0,0.0,0.0,0.0,0.0,0.0,0.0,0.0,0.0,0.0,0.0,0.0
SUNARC TECHNOLOGY A/S,"Industrivej 44, 4683 Rønnede",Faxe,20.06.2000,1.0,Mikro,Aktieselskab,25463749,1.688,3818000.0,DKK,2023.0,0,0,23,1.0,0.0,0.0,0.0,0.0,0.0,0.0,0.0,0.0,0.0,0.0,0.0,0.0,0.0,0.0,0.0,0.0,0.0,0.0,0.0,0.0,0.0,0.0,0.0,0.0
HØJGAARD INDUSTRI A/S,"Smakkedalen 4 1, 2820 Gentofte",Gentofte,24.05.1983,31.0,Lille,Aktieselskab,72212118,2.0,9692000.0,DKK,2023.0,0,0,23,,0.0,0.0,0.0,0.0,0.0,0.0,0.0,0.0,1.0,0.0,0.0,0.0,0.0,0.0,0.0,0.0,0.0,0.0,0.0,0.0,0.0,0.0,0.0,0.0
HATTING TERMOGLAS ApS,"Grønlandsvej 11 S, 8700 Horsens",Horsens,25.11.1986,1.0,Mikro,Anpartsselskab,10490375,200.0,634000.0,DKK,2024.0,0,0,23,,0.0,0.0,0.0,0.0,0.0,0.0,0.0,0.0,0.0,0.0,0.0,0.0,0.0,1.0,0.0,0.0,0.0,0.0,0.0,0.0,0.0,0.0,0.0,0.0
Julie Bonde Studio ApS,"Attemosevej 93 th, 2840 Holte",Rudersdal,18.08.2014,1.0,Mikro,Anpartsselskab,36067225,40.0,-16000.0,DKK,2023.0,0,0,23,,0.0,0.0,1.0,0.0,0.0,0.0,0.0,0.0,0.0,0.0,0.0,0.0,0.0,0.0,0.0,0.0,0.0,0.0,0.0,0.0,0.0,0.0,0.0,0.0
KERAMAX A/S,"Højvangsvej 31, 4340 Tølløse",Holbæk,30.04.1982,1.0,Mikro,Aktieselskab,68391628,500.0,366000.0,DKK,2024.0,0,0,23,,0.0,0.0,0.0,0.0,0.0,0.0,0.0,0.0,0.0,0.0,0.0,0.0,0.0,0.0,0.0,1.0,0.0,0.0,0.0,0.0,0.0,0.0,0.0,0.0
The Ranch 3000 ApS,"Ømosevej 22, 3000 Helsingør",Helsingør,01.09.2019,Ikke oplyst,Ikke oplyst,Anpartsselskab,40753788,40.0,58000.0,DKK,2023.0,0,0,23,,0.0,0.0,0.0,0.0,0.0,0.0,0.0,0.0,0.0,0.0,0.0,0.0,0.0,0.0,0.0,0.0,0.0,0.0,1.0,0.0,0.0,0.0,0.0,0.0
PETERSEN TEGL A/S,"Nybølnorvej 14, 6310 Broager",Sønderborg,16.02.1971,153.0,Mellemstor,Aktieselskab,28672012,5.0,141001000.0,DKK,2023.0,0,0,23,,0.0,0.0,0.0,0.0,0.0,0.0,0.0,0.0,0.0,0.0,1.0,0.0,0.0,0.0,0.0,0.0,0.0,0.0,0.0,0.0,0.0,0.0,0.0,0.0
ShadowWindows ApS,"Astrup Skovvej 14, 8370 Hadsten",Favrskov,30.06.2017,3.0,Mikro,Anpartsselskab,38759736,50.0,1607000.0,DKK,2024.0,0,0,23,1.0,0.0,0.0,0.0,0.0,0.0,0.0,0.0,0.0,0.0,0.0,0.0,0.0,0.0,0.0,0.0,0.0,0.0,0.0,0.0,0.0,0.0,0.0,0.0,0.0
ASTRUP CEMENTSTØBERI A/S,"Lysholt Alle 4, 7430 Ikast",Ikast-Brande,01.01.1990,9.0,Mikro,Aktieselskab,13835799,660.0,2903000.0,DKK,2023.0,0,0,23,,0.0,0.0,0.0,1.0,0.0,0.0,0.0,0.0,1.0,0.0,0.0,0.0,0.0,0.0,0.0,0.0,0.0,0.0,0.0,0.0,0.0,0.0,0.0,0.0
