Juridisk navn,Adresse,Kommune,Startdato,Antal ansatte,Størrelse,Selskabsform,CVR-nr,Selskabskapital,Bruttofortjeneste,Valuta,År for beregning,Kunde,Coating kunde,NACE-2,Anden trykning,Prepress- og premedia-arbejde,Reproduktion af indspillede medier,Bogbinding og lignende serviceydelser,Trykning af dagblade
VEST TRYK ApS,"Søndermarken 20, 6670 Holsted",Vejen,16.09.1978,8.0,Mikro,Anpartsselskab,85033328,200.0,7813000.0,DKK,2024.0,0,0,18,1.0,0.0,0.0,0.0,0.0
COLUMBUS FILM A/S,"Krondrevet 83, 3140 Ålsgårde",Helsingør,17.06.1997,1.0,Mikro,Aktieselskab,20412534,500.0,58000.0,DKK,2024.0,0,0,18,,0.0,1.0,0.0,0.0
KIDSPRINT ApS,"Skibetvej 14, 7100 Vejle",Vejle,19.11.2014,5.0,Mikro,Anpartsselskab,36436689,50.0,1303000.0,DKK,2023.0,0,0,18,1.0,0.0,0.0,0.0,0.0
We Print You ApS,"Edwin Rahrs Vej 32 M st 15, 8220 Brabrand",Århus,02.09.2019,Ikke oplyst,Ikke oplyst,Anpartsselskab,40752773,40.0,88000.0,DKK,2023.0,0,0,18,1.0,1.0,0.0,0.0,0.0
AARS AVIS & CENTRALTRYKKERIET A/S,"Himmerlandsgade 150, 9600 Aars",Vesthimmerland,28.03.1990,18.0,Lille,Aktieselskab,14042148,510.0,3677000.0,DKK,2023.0,0,0,18,1.0,0.0,0.0,0.0,0.0
BOGTRYKKERGÅRDEN NØRRESUNDBY ApS,"Østre Fælledvej 14, 9400 Nørresundby",Aalborg,03.08.2006,4.0,Mikro,Anpartsselskab,29774358,125.0,3112000.0,DKK,2024.0,0,0,18,1.0,0.0,0.0,0.0,0.0
A/S C. JUL. UTTENTHAL,"Guldalderen 20-22, 2640 Hedehusene",Høje-Taastrup,01.04.1991,23.0,Lille,Aktieselskab,15136502,1.0,11640000.0,DKK,2024.0,0,0,18,,0.0,0.0,1.0,0.0
ABC Print ApS,"Fynsvej 40, 6000 Kolding",Kolding,01.01.2016,1.0,Mikro,Anpartsselskab,37338087,50.0,465000.0,DKK,2024.0,0,0,18,1.0,0.0,0.0,0.0,0.0
BENT LAURSENS BOGBINDERI ApS,"Assensvej 3, 6000 Kolding",Kolding,30.06.1991,Ikke oplyst,Ikke oplyst,Anpartsselskab,15419695,244.0,-8000.0,DKK,2024.0,0,0,18,,0.0,0.0,1.0,0.0
ERRITSØ TRYK A/S,"Bundgårdsvej 3, 7000 Fredericia",Fredericia,01.06.2001,36.0,Lille,Aktieselskab,26096359,10.0,36951000.0,DKK,2023.0,0,0,18,,0.0,0.0,0.0,1.0
Nordic Bay ApS,"Ny Rønnebjergvej 129, 9760 Vrå",Hjørring,04.05.2021,Ikke oplyst,Ikke oplyst,Anpartsselskab,42361224,40.0,,nan,2023.0,0,0,18,1.0,0.0,0.0,0.0,0.0
BrightCon ApS,"Ravnsbjerggårdsvej 208, 3480 Fredensborg",Fredensborg,27.05.2020,Ikke oplyst,Ikke oplyst,Anpartsselskab,41392827,40.0,0.0,DKK,2023.0,0,0,18,1.0,0.0,0.0,0.0,0.0
DS Print og Produktion ApS,"Vestergade 10 3, 8900 Randers C",Randers,06.01.2017,2.0,Mikro,Anpartsselskab,38310496,50.0,760000.0,DKK,2023.0,0,0,18,1.0,0.0,0.0,0.0,0.0
PORS TRYK ApS,"Gammelby Møllevej 14, 6700 Esbjerg",Esbjerg,17.06.2002,4.0,Mikro,Anpartsselskab,26661641,395.0,647000.0,DKK,2023.0,0,0,18,1.0,0.0,0.0,0.0,0.0
STICKERSVIBORG ApS,"Lundvej 10, 8800 Viborg",Viborg,04.02.2015,Ikke oplyst,Ikke oplyst,Anpartsselskab,36538724,50.0,286000.0,DKK,2024.0,0,0,18,1.0,0.0,0.0,0.0,0.0
VEITEX ApS,"Ndr Stationsvej 2, 8721 Daugård",Hedensted,20.02.2014,1.0,Mikro,Anpartsselskab,35666826,50.0,110000.0,DKK,2023.0,0,0,18,1.0,0.0,0.0,0.0,0.0
LYNGE LYD ApS,"Kvædevej 16, 2830 Virum",Lyngby-Taarbæk,30.06.2005,Ikke oplyst,Ikke oplyst,Anpartsselskab,28885822,125.0,-3000.0,DKK,2023.0,0,0,18,,0.0,1.0,0.0,0.0
KUHLMANN PRINT & DESIGN ApS,"Havnegade 98, 5000 Odense C",Odense,27.11.2012,1.0,Mikro,Anpartsselskab,34803889,80.0,842000.0,DKK,2023.0,0,0,18,1.0,0.0,0.0,0.0,0.0
TRYK TEAM SVENDBORG A/S,"Grønnemosevej 13, 5700 Svendborg",Svendborg,01.02.1987,44.0,Lille,Aktieselskab,10585643,500.0,30831000.0,DKK,2024.0,0,0,18,1.0,0.0,0.0,0.0,0.0
Print ID ApS,"Virkevangen 12, 8960 Randers SØ",Randers,15.10.2001,3.0,Mikro,Anpartsselskab,26273633,125.0,689000.0,DKK,2024.0,0,0,18,1.0,0.0,0.0,0.0,0.0
DBR Medier A/S,"Gasværksvej 15 D 2, 1656 København V",København,01.01.1994,4.0,Mikro,Aktieselskab,17554190,500.0,3792000.0,DKK,2024.0,0,0,18,1.0,0.0,0.0,0.0,0.0
Hottryk Skilte & Print ApS,"Brunde Vest 14 A, 6230 Rødekro",Aabenraa,03.08.2020,3.0,Mikro,Anpartsselskab,41559098,50.0,2105000.0,DKK,2023.0,0,0,18,1.0,0.0,0.0,0.0,0.0
GT GRAFISK ApS,"Hjarbækvej 65, 8831 Løgstrup",Viborg,21.06.2011,5.0,Mikro,Anpartsselskab,33763441,501.0,2306000.0,DKK,2023.0,0,0,18,1.0,0.0,0.0,0.0,0.0
SERIGRAFEN ApS,"Platinvej 69, 6000 Kolding",Kolding,31.10.2006,10.0,Lille,Anpartsselskab,29785384,125.0,6013000.0,DKK,2023.0,0,0,18,1.0,0.0,0.0,0.0,0.0
TRYKKERGÅRDEN NYKØBING SJÆLLAND ApS,"Vesterbro 1, 4500 Nykøbing Sj",Odsherred,01.05.1988,1.0,Mikro,Anpartsselskab,12235895,185.0,168000.0,DKK,2024.0,0,0,18,1.0,0.0,0.0,0.0,0.0
Elbo Ejendomme ApS,"Snaremosevej 23 D, 7000 Fredericia",Fredericia,27.01.2009,1.0,Mikro,Anpartsselskab,31945488,125.0,1091000.0,DKK,2023.0,0,0,18,1.0,0.0,0.0,0.0,0.0
DES ApS,"Ejbydalsvej 247, 2600 Glostrup",Glostrup,21.11.1984,Ikke oplyst,Ikke oplyst,Anpartsselskab,89484510,700.0,21000.0,DKK,2024.0,0,0,18,,1.0,0.0,0.0,0.0
Mols Print Kompagni A/S,"Erhvervsparken 5, 8400 Ebeltoft",Syddjurs,23.02.1977,11.0,Lille,Aktieselskab,81750610,967.0,3872000.0,DKK,2023.0,0,0,18,1.0,0.0,0.0,0.0,0.0
NEMPRINT A/S,"Søren Nymarks Vej 21, 8270 Højbjerg",Århus,01.07.2010,9.0,Mikro,Aktieselskab,33055277,500.0,9693000.0,DKK,2024.0,0,0,18,1.0,0.0,0.0,0.0,0.0
Nordsø Records ApS,"Nordsøvej 8, 2150 Nordhavn",København,22.08.2007,8.0,Mikro,Anpartsselskab,30806107,17.0,1133000.0,DKK,2023.0,0,0,18,,0.0,1.0,0.0,0.0
VITTEN GRAFISK ApS,"Vittenvej 54, 8382 Hinnerup",Favrskov,22.06.2001,8.0,Mikro,Anpartsselskab,26096812,100.0,1994000.0,DKK,2023.0,0,0,18,1.0,0.0,0.0,0.0,0.0
KAILOW A/S,"Floras Allé 11, 2720 Vanløse",København,01.02.1992,30.0,Lille,Aktieselskab,15945672,500.0,18853000.0,DKK,2024.0,0,0,18,1.0,1.0,0.0,0.0,0.0
Third Ear Productions ApS,"Refshalevej 163 A, 1432 København K",København,10.08.2015,5.0,Mikro,Anpartsselskab,36982268,87.0,1406000.0,DKK,2023.0,0,0,18,,0.0,1.0,0.0,0.0
SwiftLayout ApS,"Borrisvej 5 B, 6900 Skjern",Ringkøbing-Skjern,01.10.2014,Ikke oplyst,Ikke oplyst,Anpartsselskab,36397179,50.0,5000.0,DKK,2023.0,0,0,18,,1.0,0.0,0.0,0.0
EJENDOMSSELSKABET AF 15. JANUAR 1988 A/S,"Bundgårdsvej 3, 7000 Fredericia",Fredericia,01.12.1987,32.0,Lille,Aktieselskab,11759238,750.0,19785000.0,DKK,2023.0,0,0,18,,0.0,0.0,0.0,1.0
JR-TEXTILTRYK ApS,"Ny Harløsevej 38, 3320 Skævinge",Hillerød,07.02.2014,Ikke oplyst,Ikke oplyst,Anpartsselskab,35675256,40.0,-2000.0,DKK,2023.0,0,0,18,1.0,0.0,0.0,0.0,0.0
SERICOM ApS,"Agerbakken 7 A, 8362 Hørning",Skanderborg,21.02.1997,5.0,Mikro,Anpartsselskab,19841332,125.0,3732000.0,DKK,2023.0,0,0,18,1.0,0.0,0.0,0.0,0.0
TORBEN HJULMAND HOLDING ApS,"Carit Etlars Vej 9, 8230 Åbyhøj",Århus,04.06.2002,Ikke oplyst,Ikke oplyst,Anpartsselskab,26703964,200.0,197000.0,DKK,2024.0,0,0,18,1.0,0.0,0.0,0.0,0.0
PARITAS DIGITAL SERVICE A/S,"Vallensbækvej 61, 2625 Vallensbæk",Vallensbæk,31.12.1997,12.0,Lille,Aktieselskab,20644680,500.0,7112000.0,DKK,2023.0,0,0,18,1.0,0.0,0.0,1.0,0.0
ACTURA ApS,"Njalsgade 21 F 6, 2300 København S",København,09.05.2006,6.0,Mikro,Anpartsselskab,29530734,125.0,2073000.0,DKK,2024.0,0,0,18,,0.0,1.0,0.0,0.0
W&M A/S,"Nærum Hovedgade 10, 2850 Nærum",Rudersdal,01.03.1992,8.0,Mikro,Aktieselskab,15940247,500.0,5320000.0,DKK,2024.0,0,0,18,1.0,0.0,0.0,0.0,0.0
Vincent Graphic ApS,"Fabriksparken 18, 2600 Glostrup",Glostrup,01.09.2016,2.0,Mikro,Anpartsselskab,37974536,50.0,525000.0,DKK,2023.0,0,0,18,1.0,0.0,0.0,0.0,0.0
CS-LOGISTIK ApS,"Over Hadstenvej 84, 8370 Hadsten",Favrskov,28.02.1997,Ikke oplyst,Ikke oplyst,Anpartsselskab,20128445,532.0,-6000.0,DKK,2023.0,0,0,18,,1.0,0.0,0.0,0.0
CS GRAFISK A/S,"Over Hadstenvej 84, 8370 Hadsten",Favrskov,03.09.1999,22.0,Lille,Aktieselskab,24212181,1.17,12043000.0,DKK,2024.0,0,0,18,1.0,0.0,0.0,0.0,0.0
AJ LASER GRAVERING A/S,"Brydehusvej 30 A, 2750 Ballerup",Ballerup,26.09.2000,2.0,Mikro,Aktieselskab,25693698,500.0,1328000.0,DKK,2023.0,0,0,18,,1.0,0.0,0.0,0.0
SKILTEMAND ApS,"Dannebrogsgade 38 st tv, 1660 København V",København,25.06.1992,Ikke oplyst,Ikke oplyst,Anpartsselskab,16315184,770.0,-66000.0,DKK,2023.0,0,0,18,1.0,0.0,0.0,0.0,0.0
NS SYSTEM A/S,"Knivholtvej 21, 9900 Frederikshavn",Frederikshavn,26.10.1984,76.0,Mellemstor,Aktieselskab,75648413,1.0,28290000.0,DKK,2023.0,0,0,18,1.0,0.0,0.0,0.0,0.0
OnPrint A/S,"K.P.Danøsvej 3, 4300 Holbæk",Holbæk,01.05.1990,13.0,Lille,Aktieselskab,14128387,1.0,8536000.0,DKK,2024.0,0,0,18,1.0,0.0,0.0,0.0,0.0
JESPERSEN TRYK + DIGITAL ApS,"H.C. Andersens Boulevard 51 kl 2, 1553 København V",København,03.11.1978,4.0,Mikro,Anpartsselskab,87831914,200.0,2697000.0,DKK,2023.0,0,0,18,1.0,0.0,0.0,0.0,0.0
Ocean Productions ApS,"Næstvedgade 18 3 th, 2100 København Ø",København,14.09.2020,3.0,Mikro,Anpartsselskab,41676701,40.0,532000.0,DKK,2023.0,0,0,18,,1.0,0.0,0.0,0.0
DEKOTRYK ApS,"Fabriksvej 21, 6000 Kolding",Kolding,10.09.2014,1.0,Mikro,Anpartsselskab,36089326,50.0,438000.0,DKK,2023.0,0,0,18,1.0,0.0,0.0,0.0,0.0
ALLER TRYK A/S,"Helgeshøj Alle 36, 2630 Taastrup",Høje-Taastrup,01.10.2001,91.0,Mellemstor,Aktieselskab,26267676,18.0,76570000.0,DKK,2024.0,0,0,18,1.0,0.0,0.0,1.0,0.0
Eccex ApS,"Idyl 26 C, 6000 Kolding",Kolding,28.04.2014,1.0,Mikro,Anpartsselskab,35838589,40.0,-18000.0,DKK,2023.0,0,0,18,1.0,0.0,0.0,0.0,0.0
SJÆLLANDSKE MEDIER A/S,"Søgade 4-12, 4100 Ringsted",Ringsted,08.02.1969,458.0,Stor,Aktieselskab,68435617,8.408,237782000.0,DKK,2023.0,0,0,18,1.0,0.0,0.0,0.0,0.0
Wallness ApS,"Kildeager 2 D, 4000 Roskilde",Roskilde,04.10.2022,Ikke oplyst,Ikke oplyst,Anpartsselskab,43558803,40.0,-80000.0,DKK,2024.0,0,0,18,1.0,0.0,0.0,0.0,0.0
Zebra Medier ApS,"Tonsbakken 16, 2740 Skovlunde",Ballerup,07.01.2020,1.0,Mikro,Anpartsselskab,41065729,40.0,368000.0,DKK,2024.0,0,0,18,1.0,0.0,0.0,0.0,0.0
Baggrund Medier ApS,"Møntmestervej 10 B 1 th, 2400 København NV",København,27.04.2020,Ikke oplyst,Ikke oplyst,Anpartsselskab,41344164,40.0,38000.0,DKK,2023.0,0,0,18,1.0,0.0,0.0,0.0,0.0
TRYKNET ApS,"Esthersvej 31, 2900 Hellerup",Gentofte,01.01.2006,1.0,Mikro,Anpartsselskab,29240582,200.0,919000.0,DKK,2024.0,0,0,18,1.0,0.0,0.0,0.0,0.0
KM STUDIOS ApS,"Lokesvej 10, 8230 Åbyhøj",Århus,08.12.2020,Ikke oplyst,Ikke oplyst,Anpartsselskab,41928743,50.0,-26000.0,DKK,2023.0,0,0,18,1.0,0.0,0.0,0.0,0.0
TP Handel & Service ApS,"Vejlevej 42, 8800 Viborg",Viborg,28.01.2010,1.0,Mikro,Anpartsselskab,32766056,125.0,-134000.0,DKK,2023.0,0,0,18,1.0,0.0,0.0,0.0,0.0
MADNESS4REAL ApS,"Tømrergade 4 3 th, 2200 København N",København,01.04.2008,1.0,Mikro,Anpartsselskab,31364051,125.0,26000.0,DKK,2024.0,0,0,18,,0.0,1.0,0.0,0.0
KANDRUPS BOGTRYKKERI A/S,"Århusgade 88, 2100 København Ø",København,15.05.1997,5.0,Mikro,Aktieselskab,20100532,500.0,4166000.0,DKK,2023.0,0,0,18,1.0,0.0,0.0,0.0,0.0
INKO ApS,"Limen 17, 7000 Fredericia",Fredericia,28.06.1991,1.0,Mikro,Anpartsselskab,15247843,180.0,-48000.0,DKK,2024.0,0,0,18,1.0,0.0,0.0,0.0,0.0
INPRINT A/S,"C.F. Tietgens Vej 7 B, 6000 Kolding",Kolding,01.10.1991,35.0,Lille,Aktieselskab,15511737,500.0,19013000.0,DKK,2024.0,0,0,18,1.0,0.0,0.0,0.0,0.0
DIGITALHUSET VEJLE ApS,"Skomagervej 6, 7100 Vejle",Vejle,19.10.1993,3.0,Mikro,Anpartsselskab,17318187,400.0,1071000.0,DKK,2023.0,0,0,18,1.0,0.0,0.0,0.0,0.0
DYSTAN ApS,"Metalbuen 22, 2750 Ballerup",Ballerup,15.01.1997,Ikke oplyst,Ikke oplyst,Anpartsselskab,20040947,175.0,6000.0,DKK,2024.0,0,0,18,,1.0,0.0,0.0,0.0
Tryksager Online ApS,"Storegade 54 st, 6100 Haderslev",Haderslev,30.03.2023,2.0,Mikro,Anpartsselskab,43962558,75.0,735000.0,DKK,2023.0,0,0,18,1.0,0.0,0.0,0.0,0.0
A´SIGN A/S,"Kirstinehøj 61, 2770 Kastrup",Tårnby,01.01.2004,10.0,Lille,Aktieselskab,26994942,500.0,4870000.0,DKK,2024.0,0,0,18,1.0,0.0,0.0,0.0,0.0
RABØL A/S,"Søndergården 8, 9640 Farsø",Vesthimmerland,03.12.2009,8.0,Mikro,Aktieselskab,32648827,500.0,3636000.0,DKK,2024.0,0,0,18,1.0,0.0,0.0,0.0,0.0
PRINT DIVISION A/S,"Transformervej 11, 2860 Søborg",Gladsaxe,02.11.1999,15.0,Lille,Aktieselskab,25039939,1.0,5817000.0,DKK,2023.0,0,0,18,1.0,0.0,0.0,0.0,0.0
JOHNSEN PRINT & DIGITAL MEDIA A/S,"Bakkehegnet 3, 8500 Grenaa",Norddjurs,26.06.1995,114.0,Mellemstor,Aktieselskab,18624141,2.0,51458000.0,DKK,2024.0,0,0,18,1.0,0.0,0.0,0.0,0.0
VESTER KOPI ApS,"Falkoner Alle 8, 2000 Frederiksberg",Frederiksberg,25.02.1970,45.0,Lille,Anpartsselskab,26712610,500.0,20881000.0,DKK,2024.0,0,0,18,1.0,0.0,0.0,0.0,0.0
Gehalt ApS,"Elmegårdsalle 10, 3400 Hillerød",Hillerød,12.06.2017,1.0,Mikro,Anpartsselskab,38712632,50.0,25000.0,DKK,2023.0,0,0,18,1.0,0.0,0.0,0.0,0.0
BEST BUY BROKER A/S,"Nordre Fasanvej 91, 2000 Frederiksberg",Frederiksberg,02.04.2007,2.0,Mikro,Aktieselskab,30500970,500.0,1674000.0,DKK,2023.0,0,0,18,1.0,0.0,0.0,0.0,0.0
DUBLAB PRODUCTION ApS,"Prags Boulevard 49 B 4 th, 2300 København S",København,01.10.1997,1.0,Mikro,Anpartsselskab,20356405,125.0,154000.0,DKK,2023.0,0,0,18,,0.0,1.0,0.0,0.0
WEGA BOGBINDERI ApS,"Stenildhøjvej 54, 9600 Aars",Vesthimmerland,11.02.2004,Ikke oplyst,Ikke oplyst,Anpartsselskab,27590721,125.0,-12000.0,DKK,2023.0,0,0,18,,0.0,0.0,1.0,0.0
GREFTA-TRYK A/S,"Markedsgade 41, 8500 Grenaa",Norddjurs,24.06.1974,6.0,Mikro,Aktieselskab,32800319,510.0,2123000.0,DKK,2024.0,0,0,18,1.0,0.0,0.0,0.0,0.0
TANGDESIGN ApS,"Gammel Klausdalsbrovej 478, 2730 Herlev",Herlev,26.04.2011,3.0,Mikro,Anpartsselskab,33637772,80.0,128000.0,DKK,2023.0,0,0,18,,1.0,0.0,0.0,0.0
JK Tryk ApS,"Industrikrogen 11 B, 4683 Rønnede",Faxe,20.06.2019,13.0,Lille,Anpartsselskab,40620672,40.0,5216000.0,DKK,2023.0,0,0,18,1.0,0.0,0.0,0.0,0.0
GuldkantsDanmark ApS,"Tværgade 5, 5960 Marstal",Ærø,26.02.2018,2.0,Mikro,Anpartsselskab,39366096,40.0,100000.0,DKK,2023.0,0,0,18,1.0,0.0,0.0,0.0,0.0
DET GRAFISKE HUS ApS,"Vejlbjergvej 31, 8240 Risskov",Århus,16.01.2009,15.0,Lille,Anpartsselskab,31860733,500.0,8355000.0,DKK,2024.0,0,0,18,1.0,0.0,0.0,0.0,0.0
BJ TRYK AARUP ApS,"Bredgade 91, 5560 Aarup",Assens,01.09.1991,4.0,Mikro,Anpartsselskab,15453044,80.0,955000.0,DKK,2023.0,0,0,18,1.0,0.0,0.0,0.0,0.0
Korrekturlæsning Annette Palm ApS,"Peter Bangs Vej 134 1 tv, 2000 Frederiksberg",Frederiksberg,17.02.2020,1.0,Mikro,Anpartsselskab,41171383,40.0,162000.0,DKK,2023.0,0,0,18,1.0,0.0,0.0,0.0,0.0
Dantryk A/S,"Industrivej 9, 7760 Hurup Thy",Thisted,24.10.2012,63.0,Mellemstor,Aktieselskab,34725446,995.0,25157000.0,DKK,2024.0,0,0,18,1.0,0.0,0.0,0.0,0.0
ApS AF 31. JANUAR 1986 AF BRABRAND. DK.,"Skæring Parkvej 60, 8250 Egå",Århus,31.01.1986,Ikke oplyst,Ikke oplyst,Anpartsselskab,10148405,125.0,-6000.0,DKK,2023.0,0,0,18,1.0,0.0,0.0,0.0,0.0
JAKOB KAHLEN ApS,"Thorvald Bindesbølls Plads 4 1 th, 1799 København V",København,18.06.2004,Ikke oplyst,Ikke oplyst,Anpartsselskab,27923232,125.0,-15000.0,DKK,2023.0,0,0,18,,1.0,0.0,0.0,0.0
CONCURRENT VISION ApS,"Hvidovrevej 44, 2610 Rødovre",Rødovre,17.10.2010,Ikke oplyst,Ikke oplyst,Anpartsselskab,33248687,125.0,-50000.0,DKK,2023.0,0,0,18,,1.0,0.0,0.0,0.0
SignTeam ApS,"Lundvej 10, 8800 Viborg",Viborg,06.01.2017,14.0,Lille,Anpartsselskab,38314319,150.0,6327000.0,DKK,2024.0,0,0,18,1.0,0.0,0.0,0.0,0.0
PR OFFSET ApS,"Nordre Ringvej 3, 7000 Fredericia",Fredericia,15.05.2002,44.0,Lille,Anpartsselskab,26617405,125.0,26219000.0,DKK,2023.0,0,0,18,1.0,0.0,0.0,0.0,0.0
AHM Guldtryk ApS,"Chr. Bergs Vej 5 B, 7330 Brande",Ikast-Brande,11.04.2017,3.0,Mikro,Anpartsselskab,38568892,50.0,776000.0,DKK,2024.0,0,0,18,1.0,0.0,0.0,0.0,0.0
CEWE DANMARK ApS,"Søren Frichs Vej 38 K 2, 8230 Åbyhøj",Århus,29.09.1971,43.0,Lille,Anpartsselskab,33808518,6.0,13007000.0,DKK,2023.0,0,0,18,1.0,0.0,0.0,0.0,0.0
WERKS GRAFISKE HUS A/S,"Bjødstrupvej 4, 8270 Højbjerg",Århus,19.06.1990,7.0,Mikro,Aktieselskab,14337334,510.0,3406000.0,DKK,2024.0,0,0,18,1.0,0.0,0.0,0.0,0.0
LASERMAN ApS,"Sintrupvej 2, 8220 Brabrand",Århus,14.06.2000,5.0,Mikro,Anpartsselskab,10026512,125.0,3136000.0,DKK,2024.0,0,0,18,1.0,0.0,0.0,0.0,0.0
KAVI HOLDING ApS,"Fruenshøj 13, 8541 Skødstrup",Århus,28.06.2006,1.0,Mikro,Anpartsselskab,29632936,125.0,22000.0,DKK,2024.0,0,0,18,1.0,0.0,0.0,0.0,0.0
JL TRYK A/S,"Bisserup Havnevej 45, 4243 Rude",Slagelse,21.06.2001,2.0,Mikro,Aktieselskab,26088283,502.0,341000.0,DKK,2024.0,0,0,18,1.0,0.0,0.0,0.0,0.0
Motional ApS,"Borupvang 3, 2750 Ballerup",Ballerup,27.05.2016,2.0,Mikro,Anpartsselskab,37759422,50.0,581000.0,DKK,2023.0,0,0,18,1.0,0.0,0.0,0.0,0.0
HERNING FOLKEBLAD (VESTJYLLAND) A/S,"Østergade 21, 7400 Herning",Herning,07.08.1957,229.0,Mellemstor,Aktieselskab,44662116,1.25,48979000.0,DKK,2024.0,0,0,18,1.0,0.0,0.0,0.0,0.0
SAMFUNDS-KONTAKT ApS,"Tomsgårdsvej 56 st th, 2400 København NV",København,04.06.1984,1.0,Mikro,Anpartsselskab,74690319,257.0,9000.0,DKK,2024.0,0,0,18,1.0,0.0,0.0,0.0,0.0
PrinfoCPH A/S,"Trekronergade 100, 2500 Valby",København,15.09.2021,Ikke oplyst,Ikke oplyst,Aktieselskab,42682594,400.0,-9000.0,DKK,2023.0,0,0,18,1.0,0.0,0.0,0.0,1.0
LARS RANEK A/S,"Nørrebrogade 45 C kl tv, 2200 København N",København,23.06.1997,Ikke oplyst,Ikke oplyst,Aktieselskab,20364106,500.0,406000.0,DKK,2023.0,0,0,18,1.0,0.0,0.0,0.0,0.0
Lumina Studio ApS,"Holger Danskes Vej 13 1 tv, 2000 Frederiksberg",Frederiksberg,08.02.2022,Ikke oplyst,Ikke oplyst,Anpartsselskab,43043706,40.0,28000.0,DKK,2024.0,0,0,18,1.0,0.0,0.0,0.0,0.0
HELLASGRAFISK ApS,"Islandsgade 28, 4690 Haslev",Faxe,30.03.2012,Ikke oplyst,Ikke oplyst,Anpartsselskab,34471088,40.0,7000.0,DKK,2023.0,0,0,18,1.0,0.0,0.0,0.0,0.0
BRANDE OFFSET & REKLAMECENTER A/S,"Torvegade 30, 7330 Brande",Ikast-Brande,22.02.1999,2.0,Mikro,Aktieselskab,21536342,670.0,-290000.0,DKK,2023.0,0,0,18,1.0,0.0,0.0,0.0,0.0
TEWA ApS,"Nordvestvej 1, 9640 Farsø",Vesthimmerland,02.06.2010,4.0,Mikro,Anpartsselskab,33035020,500.0,568000.0,DKK,2024.0,0,0,18,1.0,0.0,0.0,0.0,0.0
Printmaker ApS,"Stationsvej 17, 8544 Mørke",Syddjurs,16.09.2021,Ikke oplyst,Ikke oplyst,Anpartsselskab,42683043,40.0,3000.0,DKK,2024.0,0,0,18,1.0,0.0,0.0,0.0,0.0
FREDDY PEDERSEN GRAFISK DESIGN ApS,"Ringvej 19, 2970 Hørsholm",Hørsholm,13.11.1981,1.0,Mikro,Anpartsselskab,67392515,200.0,,nan,2024.0,0,0,18,,1.0,0.0,0.0,0.0
PRO PRINT ApS,"Glarmestervej 1, 7000 Fredericia",Fredericia,11.12.2007,3.0,Mikro,Anpartsselskab,31175941,125.0,1406000.0,DKK,2024.0,0,0,18,,1.0,0.0,0.0,0.0
Elevate ApS,"Nørre Alle 36, 2600 Glostrup",Glostrup,21.06.2017,1.0,Mikro,Anpartsselskab,38732692,50.0,453000.0,DKK,2023.0,0,0,18,1.0,0.0,0.0,0.0,0.0
VIBLA ApS,"Væselvej 1, 7800 Skive",Skive,22.01.2013,8.0,Mikro,Anpartsselskab,35029435,80.0,3715000.0,DKK,2024.0,0,0,18,1.0,0.0,0.0,0.0,0.0
KJG Grafisk ApS,"Maglebo 9 1 th, 2770 Kastrup",Tårnby,13.09.2018,Ikke oplyst,Ikke oplyst,Anpartsselskab,39858959,500.0,504000.0,DKK,2024.0,0,0,18,1.0,0.0,0.0,0.0,0.0
MONTGOMERY ApS,"Dybbølgade 16, 8000 Aarhus C",Århus,21.11.2012,16.0,Lille,Anpartsselskab,34802343,80.0,5071000.0,DKK,2024.0,0,0,18,1.0,0.0,0.0,0.0,0.0
GSB Grafisk ApS,"Tonsbakken 16, 2740 Skovlunde",Ballerup,29.07.1988,9.0,Mikro,Anpartsselskab,12319401,1.0,7079000.0,DKK,2024.0,0,0,18,1.0,0.0,0.0,0.0,0.0
DISTRIBUTION PLUS A/S,"Charles Lindberghs Vej 9, 9430 Vadum",Aalborg,12.10.2007,55.0,Mellemstor,Aktieselskab,30913078,1.134,24993000.0,DKK,2024.0,0,0,18,1.0,0.0,0.0,0.0,0.0
IRIS WORKS ApS,"Esther Aggebos Gade 46 1 mf, 8000 Aarhus C",Århus,01.02.2013,1.0,Mikro,Anpartsselskab,35041508,50.0,382000.0,DKK,2024.0,0,0,18,1.0,0.0,0.0,0.0,0.0
BE Labels ApS,"Slugten 3, 8800 Viborg",Viborg,21.10.2020,Ikke oplyst,Ikke oplyst,Anpartsselskab,41778369,40.0,-6000.0,DKK,2023.0,0,0,18,1.0,0.0,0.0,0.0,0.0
Peters Traktorbøger Eftf ApS,"Givevej 46, 7361 Ejstrupholm",Ikast-Brande,10.08.2017,2.0,Mikro,Anpartsselskab,38876473,50.0,821000.0,DKK,2024.0,0,0,18,1.0,0.0,0.0,0.0,0.0
NEW ERA PUBLICATIONS INTERNATIONAL ApS,"Smedeland 20 B, 2600 Glostrup",Glostrup,30.12.1976,84.0,Mellemstor,Anpartsselskab,30426428,4.0,12600000.0,DKK,2023.0,0,0,18,1.0,0.0,0.0,0.0,0.0
DANSETA ApS,"Fabriksvej 42, 7600 Struer",Struer,18.01.2010,6.0,Mikro,Anpartsselskab,32763421,63.0,3508000.0,DKK,2024.0,0,0,18,1.0,0.0,0.0,0.0,0.0
Bogbinder Klara K ApS,"Overgaden Oven Vandet 2 A kl th, 1415 København K",København,25.10.2017,2.0,Mikro,Anpartsselskab,39034263,50.0,228000.0,DKK,2023.0,0,0,18,,0.0,0.0,1.0,0.0
DZ-015 ApS,"Veksøvej 3 A 2 tv, 2700 Brønshøj",København,16.09.2015,1.0,Mikro,Anpartsselskab,37085421,40.0,263000.0,DKK,2023.0,0,0,18,1.0,0.0,0.0,0.0,0.0
PE OFFSET A/S,"Tømrervej 9, 6800 Varde",Varde,29.09.1983,28.0,Lille,Aktieselskab,72829514,1.063,4106000.0,DKK,2023.0,0,0,18,1.0,0.0,0.0,0.0,0.0
BORN GRAFISK A/S,"Spurvevej 17, 8800 Viborg",Viborg,23.06.1998,Ikke oplyst,Ikke oplyst,Aktieselskab,20939303,502.0,,nan,2023.0,0,0,18,1.0,0.0,0.0,0.0,0.0
JØRGEN WINDELEV A/S,"Valhøjs Alle 167, 2610 Rødovre",Rødovre,01.12.1985,12.0,Lille,Aktieselskab,10005140,500.0,7953000.0,DKK,2023.0,0,0,18,,1.0,0.0,0.0,0.0
Dinfotobog ApS,"Georg Jensens Vej 2 A, 8600 Silkeborg",Silkeborg,24.09.2020,2.0,Mikro,Anpartsselskab,41702605,40.0,773000.0,DKK,2023.0,0,0,18,,0.0,0.0,1.0,0.0
CLAUSEN GRUPPEN ApS,"Cikorievej 20, 5220 Odense SØ",Odense,15.11.1991,1.0,Mikro,Anpartsselskab,15671696,200.0,477000.0,DKK,2024.0,0,0,18,1.0,0.0,0.0,0.0,0.0
TRYK 2100 ApS,"Østerbrogade 84, 2100 København Ø",København,27.06.2006,4.0,Mikro,Anpartsselskab,29635269,125.0,1575000.0,DKK,2024.0,0,0,18,1.0,0.0,0.0,0.0,0.0
Ho7 ApS,"Egegårdsvej 1, 5260 Odense S",Odense,27.01.2021,2.0,Mikro,Anpartsselskab,42065676,40.0,470000.0,DKK,2023.0,0,0,18,1.0,0.0,0.0,0.0,0.0
Hovedstadens Kopicenter ApS,"Kirstinehøj 14 st, 2770 Kastrup",Tårnby,13.06.2017,1.0,Mikro,Anpartsselskab,38737643,50.0,1054000.0,DKK,2023.0,0,0,18,1.0,0.0,0.0,0.0,0.0
STENBY TRYK A/S,"Husmandsvej 13, 2630 Taastrup",Høje-Taastrup,01.10.1987,3.0,Mikro,Aktieselskab,11506933,400.0,1010000.0,DKK,2024.0,0,0,18,1.0,0.0,0.0,0.0,0.0
HOLDINGSELSKABET LILLEBÆLT 3 ApS,"Fanøgade 13, 6700 Esbjerg",Esbjerg,04.11.1998,Ikke oplyst,Ikke oplyst,Anpartsselskab,21535249,126.0,22000.0,DKK,2024.0,0,0,18,1.0,0.0,0.0,0.0,0.0
P.E. TRADING A/S,"Klostervej 28, 6900 Skjern",Ringkøbing-Skjern,28.06.2006,1.0,Mikro,Aktieselskab,28654928,500.0,161000.0,DKK,2023.0,0,0,18,1.0,0.0,0.0,0.0,0.0
NRJ HOLDING ApS,"Skovvænget 21, 8680 Ry",Skanderborg,29.09.1977,Ikke oplyst,Ikke oplyst,Anpartsselskab,83026316,200.0,-11000.0,DKK,2024.0,0,0,18,1.0,0.0,0.0,0.0,0.0
SIGNMANAGER ApS,"Hjortshøjvej 100, 8250 Egå",Århus,13.08.2010,1.0,Mikro,Anpartsselskab,33078439,80.0,324000.0,DKK,2023.0,0,0,18,,1.0,0.0,0.0,0.0
FORTUN LYNTRYK ApS,"Toftebakken 15 st, 3460 Birkerød",Rudersdal,01.02.1995,1.0,Mikro,Anpartsselskab,18356538,200.0,225000.0,DKK,2024.0,0,0,18,1.0,0.0,0.0,0.0,0.0
SKAGEN BOGTRYKKERI A/S,"I. P. Thomsens Vej 5, 9990 Skagen",Frederikshavn,15.06.2005,1.0,Mikro,Aktieselskab,28857039,500.0,557000.0,DKK,2023.0,0,0,18,1.0,0.0,0.0,0.0,0.0
Prento Serigrafi ApS,"Skalbakken 5, 2720 Vanløse",København,05.11.2020,9.0,Mikro,Anpartsselskab,41830379,40.0,2771000.0,DKK,2023.0,0,0,18,,1.0,0.0,0.0,0.0
Pi Bjørg Studio ApS,"Studiestræde 45 kl th, 1455 København K",København,27.09.2012,1.0,Mikro,Anpartsselskab,34710708,80.0,209000.0,DKK,2023.0,0,0,18,1.0,0.0,0.0,0.0,0.0
THE ZAP COMPANY ApS,"Grønhøj 16, 3630 Jægerspris",Frederikssund,01.06.2008,1.0,Mikro,Anpartsselskab,31483352,125.0,749000.0,DKK,2024.0,0,0,18,,0.0,0.0,1.0,0.0
People'sPress A/S,"Store Kongensgade 132 1, 1264 København K",København,01.02.2002,24.0,Lille,Aktieselskab,26608694,500.0,8075000.0,DKK,2023.0,0,0,18,,0.0,1.0,0.0,0.0
EUROGRAPH ApS,"Tværager 67, 2670 Greve",Greve,12.03.1979,Ikke oplyst,Ikke oplyst,Anpartsselskab,87243214,200.0,-53000.0,DKK,2024.0,0,0,18,1.0,0.0,0.0,0.0,0.0
Hej Marketing ApS,"Bryggervangen 7, 2100 København Ø",København,28.08.2018,3.0,Mikro,Anpartsselskab,39817705,40.0,297000.0,DKK,2023.0,0,0,18,1.0,0.0,0.0,0.0,0.0
HS GAS ApS,"Albertslundvej 119 1 tv, 2625 Vallensbæk",Vallensbæk,19.05.2016,2.0,Mikro,Anpartsselskab,37696285,40.0,194000.0,DKK,2023.0,0,0,18,,1.0,0.0,0.0,0.0
COPENHAGEN PRINT AGENCY ApS,"Ved Slusen 32 Z, 2300 København S",København,11.09.2008,Ikke oplyst,Ikke oplyst,Anpartsselskab,31754151,125.0,-40000.0,DKK,2023.0,0,0,18,1.0,0.0,0.0,0.0,0.0
WhenHorsesChoose ApS,"Smediestræde 4, 4622 Havdrup",Solrød,08.02.2021,Ikke oplyst,Ikke oplyst,Anpartsselskab,42134171,40.0,30000.0,DKK,2023.0,0,0,18,,0.0,1.0,0.0,0.0
MEDIC-AL ApS,"Tvedvej 6, 6372 Bylderup-Bov",Aabenraa,12.08.2003,Ikke oplyst,Ikke oplyst,Anpartsselskab,27292739,125.0,64000.0,DKK,2023.0,0,0,18,1.0,0.0,0.0,0.0,0.0
MAJGRENS A/S,"Esplanaden 34 B, 1263 København K",København,02.06.1979,3.0,Mikro,Aktieselskab,87139816,500.0,1399000.0,DKK,2023.0,0,0,18,,0.0,0.0,1.0,0.0
JOHANSEN GRAFISK A/S,"Niels Kjeldsens Vej 25, 7500 Holstebro",Holstebro,22.12.1988,18.0,Lille,Aktieselskab,12677448,500.0,5345000.0,DKK,2023.0,0,0,18,1.0,0.0,0.0,0.0,0.0
Universal Trykkeriet ApS,"Ryttermarken 4, 3520 Farum",Furesø,30.09.2015,2.0,Mikro,Anpartsselskab,37134295,50.0,1003000.0,DKK,2023.0,0,0,18,1.0,0.0,0.0,0.0,0.0
DB TRYK ApS,"Lyøvej 8 3 th, 2000 Frederiksberg",Frederiksberg,04.09.2006,Ikke oplyst,Ikke oplyst,Anpartsselskab,29845158,125.0,-11000.0,DKK,2024.0,0,0,18,1.0,0.0,0.0,0.0,0.0
BUCHS A/S,"Kertemindevej 15, 8940 Randers SV",Randers,07.09.2006,32.0,Lille,Aktieselskab,29845646,500.0,14747000.0,DKK,2024.0,0,0,18,1.0,0.0,0.0,0.0,0.0
Rasch ApS,"Åboulevard 17, 1960 Frederiksberg C",Frederiksberg,26.06.2020,1.0,Mikro,Anpartsselskab,41475773,40.0,676000.0,DKK,2024.0,0,0,18,,0.0,1.0,0.0,0.0
Faprik ApS,"Battrupvej 2, 8310 Tranbjerg J",Århus,02.03.2023,1.0,Mikro,Anpartsselskab,43891405,40.0,-255000.0,DKK,2023.0,0,0,18,1.0,0.0,0.0,0.0,0.0
Sangill Grafisk ApS,"Møllegårdsvej 3 C, 4684 Holmegaard",Næstved,21.12.2006,11.0,Lille,Anpartsselskab,29803560,375.0,5343000.0,DKK,2023.0,0,0,18,1.0,0.0,0.0,0.0,0.0
PRINT2PEOPLE ApS,"Marinebuen 7 st, 4700 Næstved",Næstved,09.04.2013,Ikke oplyst,Ikke oplyst,Anpartsselskab,35211950,90.0,4000.0,DKK,2024.0,0,0,18,1.0,0.0,0.0,0.0,0.0
BROVANG SKILTE ApS,"Industrivænget 37, 3400 Hillerød",Hillerød,01.04.1989,10.0,Lille,Anpartsselskab,12974140,200.0,3628000.0,DKK,2024.0,0,0,18,1.0,0.0,0.0,0.0,0.0
SUB COLOR ApS,"Skæring Hedevej 400, 8250 Egå",Århus,01.05.1998,13.0,Lille,Anpartsselskab,20964871,188.0,14976000.0,DKK,2024.0,0,0,18,1.0,0.0,0.0,0.0,0.0
Supply2you ApS,"Læhegnet 73, 2620 Albertslund",Albertslund,11.11.2020,1.0,Mikro,Anpartsselskab,41862742,40.0,392000.0,DKK,2024.0,0,0,18,1.0,0.0,0.0,0.0,0.0
Prima Print ApS,"Agro Food Park 15, 8200 Aarhus N",Århus,23.06.2015,1.0,Mikro,Anpartsselskab,36936223,50.0,404000.0,DKK,2023.0,0,0,18,1.0,0.0,0.0,0.0,0.0
Redhill Design & Print A/S,"Huginsvej 6 E, 3400 Hillerød",Hillerød,06.01.1992,37.0,Lille,Aktieselskab,15825030,500.0,12991000.0,DKK,2024.0,0,0,18,1.0,0.0,0.0,0.0,0.0
AKTIESELSKABET SVENDBORG AVIS (SYDFYNS TIDENDE),"Sankt Nicolai Gade 3, 5700 Svendborg",Svendborg,16.10.1999,7.0,Mikro,Aktieselskab,67689313,4.951,322000.0,DKK,2023.0,0,0,18,1.0,0.0,0.0,0.0,0.0
LASSEN OFFSET ApS,"Blåbærhaven 4, 2670 Greve",Greve,30.12.1976,Ikke oplyst,Ikke oplyst,Anpartsselskab,84282510,50.0,-13000.0,DKK,2023.0,0,0,18,1.0,0.0,0.0,0.0,0.0
Scandinavian Print Group A/S,"P.O. Pedersens Vej 26, 8200 Aarhus N",Århus,05.05.1999,295.0,Stor,Aktieselskab,21686433,538.0,219927000.0,DKK,2023.0,0,0,18,1.0,0.0,0.0,0.0,0.0
REFLEXION ApS,"Pærevangen 20 1 th, 2765 Smørum",Egedal,20.01.2006,Ikke oplyst,Ikke oplyst,Anpartsselskab,29315353,125.0,16000.0,DKK,2024.0,0,0,18,,1.0,0.0,0.0,0.0
3 DAYS OF DESIGN ApS,"Frederiksgade 1 1 th, 1265 København K",København,16.12.2011,19.0,Lille,Anpartsselskab,34088861,125.0,4552000.0,DKK,2023.0,0,0,18,,1.0,0.0,0.0,0.0
Sydfyns Stempel & Gravering ApS,"Vestergade 32 F, 5700 Svendborg",Svendborg,20.04.2023,4.0,Mikro,Anpartsselskab,44008947,78.0,2098000.0,DKK,2024.0,0,0,18,1.0,0.0,0.0,0.0,0.0
BJERRE TRYKKERI OG FORLAG ApS,"Kongeåvej 110, 6650 Brørup",Vejen,12.05.1989,1.0,Mikro,Anpartsselskab,13067791,125.0,309000.0,DKK,2024.0,0,0,18,1.0,0.0,0.0,0.0,0.0
KH Grafisk ApS,"Tårsgårdsvej 55, 4261 Dalmose",Slagelse,10.05.2021,1.0,Mikro,Anpartsselskab,42381543,40.0,-43000.0,DKK,2023.0,0,0,18,1.0,0.0,0.0,0.0,0.0
ENEVOLDSEN KOMMUNIKATION ApS,"Godthåbsvej 205 3 9, 2720 Vanløse",København,19.03.2003,Ikke oplyst,Ikke oplyst,Anpartsselskab,27079288,125.0,10000.0,DKK,2024.0,0,0,18,1.0,0.0,0.0,0.0,0.0
Trykwerk ApS,"Højvangen 6, 3480 Fredensborg",Fredensborg,20.03.2015,2.0,Mikro,Anpartsselskab,36704543,40.0,110000.0,DKK,2024.0,0,0,18,1.0,0.0,0.0,0.0,0.0
NORDISK KORTHANDEL SCANMAPS ApS,"Ved Vesterport 4, 1612 København V",København,10.06.1976,7.0,Mikro,Anpartsselskab,81730415,450.0,2248000.0,DKK,2023.0,0,0,18,,1.0,0.0,0.0,0.0
Art by Klein ApS,"Islands Brygge 32 B 1 109, 2300 København S",København,01.11.2019,Ikke oplyst,Ikke oplyst,Anpartsselskab,40921273,40.0,7000.0,DKK,2024.0,0,0,18,1.0,0.0,0.0,0.0,0.0
Munch & Lorenzen ApS,"Gudrunsvej 10, 8680 Ry",Skanderborg,01.09.2016,Ikke oplyst,Ikke oplyst,Anpartsselskab,38005960,51.0,9000.0,DKK,2023.0,0,0,18,1.0,0.0,0.0,0.0,0.0
NORDFYN GRAFISK A/S,"Hessum Bygade 55, 5450 Otterup",Nordfyns,30.09.1986,3.0,Mikro,Aktieselskab,10411408,1.0,79000.0,DKK,2024.0,0,0,18,1.0,0.0,0.0,0.0,0.0
Mirayla Gruppen ApS,"Amagerbrogade 107 st tv, 2300 København S",København,21.10.2020,11.0,Lille,Anpartsselskab,41787023,40.0,1445000.0,DKK,2023.0,0,0,18,1.0,0.0,0.0,0.0,0.0
HVITVEDS BOGTRYKKERI ApS,"Mariendalsvej 24, 8400 Ebeltoft",Syddjurs,01.12.1987,Ikke oplyst,Ikke oplyst,Anpartsselskab,11760783,500.0,-38000.0,DKK,2024.0,0,0,18,1.0,0.0,0.0,0.0,0.0
A/S PS SERIGRAFI,"Bjergvej 6, 4900 Nakskov",Lolland,08.04.1974,Ikke oplyst,Ikke oplyst,Aktieselskab,48287611,600.0,-1000.0,DKK,2024.0,0,0,18,1.0,0.0,0.0,0.0,0.0
MONOLINE ApS,"Vendersgade 9 4 tv, 1363 København K",København,01.05.2011,1.0,Mikro,Anpartsselskab,33643306,80.0,310000.0,DKK,2023.0,0,0,18,1.0,0.0,0.0,0.0,0.0
SOLO GRAFISK A/S,"Bøgildsmindevej 1, 9400 Nørresundby",Aalborg,22.02.2000,8.0,Mikro,Aktieselskab,25211006,500.0,5254000.0,DKK,2024.0,0,0,18,1.0,0.0,0.0,0.0,0.0
Caleo Agency ApS,"Granhegnet 4, 3450 Allerød",Allerød,21.01.2020,1.0,Mikro,Anpartsselskab,41100982,40.0,662000.0,DKK,2024.0,0,0,18,1.0,0.0,0.0,0.0,0.0
SEGRA TRYK ApS,"Præstestræde 15, 4873 Væggerløse",Guldborgsund,04.03.2013,1.0,Mikro,Anpartsselskab,35052445,80.0,677000.0,DKK,2024.0,0,0,18,1.0,0.0,0.0,0.0,0.0
HOLM PRINT MANAGEMENT ApS,"Veldsparken 53, 8830 Tjele",Viborg,07.07.1999,Ikke oplyst,Ikke oplyst,Anpartsselskab,24222489,200.0,-9000.0,DKK,2023.0,0,0,18,1.0,0.0,0.0,0.0,0.0
FREKA GRAFISK A/S,"Lerbakken 64, 8410 Rønde",Syddjurs,20.12.1975,11.0,Lille,Aktieselskab,24210774,500.0,3498000.0,DKK,2024.0,0,0,18,1.0,0.0,0.0,0.0,0.0
K. FRIISGAARD INVEST ApS,"Literbuen 14 B, 2740 Skovlunde",Ballerup,27.08.1974,Ikke oplyst,Ikke oplyst,Anpartsselskab,33860218,300.0,-5000.0,DKK,2024.0,0,0,18,,0.0,0.0,1.0,0.0
ADRIANSEN ApS,"Skovbrynet 11, 7080 Børkop",Vejle,29.04.1996,Ikke oplyst,Ikke oplyst,Anpartsselskab,19239802,200.0,0.0,DKK,2023.0,0,0,18,,1.0,0.0,0.0,0.0
MAILCORP ApS,"Skibsted 303, 3670 Veksø Sjælland",Egedal,01.08.2007,Ikke oplyst,Ikke oplyst,Anpartsselskab,30805038,125.0,1000.0,DKK,2023.0,0,0,18,1.0,0.0,0.0,0.0,0.0
Skejby Trykkeri ApS,"Thit Jensens Gade 30 10 th, 8000 Aarhus C",Århus,31.03.2016,1.0,Mikro,Anpartsselskab,37578525,50.0,255000.0,DKK,2023.0,0,0,18,1.0,0.0,0.0,0.0,0.0
Format A/S,"Sandøvej 14 A, 8700 Horsens",Horsens,29.06.2018,4.0,Mikro,Aktieselskab,39684683,600.0,1776000.0,DKK,2024.0,0,0,18,1.0,0.0,0.0,0.0,0.0
Kokkedalgaard Ejendomsservice ApS,"Oddevej 58, 4900 Nakskov",Lolland,27.03.2019,Ikke oplyst,Ikke oplyst,Anpartsselskab,40384456,50.0,41000.0,DKK,2023.0,0,0,18,1.0,0.0,0.0,0.0,0.0
heni grafisk ApS,"Kongevejen 57, 3450 Allerød",Allerød,17.10.2018,1.0,Mikro,Anpartsselskab,39950618,40.0,396000.0,DKK,2024.0,0,0,18,,1.0,0.0,0.0,0.0
BR Group ApS,"Lumbyvej 19 B, 5000 Odense C",Odense,31.03.2020,2.0,Mikro,Anpartsselskab,41270365,40.0,431000.0,DKK,2024.0,0,0,18,1.0,0.0,0.0,0.0,0.0
Printconnect Albrektsen ApS,"Forårsvej 12, 9220 Aalborg Øst",Aalborg,11.10.2023,1.0,Mikro,Anpartsselskab,44363372,40.0,420000.0,DKK,2024.0,0,0,18,1.0,0.0,0.0,0.0,0.0
FJERRITSLEV TRYK A/S,"Østergade 35, 9690 Fjerritslev",Jammerbugt,01.07.1998,13.0,Lille,Aktieselskab,20975393,500.0,5176000.0,DKK,2024.0,0,0,18,1.0,0.0,0.0,0.0,0.0
Print & Grafik ApS,"Aalborgvej 1, 9575 Terndrup",Rebild,04.10.2018,Ikke oplyst,Ikke oplyst,Anpartsselskab,39923963,50.0,1000.0,DKK,2024.0,0,0,18,1.0,0.0,0.0,0.0,0.0
APPROACH ApS,"Gl. Bjært 42 B, 6091 Bjert",Kolding,21.12.2007,Ikke oplyst,Ikke oplyst,Anpartsselskab,31167000,1.6,-14000.0,DKK,2024.0,0,0,18,,1.0,0.0,0.0,0.0
FOTOFACTORY A/S,"Eyvinds Allé 13, 5250 Odense SV",Odense,19.06.1995,Ikke oplyst,Ikke oplyst,Aktieselskab,18683148,500.0,-4000.0,DKK,2024.0,0,0,18,1.0,0.0,0.0,0.0,0.0
TINGLEV BOGTRYKKERI ApS,"Tværvejen 5, 6360 Tinglev",Aabenraa,25.06.1992,3.0,Mikro,Anpartsselskab,16247308,200.0,2084000.0,DKK,2024.0,0,0,18,1.0,0.0,0.0,0.0,0.0
ePrint ApS,"Østerbyvej 23, 6731 Tjæreborg",Esbjerg,01.01.2017,1.0,Mikro,Anpartsselskab,38397745,50.0,-276000.0,DKK,2023.0,0,0,18,1.0,0.0,0.0,0.0,0.0
GREEN GRAPHIC ApS,"Industrivej 33, 7430 Ikast",Ikast-Brande,07.05.1996,33.0,Lille,Anpartsselskab,19259838,210.0,24893000.0,DKK,2024.0,0,0,18,1.0,0.0,0.0,0.0,0.0
Degn Grafisk A/S,"Skaarupvej 28, 9610 Nørager",Rebild,29.12.2016,15.0,Lille,Aktieselskab,38291866,400.0,6068000.0,DKK,2023.0,0,0,18,1.0,0.0,0.0,0.0,0.0
CPH-NYC Publishing ApS,"Baggesensgade 12 B 3 th, 2200 København N",København,11.02.2019,Ikke oplyst,Ikke oplyst,Anpartsselskab,40255087,50.0,-7000.0,DKK,2023.0,0,0,18,,0.0,1.0,0.0,0.0
CONSEPT ApS,"Messingvej 64, 8940 Randers SV",Randers,04.03.2010,1.0,Mikro,Anpartsselskab,32355609,125.0,458000.0,DKK,2024.0,0,0,18,1.0,0.0,0.0,0.0,0.0
Haase Bogproduktion ApS,"Herlufsholmvej 13 A, 2720 Vanløse",København,27.04.1979,1.0,Mikro,Anpartsselskab,87308014,40.0,202000.0,DKK,2023.0,0,0,18,,1.0,0.0,0.0,0.0
HL - REPRO A/S,"Reprovej 2, 8722 Hedensted",Hedensted,01.03.1984,70.0,Mellemstor,Aktieselskab,87223817,1.4,16756000.0,DKK,2024.0,0,0,18,,1.0,0.0,0.0,0.0
STOHOLM BOGTRYKKERI ApS,"Lyngtoften 3, 7850 Stoholm Jyll",Viborg,08.11.1985,Ikke oplyst,Ikke oplyst,Anpartsselskab,10010535,200.0,-14000.0,DKK,2024.0,0,0,18,1.0,0.0,0.0,0.0,0.0
SKIVE OFFSET ApS,"Buen 2, 7860 Spøttrup",Skive,27.06.1974,24.0,Lille,Anpartsselskab,49635311,500.0,14509000.0,DKK,2024.0,0,0,18,1.0,0.0,0.0,0.0,0.0
RSTK ApS,"Lumbyvej 23, 2740 Skovlunde",Ballerup,01.10.1979,Ikke oplyst,Ikke oplyst,Anpartsselskab,87889718,50.0,-13000.0,DKK,2023.0,0,0,18,1.0,0.0,0.0,0.0,0.0
Gekko Tryk Aps,"Nørrebrogade 206, 2200 København N",København,01.08.2019,2.0,Mikro,Anpartsselskab,40689796,40.0,33000.0,DKK,2023.0,0,0,18,1.0,0.0,0.0,0.0,0.0
Jørgen Godske Ejendomsservice ApS,"Gadholtvej 16, 9900 Frederikshavn",Frederikshavn,06.01.2014,1.0,Mikro,Anpartsselskab,35630848,50.0,37000.0,DKK,2024.0,0,0,18,1.0,0.0,0.0,0.0,0.0
Buchs Labels A/S,"Kertemindevej 15, 8940 Randers SV",Randers,01.10.2023,10.0,Lille,Aktieselskab,44349051,800.0,623000.0,DKK,2024.0,0,0,18,1.0,0.0,0.0,0.0,0.0
MELSEN TECH A/S,"Dallvej 4, 9200 Aalborg SV",Aalborg,01.05.1991,67.0,Mellemstor,Aktieselskab,15156198,3.0,30712000.0,DKK,2024.0,0,0,18,1.0,0.0,0.0,0.0,0.0
Bemy ApS,"Engvadvej 1, 2650 Hvidovre",Hvidovre,17.09.2019,Ikke oplyst,Ikke oplyst,Anpartsselskab,40790225,40.0,20000.0,DKK,2023.0,0,0,18,1.0,0.0,0.0,0.0,0.0
Good people ApS,"Stenbrudsvej 11, 3730 Nexø",Bornholm,31.05.2021,1.0,Mikro,Anpartsselskab,42428051,40.0,962000.0,DKK,2023.0,0,0,18,1.0,0.0,0.0,0.0,0.0
Blue Pearl Books ApS,"Jægersborg Alle 2 A, 2920 Charlottenlund",Gentofte,19.06.2019,Ikke oplyst,Ikke oplyst,Anpartsselskab,40592377,40.0,113000.0,DKK,2024.0,0,0,18,1.0,0.0,0.0,0.0,0.0
VAHLE+NIKOLAISEN ApS,"Voldbjergvej 12 st th, 8240 Risskov",Århus,15.12.2006,12.0,Lille,Anpartsselskab,28676026,250.0,13724000.0,DKK,2023.0,0,0,18,1.0,0.0,0.0,0.0,0.0
HENRIK ANDKJÆR ApS,"Tranegårdsvej 6 4 tv, 2900 Hellerup",Gentofte,31.12.1995,Ikke oplyst,Ikke oplyst,Anpartsselskab,19123499,125.0,-35000.0,DKK,2023.0,0,0,18,1.0,0.0,0.0,0.0,0.0
IWS INVEST ApS,"Granhaven 2 st 1, 6230 Rødekro",Aabenraa,28.06.2003,Ikke oplyst,Ikke oplyst,Anpartsselskab,27237185,125.0,-1000.0,DKK,2024.0,0,0,18,1.0,0.0,0.0,0.0,0.0
We are ELI ApS,"Nyrnberggade 29 1, 2300 København S",København,27.06.2005,8.0,Mikro,Anpartsselskab,28861141,125.0,4555000.0,DKK,2024.0,0,0,18,,1.0,0.0,0.0,0.0
Selskabet af 10. september 2023 Aars ApS,"Industrivej 93, 9600 Aars",Vesthimmerland,25.06.2004,Ikke oplyst,Ikke oplyst,Anpartsselskab,26991978,125.0,561000.0,DKK,2023.0,0,0,18,1.0,0.0,0.0,0.0,0.0
LUMA PRINT ApS,"Nygårdsvej 23, 6700 Esbjerg",Esbjerg,22.12.1992,3.0,Mikro,Anpartsselskab,16669539,200.0,938000.0,DKK,2023.0,0,0,18,1.0,0.0,0.0,0.0,0.0
JJ KOMMUNIKATION ApS,"Trekroner Centervej 57 1 tv, 4000 Roskilde",Roskilde,27.06.2008,13.0,Lille,Anpartsselskab,31577748,125.0,6887000.0,DKK,2023.0,0,0,18,1.0,0.0,0.0,0.0,0.0
X-Paper ApS,"Hovedgaden 512, 2640 Hedehusene",Høje-Taastrup,18.04.2011,Ikke oplyst,Ikke oplyst,Anpartsselskab,33599641,80.0,-1081000.0,DKK,2023.0,0,0,18,1.0,0.0,0.0,0.0,0.0
Print2Pack ApS,"Jordløse Møllevej 27 A, 5683 Haarby",Assens,15.05.2018,9.0,Mikro,Anpartsselskab,39575418,50.0,4822000.0,DKK,2023.0,0,0,18,1.0,0.0,0.0,0.0,0.0
Innovium ApS,"Coriolisvej 1, 6400 Sønderborg",Sønderborg,10.11.2017,2.0,Mikro,Anpartsselskab,39081814,60.0,1208000.0,DKK,2024.0,0,0,18,1.0,0.0,0.0,0.0,0.0
OK SKILTE OG PRINT ApS,"Skotvej 1, 6560 Sommersted",Haderslev,20.01.2008,2.0,Mikro,Anpartsselskab,31190878,126.0,194000.0,DKK,2023.0,0,0,18,1.0,0.0,0.0,0.0,0.0
EUROGRAPHIC GROUP A/S,"Hovedgaden 512, 2640 Hedehusene",Høje-Taastrup,10.03.2008,12.0,Lille,Aktieselskab,31299349,500.0,6106000.0,DKK,2023.0,0,0,18,1.0,0.0,0.0,0.0,0.0
JBN Finans Holding ApS,"Kastanievej 5, 6880 Tarm",Ringkøbing-Skjern,22.08.2022,1.0,Mikro,Anpartsselskab,43497995,40.0,2000.0,DKK,2024.0,0,0,18,1.0,0.0,0.0,0.0,0.0
UX Strat Aps,"Klokkerfaldet 57, 8210 Aarhus V",Århus,27.09.2017,Ikke oplyst,Ikke oplyst,Anpartsselskab,38999095,50.0,-18000.0,DKK,2023.0,0,0,18,1.0,0.0,0.0,0.0,0.0
ALPHAPRINT ApS,"Klamsagervej 35 1, 8230 Åbyhøj",Århus,09.12.2010,1.0,Mikro,Anpartsselskab,33362455,80.0,558000.0,DKK,2024.0,0,0,18,1.0,0.0,0.0,0.0,0.0
Grafisk Afdeling ApS,"Rabalderstræde 5, 4000 Roskilde",Roskilde,23.06.2016,7.0,Mikro,Anpartsselskab,37820725,50.0,3570000.0,DKK,2024.0,0,0,18,1.0,0.0,0.0,0.0,0.0
Listesider ApS,"Ægyptensvej 40, 2770 Kastrup",Tårnby,01.07.2022,Ikke oplyst,Ikke oplyst,Anpartsselskab,43364812,40.0,77000.0,DKK,2024.0,0,0,18,,1.0,0.0,0.0,0.0
HERTZ BOGTRYKKERGÅRDEN A/S,"Baldersbuen 14, 2640 Hedehusene",Høje-Taastrup,17.10.1971,5.0,Mikro,Aktieselskab,36218118,500.0,4768000.0,DKK,2024.0,0,0,18,1.0,0.0,0.0,0.0,0.0
LYNGBY TRYK ApS,"Gadekærvej 1, 3400 Hillerød",Hillerød,01.05.2006,1.0,Mikro,Anpartsselskab,29601860,125.0,399000.0,DKK,2023.0,0,0,18,1.0,0.0,0.0,0.0,0.0
MEJERIFORLAGET KONKURRENCE JAKOB OLSEN OFFSET- OG BOGTRYKKERI ApS,"Jernbanegade 12, 9690 Fjerritslev",Jammerbugt,28.06.1985,Ikke oplyst,Ikke oplyst,Anpartsselskab,78703814,285.0,82000.0,DKK,2023.0,0,0,18,1.0,0.0,0.0,0.0,0.0
Jørn Andersen ApS,"Lundhøjvej 23 A, 8680 Ry",Skanderborg,20.09.2011,Ikke oplyst,Ikke oplyst,Anpartsselskab,33947674,80.0,345000.0,DKK,2023.0,0,0,18,,1.0,0.0,0.0,0.0
DH Media A/S,"Agro Food Park 26 2, 8200 Aarhus N",Århus,01.07.1989,6.0,Mikro,Aktieselskab,13255598,500.0,2920000.0,DKK,2023.0,0,0,18,1.0,0.0,0.0,0.0,0.0
Skiltemaleren Mors/Thy ApS,"Hanklitvej 3, 7950 Erslev",Morsø,12.12.2022,3.0,Mikro,Anpartsselskab,43713604,100.0,1692000.0,DKK,2024.0,0,0,18,1.0,0.0,0.0,0.0,0.0
Imagine ApS,"Byleddet 12, 4000 Roskilde",Roskilde,01.02.2019,2.0,Mikro,Anpartsselskab,40228470,40.0,997000.0,DKK,2024.0,0,0,18,1.0,0.0,0.0,0.0,0.0
FANØ BOGTRYKKERI ApS,"Willemoesvej 7, 6720 Fanø",Fanø,30.09.1974,10.0,Lille,Anpartsselskab,51823818,80.0,1290000.0,DKK,2023.0,0,0,18,1.0,0.0,0.0,0.0,0.0
PartnerPlus ApS,"Rønne Alle 8, 2791 Dragør",Tårnby,03.05.2000,1.0,Mikro,Anpartsselskab,25381874,125.0,619000.0,DKK,2024.0,0,0,18,,1.0,0.0,0.0,0.0
Skalbakken Holding ApS,"Skalbakken 5, 2720 Vanløse",København,01.01.2004,Ikke oplyst,Ikke oplyst,Anpartsselskab,27601030,505.0,386000.0,DKK,2023.0,0,0,18,,1.0,0.0,0.0,0.0
Den Bedste Tid ApS,"Overholm 7, 8700 Horsens",Horsens,21.10.2008,2.0,Mikro,Anpartsselskab,31850169,80.0,646000.0,DKK,2023.0,0,0,18,1.0,0.0,0.0,0.0,0.0
TL ADMINISTRATION ApS,"Fasanvænget 8, 5690 Tommerup",Assens,18.12.1992,Ikke oplyst,Ikke oplyst,Anpartsselskab,16650498,200.0,,nan,2024.0,0,0,18,1.0,0.0,0.0,0.0,0.0
EXTREMELABELS ApS,"Sandøvej 14 B, 8700 Horsens",Horsens,29.06.1995,Ikke oplyst,Ikke oplyst,Anpartsselskab,18677105,40.0,30000.0,DKK,2023.0,0,0,18,1.0,0.0,0.0,0.0,0.0
TYPOGRAPHIC A/S,"Grønlandsvej 1, 7900 Nykøbing M",Morsø,18.06.2003,15.0,Lille,Aktieselskab,27210236,500.0,9721000.0,DKK,2024.0,0,0,18,1.0,0.0,0.0,0.0,0.0
Nohr ApS,"Nytorv 3 3 tv, 9000 Aalborg",Aalborg,24.01.2014,1.0,Mikro,Anpartsselskab,35649476,50.0,966000.0,DKK,2023.0,0,0,18,1.0,0.0,0.0,0.0,0.0
GRAFISK FORUM A/S,"Fuglevangsvej 47 B, 8700 Horsens",Horsens,11.11.1999,13.0,Lille,Aktieselskab,25057635,1.0,9081000.0,DKK,2024.0,0,0,18,1.0,0.0,0.0,0.0,0.0
SORTBERG HANSEN ApS,"Hjaltesvej 8 st, 7500 Holstebro",Holstebro,16.01.2007,10.0,Lille,Anpartsselskab,30199855,375.0,3120000.0,DKK,2024.0,0,0,18,1.0,0.0,0.0,0.0,0.0
Dansk Båndtryk ApS,"Tinvej 1, 8940 Randers SV",Randers,15.09.2016,Ikke oplyst,Ikke oplyst,Anpartsselskab,38011863,50.0,495000.0,DKK,2023.0,0,0,18,1.0,0.0,0.0,0.0,0.0
EKS-SKOLENS TRYKKERI ApS,"Nørrebrogade 5 C, 2200 København N",København,22.09.1975,4.0,Mikro,Anpartsselskab,40638113,200.0,1660000.0,DKK,2023.0,0,0,18,1.0,1.0,0.0,0.0,0.0
FL Tryk ApS,"Agerbakken 21, 8362 Hørning",Skanderborg,27.05.2020,Ikke oplyst,Ikke oplyst,Anpartsselskab,41390263,40.0,1558000.0,DKK,2023.0,0,0,18,1.0,0.0,0.0,0.0,0.0
BUDOLFI GRAFISK ApS,"Porsvej 2 1, 9000 Aalborg",Aalborg,25.09.2007,5.0,Mikro,Anpartsselskab,30835697,125.0,1558000.0,DKK,2023.0,0,0,18,1.0,0.0,0.0,0.0,0.0
HOUKJÆR TRYK ApS,"Stolpedalsparken 97, 9000 Aalborg",Aalborg,22.01.1982,Ikke oplyst,Ikke oplyst,Anpartsselskab,89923018,125.0,-12000.0,DKK,2023.0,0,0,18,1.0,0.0,0.0,0.0,0.0
SPIRALIN A/S,"Drejergangen 5, 2690 Karlslunde",Greve,08.03.1990,2.0,Mikro,Aktieselskab,13943036,500.0,1209000.0,DKK,2024.0,0,0,18,,0.0,0.0,1.0,0.0
DK-LAMINERING ApS,"Agerskellet 36, 8920 Randers NV",Randers,01.01.2002,5.0,Mikro,Anpartsselskab,26385865,194.0,2613000.0,DKK,2023.0,0,0,18,,0.0,0.0,1.0,0.0
031614 ApS,"Jernholmen 42 A, 2650 Hvidovre",Hvidovre,20.07.2018,Ikke oplyst,Ikke oplyst,Anpartsselskab,39747006,40.0,,nan,2024.0,0,0,18,1.0,0.0,0.0,0.0,0.0
POST DANMARK A/S,"Hedegaardsvej 88, 2300 København S",København,28.06.2002,5555.0,Stor,Aktieselskab,26663903,500.0,,nan,2023.0,0,0,18,1.0,0.0,0.0,0.0,0.0
JYSK FORMTRYK ApS,"Taksvej 28, 7400 Herning",Herning,01.03.1981,4.0,Mikro,Anpartsselskab,66776816,150.0,690000.0,DKK,2024.0,0,0,18,1.0,0.0,0.0,0.0,0.0
GRC/Trykstuen A/S,"Platanvej 8, 7400 Herning",Herning,28.04.1992,3.0,Mikro,Aktieselskab,16105473,500.0,911000.0,DKK,2023.0,0,0,18,1.0,0.0,0.0,0.0,0.0
PHOTOBYCLAUSBJOERN ApS,"Furreby Skolevej 25, 9480 Løkken",Hjørring,16.10.2008,Ikke oplyst,Ikke oplyst,Anpartsselskab,30531779,125.0,190000.0,DKK,2024.0,0,0,18,1.0,0.0,0.0,0.0,0.0
PANDRUP GRAFISK PRODUKTION ApS,"Kalsensgaardsvej 6, 9490 Pandrup",Jammerbugt,25.08.2003,4.0,Mikro,Anpartsselskab,27310672,500.0,2188000.0,DKK,2024.0,0,0,18,1.0,0.0,0.0,0.0,0.0
LABORATORIET K. ELLEGAARD HANSEN ApS,"Industrihegnet 12, 4030 Tune",Greve,21.09.1976,1.0,Mikro,Anpartsselskab,40482911,125.0,292000.0,DKK,2024.0,0,0,18,1.0,0.0,0.0,0.0,0.0
Contentas Marketing ApS,"Midtager 26 B 2 th, 2605 Brøndby",Brøndby,30.05.2014,Ikke oplyst,Ikke oplyst,Anpartsselskab,30536592,50.0,193000.0,DKK,2023.0,0,0,18,1.0,0.0,0.0,0.0,0.0
JURIST- OG ØKONOMFORBUNDETS FORLAG A/S,"Gothersgade 137 st tv, 1123 København K",København,01.09.1996,39.0,Lille,Aktieselskab,19526585,1.775,27695000.0,DKK,2023.0,0,0,18,,1.0,0.0,0.0,0.0
CCL LABEL A/S,"Nyager 11, 2605 Brøndby",Brøndby,27.02.1960,128.0,Mellemstor,Aktieselskab,15512415,13.0,48350000.0,DKK,2023.0,0,0,18,,1.0,0.0,0.0,0.0
SAL TRYK ApS,"Ellehammervej 4, 9900 Frederikshavn",Frederikshavn,11.07.2014,1.0,Mikro,Anpartsselskab,36043946,125.0,98000.0,DKK,2023.0,0,0,18,1.0,0.0,0.0,0.0,0.0
Decoded Music Exclusive Businesses ApS,"Peter Fabers Gade 4 kl, 2200 København N",København,23.08.2017,8.0,Mikro,Anpartsselskab,38874179,100.0,2302000.0,DKK,2023.0,0,0,18,,0.0,1.0,0.0,0.0
LAURSEN GRAFISK A/S,"Håndværkervej 6, 6270 Tønder",Tønder,01.11.2002,38.0,Lille,Aktieselskab,26861896,600.0,27359000.0,DKK,2023.0,0,0,18,1.0,0.0,0.0,0.0,0.0
DREYER KLICHÉ ApS,"Lyskær 10, 2730 Herlev",Herlev,14.06.2007,12.0,Lille,Anpartsselskab,30690176,125.0,8845000.0,DKK,2023.0,0,0,18,,1.0,0.0,0.0,0.0
Freckle ApS,"Bengtasvej 2 4 th, 2900 Hellerup",Gentofte,02.06.2021,Ikke oplyst,Ikke oplyst,Anpartsselskab,42434558,40.0,3000.0,DKK,2023.0,0,0,18,1.0,0.0,0.0,0.0,0.0
HVID GRAFISK ApS,"Irma Pedersens Gade 168 2 1, 8000 Aarhus C",Århus,12.06.2008,Ikke oplyst,Ikke oplyst,Anpartsselskab,31487269,125.0,-26000.0,DKK,2023.0,0,0,18,1.0,0.0,0.0,0.0,0.0
"VERNER BENDIXEN HOLDING, STØVRING ApS","Grangårdsvej 68, 9530 Støvring",Rebild,24.10.1988,Ikke oplyst,Ikke oplyst,Anpartsselskab,12646038,125.0,83000.0,DKK,2023.0,0,0,18,1.0,0.0,0.0,0.0,0.0
ESKO-GRAPHICS DANMARK A/S,"Åkandevej 21, 2700 Brønshøj",København,16.12.2004,3.0,Mikro,Aktieselskab,28303289,200.0,5340000.0,DKK,2023.0,0,0,18,,1.0,0.0,0.0,0.0
PRINTCARD ApS,"Prins Buris Vej 4, 2300 København S",København,01.04.1984,Ikke oplyst,Ikke oplyst,Anpartsselskab,73631211,200.0,124000.0,DKK,2024.0,0,0,18,,1.0,0.0,0.0,0.0
MH 2023 ApS,"Golfvænget 36, 7000 Fredericia",Fredericia,30.06.2023,Ikke oplyst,Ikke oplyst,Anpartsselskab,44152061,40.0,124000.0,DKK,2023.0,0,0,18,1.0,0.0,0.0,0.0,0.0
Plotteriet ApS,"Kastanie Allé 11 C, 8230 Åbyhøj",Århus,27.06.2022,3.0,Mikro,Anpartsselskab,43354817,40.0,1861000.0,DKK,2023.0,0,0,18,1.0,0.0,0.0,0.0,0.0
MIKKEL BARKER ApS,"Århusvej 223 D, 8464 Galten",Skanderborg,12.09.2006,1.0,Mikro,Anpartsselskab,29850372,125.0,998000.0,DKK,2023.0,0,0,18,1.0,0.0,0.0,0.0,0.0
ThePublishing ApS,"Bengtasvej 2 4 th, 2900 Hellerup",Gentofte,02.06.2021,Ikke oplyst,Ikke oplyst,Anpartsselskab,42434655,40.0,3000.0,DKK,2023.0,0,0,18,1.0,0.0,0.0,0.0,0.0
Orbit Group ApS,"Siriusvej 17, 7430 Ikast",Ikast-Brande,02.07.1982,19.0,Lille,Anpartsselskab,71158713,200.0,2961000.0,DKK,2023.0,0,0,18,,1.0,0.0,0.0,0.0
Let Us Print A/S,"Tomsagervej 2, 8230 Åbyhøj",Århus,16.03.2021,3.0,Mikro,Aktieselskab,42232181,750.0,2561000.0,DKK,2023.0,0,0,18,1.0,0.0,0.0,0.0,0.0
BUWI HOLDING ApS,"Vognmarken 3, 3200 Helsinge",Gribskov,10.05.2000,Ikke oplyst,Ikke oplyst,Anpartsselskab,25373766,125.0,-7000.0,DKK,2024.0,0,0,18,,1.0,0.0,0.0,0.0
PRINTXPERTEN ApS,"Matildevej 16, 4200 Slagelse",Slagelse,01.07.2012,3.0,Mikro,Anpartsselskab,34617309,80.0,645000.0,DKK,2024.0,0,0,18,1.0,0.0,0.0,0.0,0.0
COLOUR COPY ApS,"Esplanaden 8 B, 1263 København K",København,01.07.2009,Ikke oplyst,Ikke oplyst,Anpartsselskab,29821186,125.0,54000.0,DKK,2023.0,0,0,18,1.0,0.0,0.0,0.0,0.0
Printconnect Blok ApS,"Edgar Funchs Vej 19, 9000 Aalborg",Aalborg,11.10.2023,1.0,Mikro,Anpartsselskab,44363399,40.0,273000.0,DKK,2024.0,0,0,18,1.0,0.0,0.0,0.0,0.0
Komselis ApS,"Magnoliavej 86, 9000 Aalborg",Aalborg,20.08.2010,1.0,Mikro,Anpartsselskab,33082177,100.0,126000.0,DKK,2024.0,0,0,18,1.0,0.0,0.0,0.0,0.0
SK tryk ApS,"Sandbyvej 14, 8382 Hinnerup",Favrskov,29.03.2021,2.0,Mikro,Anpartsselskab,42262366,40.0,104000.0,DKK,2023.0,0,0,18,1.0,0.0,0.0,0.0,0.0
CHRISTIAN BRANDT PRODUCTIONS ApS,"Møllegade 54, 8660 Skanderborg",Skanderborg,16.04.2014,Ikke oplyst,Ikke oplyst,Anpartsselskab,31863414,50.0,0.0,DKK,2023.0,0,0,18,1.0,0.0,0.0,0.0,0.0
Dememo ApS,"Assensvej 23, 5672 Broby",Faaborg-Midtfyn,27.01.2023,Ikke oplyst,Ikke oplyst,Anpartsselskab,43808362,40.0,-19000.0,DKK,2024.0,0,0,18,1.0,0.0,0.0,0.0,0.0
LANGBALLEGAARD INVEST 3 A/S,"Ærøgade 4, 5960 Marstal",Ærø,29.06.1983,Ikke oplyst,Ikke oplyst,Aktieselskab,73274311,500.0,,nan,2023.0,0,0,18,1.0,0.0,0.0,0.0,0.0
Ignited ApS,"Koldingvej 43 C, 8800 Viborg",Viborg,27.02.2019,2.0,Mikro,Anpartsselskab,40295038,50.0,-138000.0,DKK,2023.0,0,0,18,1.0,0.0,0.0,0.0,0.0
E&T DATA ApS,"Kongestien 16, 2830 Virum",Lyngby-Taarbæk,01.01.2008,Ikke oplyst,Ikke oplyst,Anpartsselskab,31254663,130.0,-23000.0,DKK,2023.0,0,0,18,,1.0,0.0,0.0,0.0
GRAFISK RÅDGIVNING ApS,"Havnevej 3 C, 2670 Greve",Greve,11.11.2003,6.0,Mikro,Anpartsselskab,27437850,250.0,4054000.0,DKK,2023.0,0,0,18,1.0,0.0,0.0,0.0,0.0
TGAS ApS,"Prags Boulevard 49 E, 2300 København S",København,17.02.2022,Ikke oplyst,Ikke oplyst,Anpartsselskab,43091964,40.0,-62000.0,DKK,2023.0,0,0,18,,0.0,1.0,0.0,0.0
STRANDBYGAARD A/S,"Trykkerivej 2, 6900 Skjern",Ringkøbing-Skjern,20.11.1971,69.0,Mellemstor,Aktieselskab,37394017,500.0,19657000.0,DKK,2023.0,0,0,18,1.0,0.0,0.0,0.0,0.0
Lehm ApS,"Borggade 3 st 4, 8000 Aarhus C",Århus,01.07.2018,2.0,Mikro,Anpartsselskab,39691019,50.0,433000.0,DKK,2023.0,0,0,18,,1.0,0.0,0.0,0.0
KEND DINE PENGE ApS,"Nærum Hovedgade 13 st th, 2850 Nærum",Rudersdal,07.01.2008,Ikke oplyst,Ikke oplyst,Anpartsselskab,31169151,50.0,-59000.0,DKK,2024.0,0,0,18,1.0,0.0,0.0,0.0,0.0
SA-AL INVEST ApS,"Sønder Allé 14, 8500 Grenaa",Norddjurs,30.05.2006,2.0,Mikro,Anpartsselskab,29605580,126.0,918000.0,DKK,2024.0,0,0,18,1.0,0.0,0.0,0.0,0.0
PDC A/S,"H.J. Holst Vej 3-5 C, 2605 Brøndby",Brøndby,08.07.1985,115.0,Mellemstor,Aktieselskab,78806117,500.0,87925000.0,DKK,2024.0,0,0,18,,0.0,1.0,0.0,0.0
Zvision ApS,"Vestergade 16 1 tv, 9400 Nørresundby",Aalborg,10.04.2015,1.0,Mikro,Anpartsselskab,36715391,50.0,476000.0,DKK,2024.0,0,0,18,1.0,0.0,0.0,0.0,0.0
Maerk ApS,"Provstskovvej 30, 5500 Middelfart",Middelfart,01.07.2015,8.0,Mikro,Anpartsselskab,36950013,50.0,2249000.0,DKK,2023.0,0,0,18,1.0,0.0,0.0,0.0,0.0
COLORE ApS,"Roholmsvej 10 P, 2620 Albertslund",Albertslund,26.02.2004,10.0,Lille,Anpartsselskab,27619193,249.0,4129000.0,DKK,2023.0,0,0,18,1.0,0.0,0.0,0.0,0.0
Die Es ApS,"Steenwinkelsvej 4 C, 1966 Frederiksberg C",Frederiksberg,03.10.2019,Ikke oplyst,Ikke oplyst,Anpartsselskab,40834273,40.0,0.0,DKK,2023.0,0,0,18,1.0,0.0,0.0,0.0,0.0
PRINFO TREKRONER A/S,"Trekronergade 100, 2500 Valby",København,24.04.2003,4.0,Mikro,Aktieselskab,27124658,500.0,3408000.0,DKK,2023.0,0,0,18,1.0,0.0,0.0,0.0,0.0
Lykra ApS,"Hvileholmsvej 14, 5550 Langeskov",Kerteminde,29.02.2016,2.0,Mikro,Anpartsselskab,37497940,40.0,617000.0,DKK,2023.0,0,0,18,1.0,0.0,0.0,0.0,0.0
PAHM ApS,"Åstvej 10 B, 7190 Billund",Billund,17.12.2007,3.0,Mikro,Anpartsselskab,30561317,125.0,1872000.0,DKK,2024.0,0,0,18,1.0,1.0,0.0,0.0,0.0
InBold A/S,"Dronningens Tværgade 7 B st, 1302 København K",København,01.11.2001,12.0,Lille,Aktieselskab,26310083,1.0,2528000.0,DKK,2023.0,0,0,18,1.0,0.0,0.0,0.0,0.0
TRYKKERIET FRIHEDEN ApS,"Håndværkervej 7, 7700 Thisted",Thisted,03.09.2003,9.0,Mikro,Anpartsselskab,27381162,250.0,990000.0,DKK,2023.0,0,0,18,1.0,0.0,0.0,0.0,0.0
Jyllands-Postens Lokalaviser A/S,"Mediebyen 3, 8000 Aarhus C",Århus,30.01.1976,36.0,Lille,Aktieselskab,55405816,10.0,16841000.0,DKK,2023.0,0,0,18,1.0,0.0,0.0,0.0,0.0
ROSENBERG BOGTRYK ApS,"Metalbuen 22, 2750 Ballerup",Ballerup,20.06.2007,Ikke oplyst,Ikke oplyst,Anpartsselskab,30726596,1.1,-44000.0,DKK,2024.0,0,0,18,1.0,0.0,0.0,0.0,0.0
KB Media ApS,"Ribevej 56, 6683 Føvling",Vejen,21.10.2019,Ikke oplyst,Ikke oplyst,Anpartsselskab,40890041,40.0,-36000.0,DKK,2023.0,0,0,18,1.0,0.0,0.0,0.0,0.0
CREACO ApS,"Manbjergvej 68, 8541 Skødstrup",Århus,28.05.2009,1.0,Mikro,Anpartsselskab,32157599,150.0,57000.0,DKK,2024.0,0,0,18,1.0,1.0,0.0,0.0,0.0
SKABERTRANG A/S,"Hagemannsvej 18, 8600 Silkeborg",Silkeborg,01.04.1968,21.0,Lille,Aktieselskab,51776712,1.55,9999000.0,DKK,2024.0,0,0,18,1.0,0.0,0.0,0.0,0.0
BITOCOP ApS,"Statenevej 112, 2600 Glostrup",Glostrup,14.12.2020,2.0,Mikro,Anpartsselskab,41940832,50.0,118000.0,DKK,2023.0,0,0,18,1.0,0.0,0.0,0.0,0.0
Fyns Bogbind ApS,"Hestehavevej 22, 5856 Ryslinge",Faaborg-Midtfyn,05.03.2021,4.0,Mikro,Anpartsselskab,42191388,40.0,1027000.0,DKK,2024.0,0,0,18,,0.0,0.0,1.0,0.0
pflindt ApS,"Agergårdshaven 101, 2690 Karlslunde",Greve,05.03.2017,1.0,Mikro,Anpartsselskab,38461761,40.0,171000.0,DKK,2023.0,0,0,18,1.0,0.0,0.0,0.0,0.0
Praktikeren-ApS,"Rønnebærvej 5, 3460 Birkerød",Rudersdal,25.03.2004,2.0,Mikro,Anpartsselskab,27663494,125.0,639000.0,DKK,2023.0,0,0,18,1.0,0.0,0.0,0.0,0.0
INTERREPRO A/S,"Tjærbyvej 12 B, 8930 Randers NØ",Randers,22.06.1990,1.0,Mikro,Aktieselskab,14301836,500.0,86000.0,DKK,2023.0,0,0,18,,1.0,0.0,0.0,0.0
SØREN OVERGAARD HOLDING ApS,"Rosenvænget 10, 7400 Herning",Herning,03.07.2006,1.0,Mikro,Anpartsselskab,28661533,500.0,279000.0,DKK,2024.0,0,0,18,1.0,0.0,0.0,0.0,0.0
DYSTAN & ROSENBERG ApS,"Smedeholm 21, 2730 Herlev",Herlev,01.01.2015,44.0,Lille,Anpartsselskab,36476877,600.0,21384000.0,DKK,2024.0,0,0,18,1.0,0.0,0.0,0.0,0.0
FROM GRAFISK A/S,"Nordre Ringvej 3, 7000 Fredericia",Fredericia,29.11.2007,5.0,Mikro,Aktieselskab,31074215,600.0,8099000.0,DKK,2023.0,0,0,18,1.0,0.0,0.0,0.0,0.0
S. Hørdum ApS,"Boeletvej 35, 8680 Ry",Skanderborg,15.11.2020,1.0,Mikro,Anpartsselskab,41873604,40.0,156000.0,DKK,2023.0,0,0,18,1.0,0.0,0.0,0.0,0.0
ID-MARKING A/S - (JOHS. THEJLL),"Topstykket 13, 3460 Birkerød",Rudersdal,19.02.1993,4.0,Mikro,Aktieselskab,16779792,600.0,2314000.0,DKK,2023.0,0,0,18,1.0,0.0,0.0,0.0,0.0
THE GRID ApS,"Dronning Olgas Vej 23, 2000 Frederiksberg",Frederiksberg,01.04.2006,Ikke oplyst,Ikke oplyst,Anpartsselskab,29448353,126.0,889000.0,DKK,2024.0,0,0,18,,1.0,0.0,0.0,0.0
J. & R. FRYDENBERG ApS,"Bolbrovænge 16, 2960 Rungsted Kyst",Hørsholm,25.06.1984,Ikke oplyst,Ikke oplyst,Anpartsselskab,75099711,40.0,47000.0,DKK,2024.0,0,0,18,1.0,0.0,0.0,0.0,0.0
AZ Design Aps,"Ålekistevej 161, 2720 Vanløse",København,16.11.2015,1.0,Mikro,Anpartsselskab,37236098,50.0,98000.0,DKK,2023.0,0,0,18,,1.0,0.0,0.0,0.0
LANGBALLEGAARD INVEST I ApS,"Sidesporet 22 3 tv, 8930 Randers NØ",Randers,30.12.2009,Ikke oplyst,Ikke oplyst,Anpartsselskab,32677347,125.0,,nan,2023.0,0,0,18,1.0,0.0,0.0,0.0,0.0
Salooning Green Future ApS,"Refshalevej 167 F, 1432 København K",København,01.07.2022,Ikke oplyst,Ikke oplyst,Anpartsselskab,43377647,40.0,-456000.0,DKK,2023.0,0,0,18,1.0,0.0,0.0,0.0,0.0
Pixlprint ApS,"Hartmannsvej 11, 2900 Hellerup",Gentofte,29.12.2022,Ikke oplyst,Ikke oplyst,Anpartsselskab,43738704,40.0,-505000.0,DKK,2023.0,0,0,18,1.0,0.0,0.0,0.0,0.0
Barosco Plus ApS,"Toftevænget 9, 8250 Egå",Århus,01.03.2011,1.0,Mikro,Anpartsselskab,33509146,120.0,2460000.0,DKK,2023.0,0,0,18,1.0,0.0,0.0,0.0,0.0
E B Group ApS,"Arnegårdsvej 44, 8230 Åbyhøj",Århus,13.08.2020,Ikke oplyst,Ikke oplyst,Anpartsselskab,41588489,40.0,4000.0,DKK,2023.0,0,0,18,1.0,0.0,0.0,0.0,0.0
MPIphoto.dk ApS,"Overgårdvej 14, 8600 Silkeborg",Silkeborg,23.06.2021,1.0,Mikro,Anpartsselskab,42491578,40.0,2308000.0,DKK,2023.0,0,0,18,1.0,0.0,0.0,0.0,0.0
SCHALDEMOSE SERIGRAFI A/S,"Reerslevvej 59, 2640 Hedehusene",Høje-Taastrup,30.06.1996,1.0,Mikro,Aktieselskab,19941345,500.0,-38000.0,DKK,2023.0,0,0,18,1.0,0.0,0.0,0.0,0.0
Sæby Bogtryk ApS,"Peder Munks Vej 40, 9300 Sæby",Frederikshavn,23.08.2018,1.0,Mikro,Anpartsselskab,39804832,40.0,27000.0,DKK,2023.0,0,0,18,1.0,0.0,0.0,0.0,0.0
STUDSGAARD SKILTE ApS,"Langerak 63, 9900 Frederikshavn",Frederikshavn,12.11.1987,4.0,Mikro,Anpartsselskab,11733409,158.0,1103000.0,DKK,2023.0,0,0,18,1.0,0.0,0.0,0.0,0.0
Basis-Tryk & Skilte ApS,"Nordre Ringgade 4, 9330 Dronninglund",Brønderslev-Dronninglund,27.06.2018,13.0,Lille,Anpartsselskab,39675390,75.0,6050000.0,DKK,2023.0,0,0,18,1.0,0.0,0.0,0.0,0.0
JA TRYK AF 3.01.2011 ApS,"Olufsgade 3, 7400 Herning",Herning,01.12.1988,Ikke oplyst,Ikke oplyst,Anpartsselskab,12581599,242.0,,nan,2024.0,0,0,18,1.0,0.0,0.0,0.0,0.0
JUNGERSEN GRAFISK ApS,"Syvhøjvænge 3, 2625 Vallensbæk",Vallensbæk,16.09.1976,3.0,Mikro,Anpartsselskab,34273219,220.0,1172000.0,DKK,2024.0,0,0,18,1.0,0.0,0.0,0.0,0.0
SVS Tools & Gas ApS,"Vestre Kaj 50 B, 4970 Rødby",Lolland,13.01.2015,Ikke oplyst,Ikke oplyst,Anpartsselskab,36488662,50.0,-2000.0,DKK,2023.0,0,0,18,1.0,0.0,0.0,0.0,0.0
DESLERS GRAFISK HUS Aps,"Drejervænget 8, 5610 Assens",Assens,15.03.2007,20.0,Lille,Anpartsselskab,30356985,209.0,11775000.0,DKK,2024.0,0,0,18,1.0,0.0,0.0,0.0,0.0
PNT TRYK & BRODERI ApS,"Generatorvej 8 B, 2860 Søborg",Gladsaxe,12.06.2007,12.0,Lille,Anpartsselskab,30616936,125.0,5326000.0,DKK,2023.0,0,0,18,1.0,0.0,0.0,0.0,0.0
BibMedia A/S,"Hørkær 28 3, 2730 Herlev",Herlev,01.09.1993,84.0,Mellemstor,Aktieselskab,17260839,5.225,45583000.0,DKK,2023.0,0,0,18,,0.0,0.0,1.0,0.0
Stibo Complete A/S,"Saturnvej 65, 8700 Horsens",Horsens,05.01.1942,250.0,Stor,Aktieselskab,37120928,100.0,182600000.0,DKK,2024.0,0,0,18,1.0,0.0,0.0,0.0,0.0
LYHNES SPECIALTRYK ApS,"Sandager 6 C, 2605 Brøndby",Brøndby,01.07.1977,1.0,Mikro,Anpartsselskab,80721110,40.0,628000.0,DKK,2024.0,0,0,18,1.0,0.0,0.0,0.0,0.0
CAT-KIT.COM ApS,"Avnsbjergvej 50, 4174 Jystrup Midtsj",Ringsted,31.08.2004,1.0,Mikro,Anpartsselskab,28100981,125.0,-43000.0,DKK,2023.0,0,0,18,,0.0,0.0,1.0,0.0
J.H. SCHULTZ AF 1661 A/S,"Annexstræde 5, 2500 Valby",København,19.02.1968,Ikke oplyst,Ikke oplyst,Aktieselskab,36791314,500.0,-16000.0,DKK,2023.0,0,0,18,1.0,0.0,0.0,0.0,0.0
KELLMANN REKLAME A/S,"Jernholmen 48 A tv, 2650 Hvidovre",Hvidovre,09.10.2009,21.0,Lille,Aktieselskab,32477933,600.0,12011000.0,DKK,2023.0,0,0,18,1.0,0.0,0.0,0.0,0.0
NORD-PRINT ApS,"Havebakken 6, 9200 Aalborg SV",Aalborg,12.05.2014,Ikke oplyst,Ikke oplyst,Anpartsselskab,35849157,100.0,,nan,2023.0,0,0,18,,1.0,0.0,0.0,0.0
OAB-TRYK ApS,"Faaborgvej 105, 5250 Odense SV",Odense,29.09.2014,3.0,Mikro,Anpartsselskab,36393009,50.0,2991000.0,DKK,2024.0,0,0,18,1.0,0.0,0.0,0.0,0.0
BRANDE BLADET ApS,"Storegade 25, 7330 Brande",Ikast-Brande,30.09.1983,3.0,Mikro,Anpartsselskab,73347513,200.0,1479000.0,DKK,2024.0,0,0,18,1.0,0.0,0.0,0.0,0.0
LITOTRYK KØBENHAVN A/S,"Baldersbuen 14 st, 2640 Hedehusene",Høje-Taastrup,02.10.1981,1.0,Mikro,Aktieselskab,51268210,1.0,6507000.0,DKK,2024.0,0,0,18,1.0,0.0,0.0,0.0,0.0
THE FINAL TOUCH ApS,"Bøgekildevej 9, 8361 Hasselager",Århus,01.10.2011,4.0,Mikro,Anpartsselskab,33959621,80.0,1492000.0,DKK,2023.0,0,0,18,1.0,0.0,0.0,0.0,0.0
PAN-FORM ApS,"Literbuen 14 B, 2740 Skovlunde",Ballerup,13.02.1985,3.0,Mikro,Anpartsselskab,77572317,900.0,1199000.0,DKK,2024.0,0,0,18,,0.0,0.0,1.0,0.0
MNC Bertel 2020 ApS,"Ærøvej 15, 8800 Viborg",Viborg,22.11.2020,Ikke oplyst,Ikke oplyst,Anpartsselskab,41872977,50.0,-39000.0,DKK,2024.0,0,0,18,1.0,0.0,0.0,0.0,0.0
Granhof & Juhl ApS,"Solmarksvej 22, 8240 Risskov",Århus,29.01.2008,Ikke oplyst,Ikke oplyst,Anpartsselskab,31190894,125.0,-47000.0,DKK,2023.0,0,0,18,1.0,0.0,0.0,0.0,0.0
MOHRDIECK TRYK A/S,"Lille Kolstrup 26, 6200 Aabenraa",Aabenraa,28.06.1977,5.0,Mikro,Aktieselskab,82500510,500.0,3920000.0,DKK,2024.0,0,0,18,1.0,0.0,0.0,0.0,0.0
GRAFISK DESIGN SERIGRAFI ApS,"Christian 10 Gade 3, 6000 Kolding",Kolding,27.03.2008,4.0,Mikro,Anpartsselskab,31483107,125.0,1693000.0,DKK,2024.0,0,0,18,1.0,0.0,0.0,0.0,0.0
RB PRINT ApS,"Sønderalle 1, 6630 Rødding",Vejen,02.01.1985,2.0,Mikro,Anpartsselskab,76176116,200.0,83000.0,DKK,2024.0,0,0,18,1.0,0.0,0.0,0.0,0.0
MOLLEVITTEN.DK ApS,"Søtoften 1, 8250 Egå",Århus,27.06.2006,Ikke oplyst,Ikke oplyst,Anpartsselskab,28663390,125.0,-14000.0,DKK,2024.0,0,0,18,,0.0,1.0,0.0,0.0
SCHREINERS.DK ApS,"Søndergade 17, 5620 Glamsbjerg",Assens,13.02.2004,Ikke oplyst,Ikke oplyst,Anpartsselskab,27596789,126.0,111000.0,DKK,2024.0,0,0,18,1.0,0.0,0.0,0.0,0.0
AKTIESELSKABET BORNHOLMS TIDENDE,"Nørregade 11-19, 3700 Rønne",Bornholm,13.04.1905,108.0,Mellemstor,Aktieselskab,35244115,2.7,17924000.0,DKK,2023.0,0,0,18,,0.0,0.0,0.0,1.0
Hobro Lyntryk ApS,"Balders Vej 15, 9500 Hobro",Mariagerfjord,28.04.2021,1.0,Mikro,Anpartsselskab,42345709,40.0,3911000.0,DKK,2024.0,0,0,18,1.0,0.0,0.0,0.0,0.0
LABEL ApS,"Amaliegade 6 4 tv, 1256 København K",København,15.09.2014,Ikke oplyst,Ikke oplyst,Anpartsselskab,36408243,50.0,-19000.0,DKK,2024.0,0,0,18,1.0,0.0,0.0,0.0,0.0
ALKO PRINT A/S,"Foldgårdsvej 17, 6715 Esbjerg N",Esbjerg,25.06.1998,17.0,Lille,Aktieselskab,21165832,900.0,5957000.0,DKK,2023.0,0,0,18,1.0,0.0,0.0,0.0,0.0
CHARLES CHRISTIANSEN ApS,"Nr Hostrupvej 22, 6230 Rødekro",Aabenraa,18.12.2006,5.0,Mikro,Anpartsselskab,29828458,125.0,2172000.0,DKK,2023.0,0,0,18,1.0,0.0,0.0,0.0,0.0
Handy Folders ApS,"Gartnervænget 3, 9760 Vrå",Hjørring,17.01.2019,1.0,Mikro,Anpartsselskab,40182314,50.0,481000.0,DKK,2023.0,0,0,18,,0.0,0.0,1.0,0.0
ASB ApS,"Højbovej 2, 9670 Løgstør",Vesthimmerland,01.07.1990,Ikke oplyst,Ikke oplyst,Anpartsselskab,14428593,300.0,-4000.0,DKK,2023.0,0,0,18,1.0,0.0,0.0,0.0,0.0
DIGIGRAF TRYK & REKLAME ApS,"Fabriksvej 4, 9490 Pandrup",Jammerbugt,28.06.2007,5.0,Mikro,Anpartsselskab,30721810,200.0,2898000.0,DKK,2023.0,0,0,18,,1.0,0.0,0.0,0.0
DECOTECH A/S,"Møllevangsvej 10, 7560 Hjerm",Struer,28.02.2008,15.0,Lille,Aktieselskab,31277876,500.0,4319000.0,DKK,2024.0,0,0,18,1.0,0.0,0.0,0.0,0.0
PRIMOREELS A/S,"Skimmedevej 10, 4390 Vipperød",Holbæk,30.12.2008,9.0,Mikro,Aktieselskab,31933692,500.0,8254000.0,DKK,2023.0,0,0,18,1.0,0.0,0.0,0.0,0.0
Vejle Skilte ApS,"Hjulmagervej 17 A, 7100 Vejle",Vejle,26.09.2022,2.0,Mikro,Anpartsselskab,43542966,40.0,1208000.0,DKK,2023.0,0,0,18,1.0,0.0,0.0,0.0,0.0
Bigom Krogstrup aps,"Karlsgårdsvej 27, 3000 Helsingør",Helsingør,27.09.2007,2.0,Mikro,Anpartsselskab,30898885,125.0,2335000.0,DKK,2024.0,0,0,18,1.0,0.0,0.0,0.0,0.0
HORNSLET BOGTRYKKERI ApS,"Tingvej 36, 8543 Hornslet",Syddjurs,01.06.2012,4.0,Mikro,Anpartsselskab,34590923,80.0,724000.0,DKK,2024.0,0,0,18,,1.0,0.0,0.0,0.0
MPRINT ApS,"Østre Alle 6, 9530 Støvring",Rebild,02.08.2012,3.0,Mikro,Anpartsselskab,34624070,80.0,442000.0,DKK,2023.0,0,0,18,1.0,0.0,0.0,0.0,0.0
Ecograf Gruppen A/S,"Engmarken 16, 8220 Brabrand",Århus,10.10.2001,26.0,Lille,Aktieselskab,26267404,1.172,6167000.0,DKK,2024.0,0,0,18,1.0,0.0,0.0,0.0,0.0
LANGENBERG GRAFISK A/S,"Falstersgade 6, 6400 Sønderborg",Sønderborg,28.06.2004,3.0,Mikro,Aktieselskab,27924174,500.0,947000.0,DKK,2023.0,0,0,18,1.0,0.0,0.0,0.0,0.0
Foldingbox ApS,"Jegstrupvej 40, 8361 Hasselager",Århus,14.07.2022,3.0,Mikro,Anpartsselskab,43410849,40.0,-963000.0,DKK,2023.0,0,0,18,,0.0,0.0,1.0,0.0
POSTNORD STRÅLFORS A/S,"Hedegaardsvej 88, 2300 København S",København,12.03.2001,63.0,Mellemstor,Aktieselskab,10068657,20.0,85348000.0,DKK,2023.0,0,0,18,1.0,0.0,0.0,0.0,0.0
SIDE OM SIDE ApS,"Nørre Farimagsgade 58 kl d, 1364 København K",København,05.03.2008,2.0,Mikro,Anpartsselskab,31285577,40.0,326000.0,DKK,2024.0,0,0,18,,0.0,0.0,1.0,0.0
NØRHAVEN BOOK A/S,"Agerlandsvej 3, 8800 Viborg",Viborg,02.01.2011,85.0,Mellemstor,Aktieselskab,33379978,1.85,41732000.0,DKK,2023.0,0,0,18,1.0,0.0,0.0,0.0,0.0
REKLAMELAND A/S,"Teglbækvej 6, 8361 Hasselager",Århus,30.09.2010,17.0,Lille,Aktieselskab,33241658,400.0,6694000.0,DKK,2024.0,0,0,18,1.0,0.0,0.0,0.0,0.0
Christensen Grafisk ApS,"Rentemestervej 56 B, 2400 København NV",København,15.12.2004,12.0,Lille,Anpartsselskab,28296959,125.0,6990000.0,DKK,2023.0,0,0,18,1.0,0.0,0.0,0.0,0.0
Fabula ApS,"Sindalsvej 36 A st tv, 8240 Risskov",Århus,23.10.2017,Ikke oplyst,Ikke oplyst,Anpartsselskab,39034050,50.0,-19000.0,DKK,2023.0,0,0,18,,0.0,0.0,1.0,0.0
Martin Schwartz ApS,"Vesterbrogade 20 B st tv, 1620 København V",København,26.06.2019,3.0,Mikro,Anpartsselskab,40616187,40.0,4790000.0,DKK,2023.0,0,0,18,,1.0,0.0,0.0,0.0
ECCO PRINT A/S,"Læsøvej 2, 9800 Hjørring",Hjørring,30.06.1998,16.0,Lille,Aktieselskab,21033073,3.2,14020000.0,DKK,2023.0,0,0,18,1.0,0.0,0.0,0.0,0.0
VEBJA ApS,"Gadstrupparken 18, 4621 Gadstrup",Roskilde,31.03.2008,Ikke oplyst,Ikke oplyst,Anpartsselskab,31346797,125.0,38000.0,DKK,2024.0,0,0,18,,0.0,0.0,1.0,0.0
DAN-TRYK SERIGRAFI ApS,"Bødkervej 22, 4300 Holbæk",Holbæk,01.10.1997,2.0,Mikro,Anpartsselskab,20397187,125.0,1236000.0,DKK,2024.0,0,0,18,1.0,0.0,0.0,0.0,0.0
Cardby ApS,"Svanlevvej 99, 8361 Hasselager",Århus,20.06.2007,1.0,Mikro,Anpartsselskab,30548272,125.0,60000.0,DKK,2023.0,0,0,18,1.0,0.0,0.0,0.0,0.0
100 PUBLISHING - Sharp Projects ApS,"Blegdamsvej 38, 2200 København N",København,12.10.2014,Ikke oplyst,Ikke oplyst,Anpartsselskab,36409916,50.0,34000.0,DKK,2023.0,0,0,18,,0.0,0.0,1.0,0.0
HOVMARK REKLAMEBUREAU ApS,"Ibsensvej 19, 5000 Odense C",Odense,28.06.2006,1.0,Mikro,Anpartsselskab,28655290,125.0,373000.0,DKK,2024.0,0,0,18,1.0,0.0,0.0,0.0,0.0
BJ Print ApS,"Ebbeskovvej 12, 4140 Borup",Køge,30.03.2019,1.0,Mikro,Anpartsselskab,40394508,40.0,475000.0,DKK,2023.0,0,0,18,1.0,0.0,0.0,0.0,0.0
WILLIAM SKILTE ApS,"Haraldsvej 45, 8960 Randers SØ",Randers,01.01.2015,9.0,Mikro,Anpartsselskab,36476788,50.0,5306000.0,DKK,2024.0,0,0,18,1.0,1.0,0.0,0.0,0.0
CAPISCE ApS,"Hammerholmen 11 H, 2650 Hvidovre",Hvidovre,17.06.1990,1.0,Mikro,Anpartsselskab,14348182,200.0,589000.0,DKK,2024.0,0,0,18,,1.0,0.0,0.0,0.0
Glumsø Grafisk ApS,"Østergade 28, 4700 Næstved",Næstved,29.01.2019,2.0,Mikro,Anpartsselskab,40247440,375.0,251000.0,DKK,2024.0,0,0,18,1.0,0.0,0.0,0.0,0.0
SJ MONTAGE DK ApS,"Plantagevej 2, 4780 Stege",Vordingborg,28.08.2014,Ikke oplyst,Ikke oplyst,Anpartsselskab,36079150,40.0,35000.0,DKK,2023.0,0,0,18,1.0,0.0,0.0,0.0,0.0
MM ESON PAC DENMARK A/S,"Hørskætten 26-28, 2630 Taastrup",Høje-Taastrup,14.07.1964,71.0,Mellemstor,Aktieselskab,22349511,6.0,53043000.0,DKK,2023.0,0,0,18,1.0,0.0,0.0,0.0,0.0
FILA OFFSET ApS,"Hovedgaden 9, 2690 Karlslunde",Greve,26.06.2001,2.0,Mikro,Anpartsselskab,26095808,125.0,267000.0,DKK,2023.0,0,0,18,1.0,0.0,0.0,0.0,0.0
INTRYK ApS,"Hovedgaden 8, 8670 Låsby",Skanderborg,08.05.1990,25.0,Lille,Anpartsselskab,14101209,2.0,15888000.0,DKK,2024.0,0,0,18,1.0,0.0,0.0,0.0,0.0
SB-STUDIO VADUM ApS,"Danalien 1 1, 9000 Aalborg",Aalborg,03.03.2010,Ikke oplyst,Ikke oplyst,Anpartsselskab,32780784,80.0,33000.0,DKK,2024.0,0,0,18,,0.0,1.0,0.0,0.0
Charlotte Schmidt Olsen ApS,"Canadavej 17, 4500 Nykøbing Sj",Odsherred,12.01.2017,1.0,Mikro,Anpartsselskab,38367056,50.0,208000.0,DKK,2023.0,0,0,18,1.0,0.0,0.0,0.0,0.0
Obra Press ApS,"Oldermandsvej 29 st tv, 2400 København NV",København,28.09.2020,Ikke oplyst,Ikke oplyst,Anpartsselskab,41740086,65.0,0.0,DKK,2023.0,0,0,18,1.0,0.0,0.0,1.0,0.0
CJGRAFIK ApS,"Theilgaards Torv 7, 4600 Køge",Køge,01.01.2001,3.0,Mikro,Anpartsselskab,26108268,125.0,950000.0,DKK,2023.0,0,0,18,,1.0,0.0,0.0,0.0
Sørensen & Sørensen ApS,"Hejrevang 21 H st, 3450 Allerød",Allerød,20.10.2022,1.0,Mikro,Anpartsselskab,43588397,40.0,196000.0,DKK,2023.0,0,0,18,1.0,0.0,0.0,0.0,0.0
PRINT & SCREEN A/S,"Kløvbakken 83, 6855 Outrup",Varde,01.01.2003,1.0,Mikro,Aktieselskab,27228593,500.0,3000.0,DKK,2023.0,0,0,18,1.0,0.0,0.0,0.0,0.0
OEST REKLAME ApS,"Marielundvej 46 H st, 2730 Herlev",Herlev,18.01.1996,3.0,Mikro,Anpartsselskab,19049094,270.0,1067000.0,DKK,2023.0,0,0,18,,1.0,0.0,0.0,0.0
KLS PurePrint A/S,"Jernholmen 42 A, 2650 Hvidovre",Hvidovre,01.01.1990,32.0,Lille,Aktieselskab,13918783,929.0,26008000.0,DKK,2023.0,0,0,18,1.0,0.0,0.0,0.0,0.0
TARM BOGTRYK A/S,"Trykkerivej 6, 6880 Tarm",Ringkøbing-Skjern,01.05.1985,14.0,Lille,Aktieselskab,78188014,500.0,7292000.0,DKK,2023.0,0,0,18,1.0,0.0,0.0,0.0,0.0
DC NORDEN ApS,"Bandholmvej 80, 4943 Torrig L",Lolland,17.01.2012,5.0,Mikro,Anpartsselskab,34212384,80.0,2490000.0,DKK,2024.0,0,0,18,,0.0,1.0,0.0,0.0
EXPOTAPE A/S,"Stormosevej 11, 8361 Hasselager",Århus,10.05.1996,16.0,Lille,Aktieselskab,19382346,2.0,3888000.0,DKK,2023.0,0,0,18,1.0,0.0,0.0,0.0,0.0
ULSTRUP SERIGRAFI ApS,"Blommeskoven 1 A, 4281 Gørlev",Kalundborg,30.12.1975,1.0,Mikro,Anpartsselskab,34199019,225.0,588000.0,DKK,2024.0,0,0,18,1.0,0.0,0.0,0.0,0.0
DISCART ApS,"Nordre Strandvej 2 F 1 620, 3000 Helsingør",Helsingør,09.03.2009,1.0,Mikro,Anpartsselskab,32073921,125.0,498000.0,DKK,2023.0,0,0,18,,0.0,1.0,0.0,0.0
AD Libitum ApS,"Rolfsgade 75, 6700 Esbjerg",Esbjerg,11.07.2007,1.0,Mikro,Anpartsselskab,30719794,40.0,266000.0,DKK,2023.0,0,0,18,1.0,0.0,0.0,0.0,0.0
ANOTHER WORLD ENTERTAINMENT ApS,"Hybenvænget 5, 6710 Esbjerg V",Esbjerg,01.02.2006,2.0,Mikro,Anpartsselskab,29412456,150.0,3262000.0,DKK,2024.0,0,0,18,,0.0,1.0,0.0,0.0
BOYE'S LYS-REKLAMETRYK ApS,"Apotekervænget 37 C, 4990 Sakskøbing",Guldborgsund,26.02.1997,3.0,Mikro,Anpartsselskab,19857638,125.0,1210000.0,DKK,2023.0,0,0,18,1.0,0.0,0.0,0.0,0.0
EN-VISION ApS,"Ny Adelgade 4, 5610 Assens",Assens,05.02.2004,Ikke oplyst,Ikke oplyst,Anpartsselskab,27621740,125.0,,nan,2023.0,0,0,18,1.0,0.0,0.0,0.0,0.0
INART ApS,"Vestre Landevej 110, 4951 Nørreballe",Lolland,04.04.2006,Ikke oplyst,Ikke oplyst,Anpartsselskab,29443041,125.0,,nan,2023.0,0,0,18,1.0,0.0,0.0,0.0,0.0
BORN GRAFISK TRYK ApS,"Spurvevej 17, 8800 Viborg",Viborg,22.05.2003,4.0,Mikro,Anpartsselskab,27169457,125.0,1182000.0,DKK,2024.0,0,0,18,1.0,0.0,0.0,0.0,0.0
FORLAGENE IDAG & NORDAN ApS,"Poul Møllers Vej 24, 5230 Odense M",Odense,21.12.2011,1.0,Mikro,Anpartsselskab,34213410,80.0,364000.0,DKK,2023.0,0,0,18,,0.0,0.0,1.0,0.0
aftryk indtryk ApS,"Kirkevej 16, 6430 Nordborg",Sønderborg,18.12.2005,11.0,Lille,Anpartsselskab,29208778,250.0,2212000.0,DKK,2023.0,0,0,18,1.0,0.0,0.0,0.0,0.0
Digital Division ApS,"Holtegårdsvej 23, 2840 Holte",Rudersdal,01.12.2009,Ikke oplyst,Ikke oplyst,Anpartsselskab,32650856,125.0,-62000.0,DKK,2024.0,0,0,18,1.0,0.0,0.0,0.0,0.0
STØVRING BOGTRYK/OFFSET ApS,"Doktorvænget 6, 9530 Støvring",Rebild,15.12.1976,8.0,Mikro,Anpartsselskab,80314728,200.0,4351000.0,DKK,2024.0,0,0,18,1.0,0.0,0.0,0.0,0.0
SKILTDIRECT ApS,"Vindingevej 10, 4000 Roskilde",Roskilde,09.09.2013,Ikke oplyst,Ikke oplyst,Anpartsselskab,35472797,80.0,229000.0,DKK,2023.0,0,0,18,1.0,0.0,0.0,0.0,0.0
COPENHAGEN MUSIC CENTER ApS,"Sigurdsgade 39, 2200 København N",København,22.06.2005,1.0,Mikro,Anpartsselskab,28852002,160.0,1075000.0,DKK,2023.0,0,0,18,,0.0,1.0,0.0,0.0
HIMMERLANDS TRYK A/S,"Borgergade 17, 9620 Aalestrup",Vesthimmerland,28.10.1971,Ikke oplyst,Ikke oplyst,Aktieselskab,34175810,500.0,177000.0,DKK,2023.0,0,0,18,1.0,0.0,0.0,0.0,0.0
LJM HOLDING ApS,"Bygaden 15, 3660 Stenløse",Egedal,01.02.1999,Ikke oplyst,Ikke oplyst,Anpartsselskab,21632430,125.0,151000.0,DKK,2024.0,0,0,18,,1.0,0.0,0.0,0.0
SEEDORFF PUBLISHING ApS,"Søllerødvej 64, 2840 Holte",Rudersdal,26.03.2010,Ikke oplyst,Ikke oplyst,Anpartsselskab,32831974,80.0,-9000.0,DKK,2023.0,0,0,18,,1.0,0.0,0.0,0.0
OLE NONBYE A/S,"Knudsminde 4, 8300 Odder",Odder,10.06.1976,48.0,Lille,Aktieselskab,58274917,5.0,25883000.0,DKK,2023.0,0,0,18,1.0,0.0,0.0,0.0,0.0
REPROFLEX SCANDINAVIA A/S,"Karl Bjarnhofs Vej 3, 7120 Vejle Øst",Vejle,01.07.1999,74.0,Mellemstor,Aktieselskab,24209784,3.241,45517000.0,DKK,2024.0,0,0,18,,1.0,0.0,0.0,0.0
OTM AVISTRYK A/S,"Industrivej 5, 7430 Ikast",Ikast-Brande,17.05.1993,Ikke oplyst,Ikke oplyst,Aktieselskab,17014870,1.065,11446000.0,DKK,2024.0,0,0,18,1.0,1.0,0.0,0.0,0.0
Grafisk ID A/S,"Virkevangen 12, 8960 Randers SØ",Randers,01.10.1994,11.0,Lille,Aktieselskab,18064731,1.0,1250000.0,DKK,2023.0,0,0,18,1.0,0.0,0.0,0.0,0.0
Brand it all aps,"Birkegårdsvej 1, 7400 Herning",Herning,06.05.2020,1.0,Mikro,Anpartsselskab,41341378,40.0,166000.0,DKK,2023.0,0,0,18,1.0,0.0,0.0,0.0,0.0
EDITION WILHELM HANSEN A/S,"Bornholmsgade 1 A 1, 1266 København K",København,24.09.1984,11.0,Lille,Aktieselskab,75450915,9.5,10679000.0,DKK,2023.0,0,0,18,,0.0,1.0,0.0,0.0
Vieta ApS,"Kanefarten 10, 5270 Odense N",Odense,09.06.2021,1.0,Mikro,Anpartsselskab,42451622,40.0,77000.0,DKK,2023.0,0,0,18,,1.0,0.0,0.0,0.0
GN DESIGN ApS,"Landevejen 176, 5883 Oure",Svendborg,13.06.2014,Ikke oplyst,Ikke oplyst,Anpartsselskab,32350038,51.0,,nan,2024.0,0,0,18,1.0,0.0,0.0,0.0,0.0
Art by Nina P ApS,"Hobrovej 7, 8830 Tjele",Viborg,19.08.2023,Ikke oplyst,Ikke oplyst,Anpartsselskab,44255286,40.0,15000.0,DKK,2023.0,0,0,18,1.0,0.0,0.0,0.0,0.0
STRANDBERGS FORLAG A/S,"Ordrupvej 179, 2920 Charlottenlund",Gentofte,19.06.1973,Ikke oplyst,Ikke oplyst,Aktieselskab,45215911,520.0,-63000.0,DKK,2024.0,0,0,18,1.0,1.0,0.0,0.0,0.0
P.H. 2000 ApS,"Rytterskolevej 10, 7080 Børkop",Vejle,06.05.1999,7.0,Mikro,Anpartsselskab,21690139,125.0,1871000.0,DKK,2023.0,0,0,18,1.0,0.0,0.0,0.0,0.0
JP/POLITIKENS HUS A/S,"Mediebyen 3, 8000 Aarhus C",Århus,12.12.2002,1346.0,Stor,Aktieselskab,26933676,50.0,841500000.0,DKK,2023.0,0,0,18,,0.0,0.0,0.0,1.0
SØREN POULSEN DAN GRAFIA ApS,"Baldersbækvej 43, 2635 Ishøj",Ishøj,16.04.1984,3.0,Mikro,Anpartsselskab,73680611,200.0,1040000.0,DKK,2024.0,0,0,18,1.0,0.0,0.0,0.0,0.0
L.M. Sign ApS,"Grundtvigs Alle 159, 6400 Sønderborg",Sønderborg,29.06.1990,12.0,Lille,Anpartsselskab,14374094,125.0,4010000.0,DKK,2024.0,0,0,18,1.0,0.0,0.0,0.0,0.0
MV TRYK ApS,"Værkstedsvej 34, 5500 Middelfart",Middelfart,02.01.1997,4.0,Mikro,Anpartsselskab,19728331,40.0,1063000.0,DKK,2024.0,0,0,18,1.0,0.0,0.0,0.0,0.0
BORNERUPS BOGTRYK OG OFFSET A/S,"Ringvej 2, 7700 Thisted",Thisted,29.09.1950,2.0,Mikro,Aktieselskab,39232014,600.0,56000.0,DKK,2024.0,0,0,18,1.0,0.0,0.0,0.0,0.0
Bubblegum Studio ApS,"Grævlingens Kvarter 13, 2750 Ballerup",Ballerup,02.05.2022,Ikke oplyst,Ikke oplyst,Anpartsselskab,43234374,60.0,-15000.0,DKK,2023.0,0,0,18,,1.0,0.0,0.0,0.0
AR SKILTE ApS,"Sandagervej 22, 7400 Herning",Herning,27.06.2002,15.0,Lille,Anpartsselskab,26719534,125.0,7370000.0,DKK,2023.0,0,0,18,1.0,0.0,0.0,0.0,0.0
DANATEX A/S,"Holmensvej 6, 3600 Frederikssund",Frederikssund,24.11.1980,6.0,Mikro,Aktieselskab,80638116,500.0,3983000.0,DKK,2023.0,0,0,18,,1.0,0.0,0.0,0.0
HELLBRANDT A/S,"Arnold Nielsens Boulevard 72-74, 2650 Hvidovre",Hvidovre,03.05.1982,11.0,Lille,Aktieselskab,71109712,500.0,5042000.0,DKK,2024.0,0,0,18,1.0,0.0,0.0,0.0,0.0
Krabbe Skilte ApS,"Høgevej 8, 6705 Esbjerg Ø",Esbjerg,07.04.2021,6.0,Mikro,Anpartsselskab,42279064,50.0,2266000.0,DKK,2024.0,0,0,18,1.0,0.0,0.0,0.0,0.0
SOS Racing Parts ApS,"Lillehøjvej 25, 8600 Silkeborg",Silkeborg,12.01.2011,8.0,Mikro,Anpartsselskab,33386923,80.0,1006000.0,DKK,2023.0,0,0,18,1.0,0.0,0.0,0.0,0.0
MAZAFAKA MEDIA ApS,"Kildebækken 20, 3660 Stenløse",Egedal,09.10.2001,Ikke oplyst,Ikke oplyst,Anpartsselskab,26271185,125.0,-11000.0,DKK,2023.0,0,0,18,1.0,0.0,0.0,0.0,0.0
KØGE KOPICENTER A/S,"Københavnsvej 72-74, 4600 Køge",Køge,01.07.1988,4.0,Mikro,Aktieselskab,12246536,500.0,2680000.0,DKK,2023.0,0,0,18,1.0,0.0,0.0,0.0,0.0
Centrum Bogbinderi A/S,"Agerskellet 36, 8920 Randers NV",Randers,08.12.2017,25.0,Lille,Aktieselskab,39147548,500.0,11931000.0,DKK,2023.0,0,0,18,,0.0,0.0,1.0,0.0
LUNDGREEN GRAFISK A/S,"Juelsgade 15, 7130 Juelsminde",Hedensted,18.06.1998,3.0,Mikro,Aktieselskab,21064238,1.0,1319000.0,DKK,2024.0,0,0,18,1.0,0.0,0.0,0.0,0.0
